timestamp,node_id,gps_lat,gps_lon,pH,turbidity_NTU,dissolved_oxygen_mg_L,flow_rate_Lps,anomaly_type
2026-01-01 00:00:00,NODE_01,41.857097,-87.623471,9.066628053764038,4.055421250793916,4.021112238917288,26.436141872423313,contamination
2026-01-01 00:15:00,NODE_01,41.857097,-87.623471,6.39908051004593,2.6205380227279225,5.821345517208518,26.851406727201073,contamination
2026-01-01 00:30:00,NODE_01,41.857097,-87.623471,6.657793590506106,3.868925701517684,3.2481463845730607,27.75556519857945,contamination
2026-01-01 00:45:00,NODE_01,41.857097,-87.623471,7.958871446046477,4.007902612509118,7.782409174432654,26.10087966835051,none
2026-01-01 01:00:00,NODE_01,41.857097,-87.623471,7.040244978430556,3.993409763685828,5.480143979793056,23.786232733930614,contamination
2026-01-01 01:15:00,NODE_01,41.857097,-87.623471,6.314077469750392,4.363865762503175,3.389789773607104,23.760383260693164,contamination
2026-01-01 01:30:00,NODE_01,41.857097,-87.623471,7.714312671631406,4.425133970460173,6.245039294599062,23.677561787856188,none
2026-01-01 01:45:00,NODE_01,41.857097,-87.623471,5.483974108801343,4.063613621049694,5.59964394524726,27.35785907145469,contamination
2026-01-01 02:00:00,NODE_01,41.857097,-87.623471,7.031684050645781,4.422182857407584,4.715427490821462,24.206090338668286,contamination
2026-01-01 02:15:00,NODE_01,41.857097,-87.623471,11.563169064627823,5.107236013970264,5.721599464681867,26.283251902496367,contamination
2026-01-01 02:30:00,NODE_01,41.857097,-87.623471,6.532097273862361,4.599324041143387,5.828951450448128,26.166555008695184,contamination
2026-01-01 02:45:00,NODE_01,41.857097,-87.623471,6.64884918609138,4.827527398066652,4.267153566552918,24.663724326237332,contamination
2026-01-01 03:00:00,NODE_01,41.857097,-87.623471,6.755145901551625,5.162729749397485,4.131940984218971,22.20194127652177,contamination
2026-01-01 03:15:00,NODE_01,41.857097,-87.623471,5.890870358820865,4.370776559745803,5.808963461907471,24.23852458413965,contamination
2026-01-01 03:30:00,NODE_01,41.857097,-87.623471,4.7053564957747,3.437450134017187,5.025420183449004,24.599851956435455,contamination
2026-01-01 03:45:00,NODE_01,41.857097,-87.623471,7.035455515887571,3.2316796925242075,3.348068044044508,26.296284476970502,contamination
2026-01-01 04:00:00,NODE_01,41.857097,-87.623471,5.28029229639521,3.835305907991308,6.4483087755548825,24.408589410266462,none
2026-01-01 04:15:00,NODE_01,41.857097,-87.623471,5.47098182179818,3.84401987082408,4.693887152991789,22.566494196678818,contamination
2026-01-01 04:30:00,NODE_01,41.857097,-87.623471,9.504157787679786,4.343041372691288,5.790512896315274,25.861267538713584,contamination
2026-01-01 04:45:00,NODE_01,41.857097,-87.623471,7.036752103833548,5.136779753078214,6.544894265636466,24.038090558369795,none
2026-01-01 05:00:00,NODE_01,41.857097,-87.623471,6.392927840114371,3.2713388593703145,6.907187220911767,20.56152821766122,none
2026-01-01 05:15:00,NODE_01,41.857097,-87.623471,6.013160966461117,3.455622540984072,3.4173475466732626,24.866879403981144,contamination
2026-01-01 05:30:00,NODE_01,41.857097,-87.623471,6.601407394510328,3.973576405808536,3.7626941512460865,25.13055948329634,contamination
2026-01-01 05:45:00,NODE_01,41.857097,-87.623471,5.191834327140628,3.859800939300224,8.55938451573071,23.114995252817344,none
2026-01-01 06:00:00,NODE_01,41.857097,-87.623471,9.519659984470318,3.99455613628636,3.548421709970701,24.09133384118139,contamination
2026-01-01 06:15:00,NODE_01,41.857097,-87.623471,6.729191489422883,5.112254250604552,8.797806622510931,25.36597808107695,none
2026-01-01 06:30:00,NODE_01,41.857097,-87.623471,10.386132934434618,4.9213406247862,3.388801953586326,24.87707974391945,contamination
2026-01-01 06:45:00,NODE_01,41.857097,-87.623471,7.035455515887571,4.699120987045171,5.028324694243233,22.035417116943528,contamination
2026-01-01 07:00:00,NODE_01,41.857097,-87.623471,7.035455515887571,3.941073832069612,5.831946916089629,26.259727791862076,contamination
2026-01-01 07:15:00,NODE_01,41.857097,-87.623471,7.721078493617457,3.223951089800068,8.565496034914418,26.938898471424,none
2026-01-01 07:30:00,NODE_01,41.857097,-87.623471,3.9613890465892574,4.09296589972163,4.4262198235502215,23.614126713068263,contamination
2026-01-01 07:45:00,NODE_01,41.857097,-87.623471,5.585116998353004,4.148342955341853,4.903019219133613,21.514595182732144,contamination
2026-01-01 08:00:00,NODE_01,41.857097,-87.623471,9.112786250314787,4.567087633865015,5.998398744646892,25.536071752320453,contamination
2026-01-01 08:15:00,NODE_01,41.857097,-87.623471,8.07980835815327,3.6110574411161216,3.3144241949927165,23.369763883348885,contamination
2026-01-01 08:30:00,NODE_01,41.857097,-87.623471,7.082300649174803,3.485577388223123,6.919327009650729,25.1825757347439,none
2026-01-01 08:45:00,NODE_01,41.857097,-87.623471,5.324941855611651,4.427137925692965,8.886638730347833,27.682658241966582,none
2026-01-01 09:00:00,NODE_01,41.857097,-87.623471,8.790851188948057,3.4802717553207825,5.5974604956670655,22.05994117333275,contamination
2026-01-01 09:15:00,NODE_01,41.857097,-87.623471,7.496510679592297,3.3634032575749067,4.427903193034968,23.18447122239754,contamination
2026-01-01 09:30:00,NODE_01,41.857097,-87.623471,6.776879087805668,3.322065006530626,3.3329325737554445,5.448202426331162,leak
2026-01-01 09:45:00,NODE_01,41.857097,-87.623471,7.035455515887571,3.860806603165301,4.903272435859751,26.31692008415444,contamination
2026-01-01 10:00:00,NODE_01,41.857097,-87.623471,6.528479452805517,4.0632764275187885,5.312341854791639,29.71282823644594,contamination
2026-01-01 10:15:00,NODE_01,41.857097,-87.623471,6.869638941459091,4.72670245351097,7.238034745137448,24.75003032276547,none
2026-01-01 10:30:00,NODE_01,41.857097,-87.623471,8.40876623110244,2.372791476751066,5.576870056261889,21.931068431029246,contamination
2026-01-01 10:45:00,NODE_01,41.857097,-87.623471,7.341547112170922,4.025643695758845,3.5580690000169968,23.861120480739192,contamination
2026-01-01 11:00:00,NODE_01,41.857097,-87.623471,6.552847474374976,4.687986155246704,6.074009863621462,23.217107312759047,none
2026-01-01 11:15:00,NODE_01,41.857097,-87.623471,7.035455515887571,4.742163225987996,4.24739250206235,25.46178075864471,contamination
2026-01-01 11:30:00,NODE_01,41.857097,-87.623471,7.036752103833548,3.895572062268123,6.662097224356005,24.944729597064423,none
2026-01-01 11:45:00,NODE_01,41.857097,-87.623471,3.3445885334830234,2.57514103097745,4.113484844357226,22.81668249010913,contamination
2026-01-01 12:00:00,NODE_01,41.857097,-87.623471,3.762097646306431,4.986069330213056,5.609289530045132,23.129174405745328,contamination
2026-01-01 12:15:00,NODE_01,41.857097,-87.623471,7.774468468846811,3.8910973336994905,8.401608315380244,23.83931670825452,none
2026-01-01 12:30:00,NODE_01,41.857097,-87.623471,7.665187780430904,2.7071291616855064,4.943139513188765,24.0203650770219,contamination
2026-01-01 12:45:00,NODE_01,41.857097,-87.623471,6.767523658273503,3.3002534975545297,7.905794962077243,24.316119167861658,none
2026-01-01 13:00:00,NODE_01,41.857097,-87.623471,7.035455515887571,4.600927568902867,5.262069104785147,24.45271236490765,contamination
2026-01-01 13:15:00,NODE_01,41.857097,-87.623471,5.72930291193782,3.5563948119631066,6.620393028132432,26.231678348717832,none
2026-01-01 13:30:00,NODE_01,41.857097,-87.623471,5.277875568290585,3.6326070323383215,8.775193669341165,23.785086024083864,none
2026-01-01 13:45:00,NODE_01,41.857097,-87.623471,8.177174973797975,3.325638985632972,7.098339353786254,23.56405228174615,none
2026-01-01 14:00:00,NODE_01,41.857097,-87.623471,7.71408935995488,3.1825828574638706,6.310910179442387,22.371241510781203,none
2026-01-01 14:15:00,NODE_01,41.857097,-87.623471,7.036752103833548,4.514174613415019,8.107216097598606,24.043613693189737,none
2026-01-01 14:30:00,NODE_01,41.857097,-87.623471,8.743958544661181,4.118973080180648,6.898373171802763,24.7636969114056,none
2026-01-01 14:45:00,NODE_01,41.857097,-87.623471,6.862936025532809,3.8060932559249823,3.156595887134915,21.793257999726258,contamination
2026-01-01 15:00:00,NODE_01,41.857097,-87.623471,9.32030544529501,4.20580973235456,5.046581641879831,23.865759652024167,contamination
2026-01-01 15:15:00,NODE_01,41.857097,-87.623471,7.15642449459831,2.958414711590032,8.574416775079964,26.119843736996092,none
2026-01-01 15:30:00,NODE_01,41.857097,-87.623471,7.036752103833548,3.490172614179791,7.223813455103523,25.35186160616784,none
2026-01-01 15:45:00,NODE_01,41.857097,-87.623471,6.273805781551276,4.5104053244440205,3.2560240094529744,24.939552301257216,contamination
2026-01-01 16:00:00,NODE_01,41.857097,-87.623471,7.036752103833548,2.9997023209082743,7.950339670257641,25.311220990577784,none
2026-01-01 16:15:00,NODE_01,41.857097,-87.623471,9.074922874454952,3.8404790099388846,5.0005999816527655,23.51884613728159,contamination
2026-01-01 16:30:00,NODE_01,41.857097,-87.623471,8.567043820038332,2.8049268236561344,5.469928289462153,23.319022863257082,contamination
2026-01-01 16:45:00,NODE_01,41.857097,-87.623471,7.159398310953257,3.254926496664732,5.346046004798902,26.287265713223263,contamination
2026-01-01 17:00:00,NODE_01,41.857097,-87.623471,6.785384060224329,4.677920641099911,7.899255379488715,25.62236161125334,none
2026-01-01 17:15:00,NODE_01,41.857097,-87.623471,6.664934584402665,4.502138213738983,3.2996004634085345,23.25999300966937,contamination
2026-01-01 17:30:00,NODE_01,41.857097,-87.623471,3.2616697873910208,4.280669331366605,5.0641333315080415,21.561316602599046,contamination
2026-01-01 17:45:00,NODE_01,41.857097,-87.623471,6.711814601241559,3.41364670316115,3.725666650662438,23.29112921939555,contamination
2026-01-01 18:00:00,NODE_01,41.857097,-87.623471,6.623613565745125,2.9151659507443948,5.73320610830215,25.194703883314894,contamination
2026-01-01 18:15:00,NODE_01,41.857097,-87.623471,4.168248461367502,2.804525051409483,8.532557687472245,23.392012328031182,none
2026-01-01 18:30:00,NODE_01,41.857097,-87.623471,4.443238899143103,3.268324835835596,5.128148901262173,24.874504258316797,contamination
2026-01-01 18:45:00,NODE_01,41.857097,-87.623471,4.328282515586857,3.7085258632452858,5.846537867493391,26.509058372964375,contamination
2026-01-01 19:00:00,NODE_01,41.857097,-87.623471,9.10733038346176,4.49213994862107,6.111339959886907,24.239861925426414,none
2026-01-01 19:15:00,NODE_01,41.857097,-87.623471,7.255798597493364,3.968177082539273,6.242009302173532,24.730342771593342,none
2026-01-01 19:30:00,NODE_01,41.857097,-87.623471,1.4317815547427415,4.948442555998784,3.990728338009216,25.406758326865376,contamination
2026-01-01 19:45:00,NODE_01,41.857097,-87.623471,7.678945067219358,3.08954964758435,8.06754423128255,22.75627615462472,none
2026-01-01 20:00:00,NODE_01,41.857097,-87.623471,7.163999222574383,3.3543222667273684,3.8000255899859328,23.219828704597948,contamination
2026-01-01 20:15:00,NODE_01,41.857097,-87.623471,4.931958445234491,5.045982883287057,6.646829295729134,25.468644281971347,none
2026-01-01 20:30:00,NODE_01,41.857097,-87.623471,8.746985976471965,4.7637305356972295,5.632941058952344,24.434853822939687,contamination
2026-01-01 20:45:00,NODE_01,41.857097,-87.623471,7.035455515887571,4.358298340908286,3.1249704551480475,24.56204045758017,contamination
2026-01-01 21:00:00,NODE_01,41.857097,-87.623471,5.412119544524241,5.680346586753336,7.626081208999139,24.429331283902048,none
2026-01-01 21:15:00,NODE_01,41.857097,-87.623471,7.8179012805146595,4.622667687389199,5.286927096065816,25.84684349555896,contamination
2026-01-01 21:30:00,NODE_01,41.857097,-87.623471,6.548017642485212,5.930227576581439,4.3647566685227615,25.032971502790538,contamination
2026-01-01 21:45:00,NODE_01,41.857097,-87.623471,7.036752103833548,3.957011709406519,8.822628802484127,25.052632678722244,none
2026-01-01 22:00:00,NODE_01,41.857097,-87.623471,7.035455515887571,3.873853349593973,3.65941604646957,26.212699778449686,contamination
2026-01-01 22:15:00,NODE_01,41.857097,-87.623471,7.035455515887571,3.855772963661712,3.394554800749134,26.78926332922806,contamination
2026-01-01 22:30:00,NODE_01,41.857097,-87.623471,6.152857802124513,4.403083393696855,5.571388679568846,27.7447901277681,contamination
2026-01-01 22:45:00,NODE_01,41.857097,-87.623471,7.628552723143854,4.182057147919716,8.894785804505478,23.510881999893115,none
2026-01-01 23:00:00,NODE_01,41.857097,-87.623471,9.68726002786018,3.085835467046804,3.229154834974368,28.08351366312896,contamination
2026-01-01 23:15:00,NODE_01,41.857097,-87.623471,3.678431807207628,4.480108576205011,4.147740970711906,22.73424312693325,contamination
2026-01-01 23:30:00,NODE_01,41.857097,-87.623471,7.035455515887571,4.013477061980527,4.10320095241533,27.282273646680714,contamination
2026-01-01 23:45:00,NODE_01,41.857097,-87.623471,5.287982807934926,3.3110340047208244,3.545217572128389,23.42846275407896,contamination
2026-01-02 00:00:00,NODE_01,41.857097,-87.623471,5.742110407437118,3.323069563743198,4.306522876416572,24.275992847808897,contamination
2026-01-02 00:15:00,NODE_01,41.857097,-87.623471,3.798391049424724,4.833507857483394,3.9962980961794092,24.407266459860487,contamination
2026-01-02 00:30:00,NODE_01,41.857097,-87.623471,4.78886106249815,2.8968521864425583,8.104090680931325,23.078946417374,none
2026-01-02 00:45:00,NODE_01,41.857097,-87.623471,5.433466238973562,2.871196030589475,6.043118855333333,24.509480542249968,none
2026-01-02 01:00:00,NODE_01,41.857097,-87.623471,6.574083863949985,4.977323507740182,3.669790156515589,23.156395377359562,contamination
2026-01-02 01:15:00,NODE_01,41.857097,-87.623471,7.481535362094441,4.262065436945668,7.798075761407408,22.526987399109977,none
2026-01-02 01:30:00,NODE_01,41.857097,-87.623471,8.41608681704654,4.9300838102540485,7.025023721455362,24.321317092576674,none
2026-01-02 01:45:00,NODE_01,41.857097,-87.623471,5.228506322285567,3.1888054730050284,4.704277537013602,26.764217877480426,contamination
2026-01-02 02:00:00,NODE_01,41.857097,-87.623471,5.303764336866174,4.024520850722231,8.709572072168356,23.998372933590563,none
2026-01-02 02:15:00,NODE_01,41.857097,-87.623471,6.709822000741922,1.6876245048272964,4.645146108586962,25.790933915177348,contamination
2026-01-02 02:30:00,NODE_01,41.857097,-87.623471,6.684699736748975,4.030659830632323,5.6377653445391545,23.110903103042297,contamination
2026-01-02 02:45:00,NODE_01,41.857097,-87.623471,7.035455515887571,3.794033112326824,5.026740275850779,22.454188436164227,contamination
2026-01-02 03:00:00,NODE_01,41.857097,-87.623471,8.524296362923824,4.343059523555191,4.6408897541141645,25.060192777549066,contamination
2026-01-02 03:15:00,NODE_01,41.857097,-87.623471,5.365192408000016,3.1807984567770435,5.4892893608629345,27.012821119768194,contamination
2026-01-02 03:30:00,NODE_01,41.857097,-87.623471,7.393977956767953,3.7827275813713945,4.818439694800439,24.692834220315756,contamination
2026-01-02 03:45:00,NODE_01,41.857097,-87.623471,2.9454690611226875,5.06998277048037,3.873432743355537,25.619373711921636,contamination
2026-01-02 04:00:00,NODE_01,41.857097,-87.623471,7.035455515887571,4.762871709109083,3.6212847545297135,26.62208915741074,contamination
2026-01-02 04:15:00,NODE_01,41.857097,-87.623471,7.606880475374772,4.564460391989159,7.609576825180344,24.32460701759281,none
2026-01-02 04:30:00,NODE_01,41.857097,-87.623471,10.90507641006552,3.7202643792172,8.579822142550228,5.462593141196737,leak
2026-01-02 04:45:00,NODE_01,41.857097,-87.623471,7.296572875466082,4.67916864329843,6.639105959529792,25.087535068061975,none
2026-01-02 05:00:00,NODE_01,41.857097,-87.623471,6.769834880813582,3.655789569066617,7.823335315820661,25.35443120129328,none
2026-01-02 05:15:00,NODE_01,41.857097,-87.623471,4.400509038627463,4.010809122979649,4.809875417144829,22.28093990909121,contamination
2026-01-02 05:30:00,NODE_01,41.857097,-87.623471,7.036752103833548,3.3082941798432275,7.929182980620089,24.82299098152215,none
2026-01-02 05:45:00,NODE_01,41.857097,-87.623471,7.146976296126542,4.025762215893221,8.287602113326605,24.37838042795123,none
2026-01-02 06:00:00,NODE_01,41.857097,-87.623471,7.274212566762742,4.710256299762649,7.7547926819361646,23.195124283450557,none
2026-01-02 06:15:00,NODE_01,41.857097,-87.623471,7.035455515887571,3.3999454918012777,4.746626279304694,5.490499337080927,leak
2026-01-02 06:30:00,NODE_01,41.857097,-87.623471,6.664003050003359,2.227727884059556,6.0940280065766,22.63141529432194,none
2026-01-02 06:45:00,NODE_01,41.857097,-87.623471,7.775049500982394,4.699482755916054,3.7174763333467293,22.1130109473055,contamination
2026-01-02 07:00:00,NODE_01,41.857097,-87.623471,8.596391179552715,3.519884366217547,7.866908937222078,24.47967491657757,none
2026-01-02 07:15:00,NODE_01,41.857097,-87.623471,7.035455515887571,4.411057599911063,4.952872005354218,25.73251807720939,contamination
2026-01-02 07:30:00,NODE_01,41.857097,-87.623471,9.49455872615755,3.631107121693928,4.933773524227031,23.858466434885987,contamination
2026-01-02 07:45:00,NODE_01,41.857097,-87.623471,5.0977862263181,4.829323363639572,4.683880628845208,22.93830864640451,contamination
2026-01-02 08:00:00,NODE_01,41.857097,-87.623471,6.658741558086449,3.400987615145624,8.599353189747124,23.171454363734025,none
2026-01-02 08:15:00,NODE_01,41.857097,-87.623471,9.850054687400435,4.521836126865956,7.562646535342533,25.202819318765854,none
2026-01-02 08:30:00,NODE_01,41.857097,-87.623471,3.4264503676355647,5.978053939752291,8.007797387530973,26.88048036902992,none
2026-01-02 08:45:00,NODE_01,41.857097,-87.623471,9.106916914695542,4.186726398762156,4.859203714299268,25.535086829256972,contamination
2026-01-02 09:00:00,NODE_01,41.857097,-87.623471,6.887414371129534,4.564188355184362,6.782025473221781,26.33059039098886,none
2026-01-02 09:15:00,NODE_01,41.857097,-87.623471,7.033945358536714,3.931730862730215,6.890687022804129,22.807966995460774,none
2026-01-02 09:30:00,NODE_01,41.857097,-87.623471,10.33127327592513,2.67344087146352,3.94544111739766,24.268507667013818,contamination
2026-01-02 09:45:00,NODE_01,41.857097,-87.623471,6.014539831399093,2.6860687411094224,3.8287119749254592,25.907438817752638,contamination
2026-01-02 10:00:00,NODE_01,41.857097,-87.623471,7.035455515887571,4.142386058756017,5.944959971557344,22.280636170275177,contamination
2026-01-02 10:15:00,NODE_01,41.857097,-87.623471,5.455599351643056,4.4763487151197605,4.58179554274577,23.391842721676408,contamination
2026-01-02 10:30:00,NODE_01,41.857097,-87.623471,6.53936951037342,4.527364378116469,5.719262891743311,25.792431277678325,contamination
2026-01-02 10:45:00,NODE_01,41.857097,-87.623471,6.988206154718959,1.8996830017290975,3.4916430713414464,24.76704119829855,contamination
2026-01-02 11:00:00,NODE_01,41.857097,-87.623471,5.6664461454272965,3.836823301450685,6.305675261914659,22.931736143692,none
2026-01-02 11:15:00,NODE_01,41.857097,-87.623471,3.681076270548827,3.8930704029978314,6.047760801788396,21.933170431305662,none
2026-01-02 11:30:00,NODE_01,41.857097,-87.623471,6.985303737450439,3.0817990077044746,7.8485488956377925,26.385375314163536,none
2026-01-02 11:45:00,NODE_01,41.857097,-87.623471,7.273368228315567,4.196421036326544,8.882488251240565,21.299325966804645,none
2026-01-02 12:00:00,NODE_01,41.857097,-87.623471,10.041027974912506,3.8075626058306695,8.70860407029645,25.32799531057148,none
2026-01-02 12:15:00,NODE_01,41.857097,-87.623471,6.871607245014967,4.180389311503939,4.616439027118857,23.57983588903598,contamination
2026-01-02 12:30:00,NODE_01,41.857097,-87.623471,7.035455515887571,4.775120946563509,3.1818867781994045,25.950005016661052,contamination
2026-01-02 12:45:00,NODE_01,41.857097,-87.623471,6.096179889884819,5.142471131650314,5.06999921192683,22.81618009240267,contamination
2026-01-02 13:00:00,NODE_01,41.857097,-87.623471,6.428866313188399,4.184783371809045,6.960170180655873,28.30160094515868,none
2026-01-02 13:15:00,NODE_01,41.857097,-87.623471,5.667650646643197,3.633213756490487,8.289450173236684,24.982850825648597,none
2026-01-02 13:30:00,NODE_01,41.857097,-87.623471,5.938321178779362,3.889500039861415,8.406747537705343,25.23000637029441,none
2026-01-02 13:45:00,NODE_01,41.857097,-87.623471,7.036752103833548,3.691946509639444,7.155318368969761,23.21983176195076,none
2026-01-02 14:00:00,NODE_01,41.857097,-87.623471,7.783305612895872,5.045619628382069,3.1336914703460375,24.179332040817787,contamination
2026-01-02 14:15:00,NODE_01,41.857097,-87.623471,8.839583902216155,3.1180394543789456,4.246926560057717,24.218228932981756,contamination
2026-01-02 14:30:00,NODE_01,41.857097,-87.623471,6.139493740895693,3.260906852708671,6.867410155256283,27.07350503599355,none
2026-01-02 14:45:00,NODE_01,41.857097,-87.623471,9.032660579144682,4.927218272272612,7.35385553153292,24.980267699257706,none
2026-01-02 15:00:00,NODE_01,41.857097,-87.623471,5.152203721876962,4.689842817950895,4.06280329452314,25.195147101720885,contamination
2026-01-02 15:15:00,NODE_01,41.857097,-87.623471,8.176079615301635,4.11232245771067,5.847213588944532,25.178375856838823,contamination
2026-01-02 15:30:00,NODE_01,41.857097,-87.623471,6.283318586962638,4.153989991461673,8.5595274367734,25.32231889074292,none
2026-01-02 15:45:00,NODE_01,41.857097,-87.623471,6.016889135653399,4.422269232921709,7.74396305917516,22.295222277501843,none
2026-01-02 16:00:00,NODE_01,41.857097,-87.623471,7.344975869046369,3.418763194643632,5.785980861044649,27.453304704171096,contamination
2026-01-02 16:15:00,NODE_01,41.857097,-87.623471,4.291687729728828,4.61608855445448,6.575013956490823,23.063169683823585,none
2026-01-02 16:30:00,NODE_01,41.857097,-87.623471,9.900814840038256,2.3950021100616565,7.423633050475669,24.321796038612394,none
2026-01-02 16:45:00,NODE_01,41.857097,-87.623471,5.860574154812488,4.277241101939487,7.0844614494654365,26.676626888398467,none
2026-01-02 17:00:00,NODE_01,41.857097,-87.623471,8.860450853927205,4.677713326887139,7.076181058638296,27.281340487222067,none
2026-01-02 17:15:00,NODE_01,41.857097,-87.623471,10.695532491586295,4.154845327510767,4.682623390087853,25.588333661713236,contamination
2026-01-02 17:30:00,NODE_01,41.857097,-87.623471,9.953952111556116,4.052905069433097,5.59188474220503,23.622360507497707,contamination
2026-01-02 17:45:00,NODE_01,41.857097,-87.623471,7.035455515887571,3.837256627123341,4.444000129606994,24.571004371532474,contamination
2026-01-02 18:00:00,NODE_01,41.857097,-87.623471,4.964070341569739,4.76170080448234,5.69302401803387,24.629853460777806,contamination
2026-01-02 18:15:00,NODE_01,41.857097,-87.623471,5.766204133561628,4.472018169722266,5.023046937070407,24.682988228079726,contamination
2026-01-02 18:30:00,NODE_01,41.857097,-87.623471,6.381719579700289,4.657694981516447,3.410997189161014,22.53432300099733,contamination
2026-01-02 18:45:00,NODE_01,41.857097,-87.623471,4.570854412606884,4.484185987055187,5.984944107975279,26.269566840709256,contamination
2026-01-02 19:00:00,NODE_01,41.857097,-87.623471,8.52714249773106,2.649423905095601,4.581697982261738,24.581286006022694,contamination
2026-01-02 19:15:00,NODE_01,41.857097,-87.623471,6.9642259425787305,3.9904375721644056,7.763706974684443,23.296074388691114,none
2026-01-02 19:30:00,NODE_01,41.857097,-87.623471,7.036752103833548,4.30405163167599,8.80362073686558,23.631812910494865,none
2026-01-02 19:45:00,NODE_01,41.857097,-87.623471,3.657123132566738,3.3146297303616934,8.178183978187423,24.784177595379095,none
2026-01-02 20:00:00,NODE_01,41.857097,-87.623471,9.96124770904986,3.24658309722844,8.753317957483318,22.275042567778417,none
2026-01-02 20:15:00,NODE_01,41.857097,-87.623471,4.745764371481156,3.6991462587291006,4.494708001497819,25.69705515636496,contamination
2026-01-02 20:30:00,NODE_01,41.857097,-87.623471,4.487517479010939,2.7657222477016736,4.220022209995749,24.73149799573064,contamination
2026-01-02 20:45:00,NODE_01,41.857097,-87.623471,7.036752103833548,3.356977981613418,7.583286196009343,26.727936967655165,none
2026-01-02 21:00:00,NODE_01,41.857097,-87.623471,6.04738085652663,2.216729691055614,4.56761915019616,24.495778123817882,contamination
2026-01-02 21:15:00,NODE_01,41.857097,-87.623471,7.104594898620113,4.76305799060742,3.6573524384098155,22.7515006324377,contamination
2026-01-02 21:30:00,NODE_01,41.857097,-87.623471,7.808012211560277,4.165549905534822,8.319503075240878,22.58269775730002,none
2026-01-02 21:45:00,NODE_01,41.857097,-87.623471,7.078361074110981,3.263464731173011,6.318797714377188,23.793344121247383,none
2026-01-02 22:00:00,NODE_01,41.857097,-87.623471,5.32381558430839,2.8807218458729342,3.528286413991784,23.95204539218373,contamination
2026-01-02 22:15:00,NODE_01,41.857097,-87.623471,7.035455515887571,4.5593366423943165,3.641871116064711,23.528509970129655,contamination
2026-01-02 22:30:00,NODE_01,41.857097,-87.623471,6.582764203677888,3.668879696635321,3.0390887032712515,24.57212334149368,contamination
2026-01-02 22:45:00,NODE_01,41.857097,-87.623471,8.522567732718088,3.358284404886048,3.0425701481873015,23.49043700128751,contamination
2026-01-02 23:00:00,NODE_01,41.857097,-87.623471,6.96820896010586,3.632643889529804,5.488174880875538,24.760711383752383,contamination
2026-01-02 23:15:00,NODE_01,41.857097,-87.623471,6.919726155212071,4.120827880347175,8.631929208579107,23.598429918613622,none
2026-01-02 23:30:00,NODE_01,41.857097,-87.623471,2.376768075959951,3.6292177681489743,4.065123169355875,25.32695810371788,contamination
2026-01-02 23:45:00,NODE_01,41.857097,-87.623471,6.854946858787279,4.938999307033027,5.094933471682719,23.91425435205079,contamination
2026-01-03 00:00:00,NODE_01,41.857097,-87.623471,7.035455515887571,4.316063250218271,4.1856177789299105,26.248712550517173,contamination
2026-01-03 00:15:00,NODE_01,41.857097,-87.623471,4.945694700087746,3.782517460306926,8.017085573796583,25.357844591800504,none
2026-01-03 00:30:00,NODE_01,41.857097,-87.623471,5.3866379619568105,4.32090017506474,5.901158044278104,24.669780551833583,contamination
2026-01-03 00:45:00,NODE_01,41.857097,-87.623471,7.371914155906743,4.338957325879694,6.83433650266141,24.06788664215616,none
2026-01-03 01:00:00,NODE_01,41.857097,-87.623471,9.658661976447796,4.6393865551816,5.562665719022604,22.100887954123092,contamination
2026-01-03 01:15:00,NODE_01,41.857097,-87.623471,6.584839333204741,3.919954569326576,5.319267125092399,26.49972664912691,contamination
2026-01-03 01:30:00,NODE_01,41.857097,-87.623471,8.131375233569006,3.5428107484612554,3.929999811515368,23.358236924490075,contamination
2026-01-03 01:45:00,NODE_01,41.857097,-87.623471,4.825591458154621,3.46309715357363,8.19303104741845,24.515500743719354,none
2026-01-03 02:00:00,NODE_01,41.857097,-87.623471,6.504112779748324,5.396623142289246,6.229867205976608,24.89510902741985,none
2026-01-03 02:15:00,NODE_01,41.857097,-87.623471,6.884981084419804,4.584319179768512,7.992099099333952,24.104135202748935,none
2026-01-03 02:30:00,NODE_01,41.857097,-87.623471,7.3560567780554384,4.549916839518295,6.71268004370331,26.411304123653068,none
2026-01-03 02:45:00,NODE_01,41.857097,-87.623471,5.655117422470192,4.401152242426085,5.290737206599718,22.547346166002907,contamination
2026-01-03 03:00:00,NODE_01,41.857097,-87.623471,7.83336100102891,4.27097313834306,6.858269766093782,26.980304752597032,none
2026-01-03 03:15:00,NODE_01,41.857097,-87.623471,7.30955640748172,3.707413724281805,4.80919291851155,25.3867388783785,contamination
2026-01-03 03:30:00,NODE_01,41.857097,-87.623471,6.153495923977116,4.819970457896787,5.506223492526377,24.00977166186432,contamination
2026-01-03 03:45:00,NODE_01,41.857097,-87.623471,6.455004797496717,2.2934314064128625,5.3532625740102535,24.026557551219092,contamination
2026-01-03 04:00:00,NODE_01,41.857097,-87.623471,8.128270069244824,4.6787421658436426,7.750278645432273,21.054170286260263,none
2026-01-03 04:15:00,NODE_01,41.857097,-87.623471,8.659113026830287,2.89577427975715,7.387830909770935,23.107053386863875,none
2026-01-03 04:30:00,NODE_01,41.857097,-87.623471,8.151248961954652,2.7998833209288145,8.454901528318146,23.84854690959646,none
2026-01-03 04:45:00,NODE_01,41.857097,-87.623471,5.152739798697215,3.842625171191581,3.138170202569869,24.64356000616239,contamination
2026-01-03 05:00:00,NODE_01,41.857097,-87.623471,7.036752103833548,3.210752658318472,6.550692342650798,26.268774408794364,none
2026-01-03 05:15:00,NODE_01,41.857097,-87.623471,6.448191031909269,3.932210320679033,3.5336643721470704,27.435720979359452,contamination
2026-01-03 05:30:00,NODE_01,41.857097,-87.623471,2.690831240408815,4.650033779162522,4.544050851364316,24.787803190319885,contamination
2026-01-03 05:45:00,NODE_01,41.857097,-87.623471,7.035455515887571,4.725347454549987,5.424826318667813,24.687816510330475,contamination
2026-01-03 06:00:00,NODE_01,41.857097,-87.623471,7.035455515887571,3.355164642176155,3.7614632344700847,23.643874890848224,contamination
2026-01-03 06:15:00,NODE_01,41.857097,-87.623471,8.247958056143684,4.723230705859027,6.8025810907450275,21.80675232713172,none
2026-01-03 06:30:00,NODE_01,41.857097,-87.623471,5.941942536401314,4.302179284726438,7.55762092381038,23.4707227528082,none
2026-01-03 06:45:00,NODE_01,41.857097,-87.623471,9.91871706385417,3.385508443856719,5.683928392732904,24.07115092249699,contamination
2026-01-03 07:00:00,NODE_01,41.857097,-87.623471,5.782079033854955,5.059361568255062,6.370699462204729,25.842494173113767,none
2026-01-03 07:15:00,NODE_01,41.857097,-87.623471,4.483402760935388,2.203840523502365,5.704149289925805,25.158674339488947,contamination
2026-01-03 07:30:00,NODE_01,41.857097,-87.623471,6.932085030049922,4.433285887697208,7.749828591417289,24.711720377967616,none
2026-01-03 07:45:00,NODE_01,41.857097,-87.623471,5.976769618087598,2.9946710955082176,5.970259128202446,23.508202401882148,contamination
2026-01-03 08:00:00,NODE_01,41.857097,-87.623471,4.563370643484322,4.825179225576871,5.864540979115404,21.40622741854983,contamination
2026-01-03 08:15:00,NODE_01,41.857097,-87.623471,5.271971377729756,4.119436474929048,4.48402556877385,21.496768469017045,contamination
2026-01-03 08:30:00,NODE_01,41.857097,-87.623471,7.035455515887571,3.9167455268933375,4.538160743437885,21.883797841703007,contamination
2026-01-03 08:45:00,NODE_01,41.857097,-87.623471,8.214099764451955,3.3818639095118863,4.444648020827563,23.94139252780895,contamination
2026-01-03 09:00:00,NODE_01,41.857097,-87.623471,6.769572868656792,5.220540269610252,4.906330936978568,25.87046919869301,contamination
2026-01-03 09:15:00,NODE_01,41.857097,-87.623471,6.707108205835426,2.640246412985256,7.360718428845525,25.83000089705735,none
2026-01-03 09:30:00,NODE_01,41.857097,-87.623471,7.80963189801941,2.447444463910633,3.0978538450246997,25.56997618523218,contamination
2026-01-03 09:45:00,NODE_01,41.857097,-87.623471,9.619456625659463,3.1731997673200087,3.1731087852476967,23.606759316838968,contamination
2026-01-03 10:00:00,NODE_01,41.857097,-87.623471,6.660212026118103,3.7497012410996176,4.333096047724544,26.095797291291692,contamination
2026-01-03 10:15:00,NODE_01,41.857097,-87.623471,7.95387811515525,2.860223970222824,3.82664381765845,22.98279667768126,contamination
2026-01-03 10:30:00,NODE_01,41.857097,-87.623471,8.28112065517672,3.6879950644168336,4.866118687112982,25.65949270040434,contamination
2026-01-03 10:45:00,NODE_01,41.857097,-87.623471,7.035455515887571,3.2577441805128595,5.977326868124337,21.867538062433944,contamination
2026-01-03 11:00:00,NODE_01,41.857097,-87.623471,5.404510674147487,3.9981758863091033,4.158969519229398,22.6137341762852,contamination
2026-01-03 11:15:00,NODE_01,41.857097,-87.623471,6.336267097401388,3.7457248858316174,4.72152376231354,26.85832513357187,contamination
2026-01-03 11:30:00,NODE_01,41.857097,-87.623471,8.018771948965188,4.356279098148036,4.246811687722007,24.07365062137222,contamination
2026-01-03 11:45:00,NODE_01,41.857097,-87.623471,6.957802749302861,4.587745468810144,5.541815003165578,23.35794775299135,contamination
2026-01-03 12:00:00,NODE_01,41.857097,-87.623471,8.014183072060874,3.4170761989488176,6.345467362208611,26.033540605114506,none
2026-01-03 12:15:00,NODE_01,41.857097,-87.623471,7.9373922001148784,4.270851150129203,5.63206683661578,26.205459977451934,contamination
2026-01-03 12:30:00,NODE_01,41.857097,-87.623471,8.935115926023162,5.168297807945807,5.923116716037773,23.729481329967193,contamination
2026-01-03 12:45:00,NODE_01,41.857097,-87.623471,5.606315225526715,3.7487405069440447,3.082557555421246,24.79709772152923,contamination
2026-01-03 13:00:00,NODE_01,41.857097,-87.623471,10.577930500044534,3.051607724265514,5.519448486436593,24.58476368022674,contamination
2026-01-03 13:15:00,NODE_01,41.857097,-87.623471,6.559627885261048,3.664463030864346,5.2553165191172795,20.138750381021026,contamination
2026-01-03 13:30:00,NODE_01,41.857097,-87.623471,6.261110580253398,4.753018575157605,3.6860832282010945,22.285612423970434,contamination
2026-01-03 13:45:00,NODE_01,41.857097,-87.623471,8.3503510398453,3.507227581181632,5.868960280162582,25.79278416338914,contamination
2026-01-03 14:00:00,NODE_01,41.857097,-87.623471,9.049166054297842,2.8140006830459026,3.4445337846898365,23.1304961685519,contamination
2026-01-03 14:15:00,NODE_01,41.857097,-87.623471,4.562156482672166,4.822883763716862,5.038649781401725,25.17415938621362,contamination
2026-01-03 14:30:00,NODE_01,41.857097,-87.623471,6.4493794387538665,3.715428750090735,3.6746706504477373,24.773963219134327,contamination
2026-01-03 14:45:00,NODE_01,41.857097,-87.623471,4.886379803626396,3.227849086219344,8.548393289785666,26.202551697307847,none
2026-01-03 15:00:00,NODE_01,41.857097,-87.623471,5.848667070247964,4.874534245985106,5.157479690833707,22.333715309504242,contamination
2026-01-03 15:15:00,NODE_01,41.857097,-87.623471,5.915806749510903,4.513200539470004,4.68997392609914,24.970711303557906,contamination
2026-01-03 15:30:00,NODE_01,41.857097,-87.623471,7.266781485544794,3.9198270449578096,8.943292873540528,24.28128085491286,none
2026-01-03 15:45:00,NODE_01,41.857097,-87.623471,6.514415093251676,5.200885076539757,3.9790152927959617,23.194741031103604,contamination
2026-01-03 16:00:00,NODE_01,41.857097,-87.623471,7.185276448818911,2.9591538231075867,6.3540180798581245,23.18420792669717,none
2026-01-03 16:15:00,NODE_01,41.857097,-87.623471,6.891549222025178,4.958936840904343,3.4314430509444414,24.720623863354522,contamination
2026-01-03 16:30:00,NODE_01,41.857097,-87.623471,8.57673992840484,3.9161147325276127,4.290308629589401,25.323907798693714,contamination
2026-01-03 16:45:00,NODE_01,41.857097,-87.623471,6.966835167879632,2.9574410713545625,5.711272715325427,24.474796965932466,contamination
2026-01-03 17:00:00,NODE_01,41.857097,-87.623471,6.044513029512341,5.127778325324405,5.537548651379903,24.521473919901943,contamination
2026-01-03 17:15:00,NODE_01,41.857097,-87.623471,6.528490775347884,4.585971676210264,8.980734518457655,23.63166093606199,none
2026-01-03 17:30:00,NODE_01,41.857097,-87.623471,7.463915951229467,5.0758436044594175,6.524651808584588,23.73112381654144,none
2026-01-03 17:45:00,NODE_01,41.857097,-87.623471,6.967270763874334,3.2724707390406103,5.469482492126578,23.190697004579178,contamination
2026-01-03 18:00:00,NODE_01,41.857097,-87.623471,7.035455515887571,4.589161805096586,5.666662272010889,23.601500064573482,contamination
2026-01-03 18:15:00,NODE_01,41.857097,-87.623471,6.989813770294979,4.808582691098531,4.6335173071476845,25.27141592986852,contamination
2026-01-03 18:30:00,NODE_01,41.857097,-87.623471,7.031839173708415,2.725564949076888,7.516061004713478,25.4390109787668,none
2026-01-03 18:45:00,NODE_01,41.857097,-87.623471,3.629922064880713,4.754826393219847,8.03991513026813,22.465589118406818,none
2026-01-03 19:00:00,NODE_01,41.857097,-87.623471,7.035455515887571,4.018446538686602,3.887084022124813,23.034747529193627,contamination
2026-01-03 19:15:00,NODE_01,41.857097,-87.623471,10.227689694262509,4.786329820343955,4.781407442428847,23.31380550661224,contamination
2026-01-03 19:30:00,NODE_01,41.857097,-87.623471,5.343075102966485,4.240031707717554,3.098428872385825,24.283347249466402,contamination
2026-01-03 19:45:00,NODE_01,41.857097,-87.623471,6.652824347726776,3.661529274018269,4.908127406339904,21.85467333306142,contamination
2026-01-03 20:00:00,NODE_01,41.857097,-87.623471,7.035455515887571,3.216414002404394,4.093062715284696,23.061041970508516,contamination
2026-01-03 20:15:00,NODE_01,41.857097,-87.623471,7.53928739507425,5.427372664623769,8.769521965857795,22.301030272582917,none
2026-01-03 20:30:00,NODE_01,41.857097,-87.623471,6.957433637931853,4.892050440191023,6.0475555266956285,24.9801257434312,none
2026-01-03 20:45:00,NODE_01,41.857097,-87.623471,8.07261240298569,5.082206246764563,4.380007186742397,24.33489012861763,contamination
2026-01-03 21:00:00,NODE_01,41.857097,-87.623471,6.124672270969831,3.631006709381833,3.2851591365980783,23.68558125395247,contamination
2026-01-03 21:15:00,NODE_01,41.857097,-87.623471,7.348844511550613,4.880875156180851,5.480240304078741,22.784486620963992,contamination
2026-01-03 21:30:00,NODE_01,41.857097,-87.623471,6.227826794815905,4.007347485187138,7.350192511247275,23.708757865182232,none
2026-01-03 21:45:00,NODE_01,41.857097,-87.623471,8.89958837829117,3.9286137101792655,5.18024767250459,23.532364368479143,contamination
2026-01-03 22:00:00,NODE_01,41.857097,-87.623471,8.373170925244922,2.786329667144387,5.3217186653119954,26.831402370895834,contamination
2026-01-03 22:15:00,NODE_01,41.857097,-87.623471,5.669689566349437,3.5921334240895173,4.057807817786575,25.874932109488682,contamination
2026-01-03 22:30:00,NODE_01,41.857097,-87.623471,8.675192691679182,4.978575359632432,5.47436356883336,23.343340653222647,contamination
2026-01-03 22:45:00,NODE_01,41.857097,-87.623471,7.036752103833548,4.052367137670618,7.379945009034302,24.627195553544713,none
2026-01-03 23:00:00,NODE_01,41.857097,-87.623471,7.036752103833548,3.787475537347365,6.838018455829679,25.79571551199502,none
2026-01-03 23:15:00,NODE_01,41.857097,-87.623471,7.035455515887571,2.364558911796688,3.1362098444060775,23.342881261171595,contamination
2026-01-03 23:30:00,NODE_01,41.857097,-87.623471,8.026773255939636,3.735983475553888,3.8700875809467177,22.25373643065612,contamination
2026-01-03 23:45:00,NODE_01,41.857097,-87.623471,7.393110152584626,4.431739047145852,8.656678330756893,21.68411476071709,none
2026-01-04 00:00:00,NODE_01,41.857097,-87.623471,7.035455515887571,4.444350199227698,4.1754718898505,26.287802921987936,contamination
2026-01-04 00:15:00,NODE_01,41.857097,-87.623471,6.635894308187562,4.523236865678159,8.647227559331366,24.09280896991115,none
2026-01-04 00:30:00,NODE_01,41.857097,-87.623471,6.207432967614718,3.549298841293145,4.596065036952755,24.816390391428076,contamination
2026-01-04 00:45:00,NODE_01,41.857097,-87.623471,4.965773559644967,3.4217668494012576,4.77129326946808,23.518046479137436,contamination
2026-01-04 01:00:00,NODE_01,41.857097,-87.623471,6.624806427804383,2.8409107556338893,3.183992866929848,22.4775541643815,contamination
2026-01-04 01:15:00,NODE_01,41.857097,-87.623471,7.096098311427181,4.569760035565905,4.086528764396185,22.75745130485738,contamination
2026-01-04 01:30:00,NODE_01,41.857097,-87.623471,7.617014108815567,3.800552599356129,7.49732597432282,22.367850353677113,none
2026-01-04 01:45:00,NODE_01,41.857097,-87.623471,4.103867855230838,3.8088506940726377,3.6016807532189485,25.65439416381934,contamination
2026-01-04 02:00:00,NODE_01,41.857097,-87.623471,6.921257043340869,3.5403842778756958,7.168548077836226,26.618244279614103,none
2026-01-04 02:15:00,NODE_01,41.857097,-87.623471,7.035455515887571,5.026270726028191,3.030271820067074,24.43526848582856,contamination
2026-01-04 02:30:00,NODE_01,41.857097,-87.623471,6.917858355091138,5.544167317192912,6.047087716788839,22.102703902315426,none
2026-01-04 02:45:00,NODE_01,41.857097,-87.623471,5.913755319868532,4.023775901625008,7.08029889234634,25.124278828369437,none
2026-01-04 03:00:00,NODE_01,41.857097,-87.623471,8.273643584335904,3.331583734603577,3.155702830761927,26.27687953960484,contamination
2026-01-04 03:15:00,NODE_01,41.857097,-87.623471,7.035455515887571,3.2124926934616096,3.5733561284880078,25.836902693341116,contamination
2026-01-04 03:30:00,NODE_01,41.857097,-87.623471,7.347030355621346,4.297880700154986,6.277549863549283,24.335705969388535,none
2026-01-04 03:45:00,NODE_01,41.857097,-87.623471,11.449739296302305,5.166903483042415,5.195174209692638,24.027679187175703,contamination
2026-01-04 04:00:00,NODE_01,41.857097,-87.623471,6.879959452149452,5.688206949361446,6.597033883245565,24.323653060301428,none
2026-01-04 04:15:00,NODE_01,41.857097,-87.623471,5.716755666530133,4.0806749961624265,4.2478317137455655,26.2172760495811,contamination
2026-01-04 04:30:00,NODE_01,41.857097,-87.623471,7.240739638887768,3.556297467154506,5.277206817775127,25.519950683848098,contamination
2026-01-04 04:45:00,NODE_01,41.857097,-87.623471,4.430281211546542,4.384565155637755,4.828893034970706,23.800767042681073,contamination
2026-01-04 05:00:00,NODE_01,41.857097,-87.623471,4.73132007599374,5.457892224487644,6.423731094079672,23.76302962843043,none
2026-01-04 05:15:00,NODE_01,41.857097,-87.623471,9.489972878325856,4.219967522355668,5.454080247416079,23.656859969004998,contamination
2026-01-04 05:30:00,NODE_01,41.857097,-87.623471,7.710137890814498,3.8986708026972754,3.7584408182676015,22.782453591787572,contamination
2026-01-04 05:45:00,NODE_01,41.857097,-87.623471,7.035455515887571,3.310858508001268,3.8143157329026005,26.407159895734104,contamination
2026-01-04 06:00:00,NODE_01,41.857097,-87.623471,6.578998162273409,3.690929417034364,7.832779162450434,23.197666920496367,none
2026-01-04 06:15:00,NODE_01,41.857097,-87.623471,6.548796520596996,4.197305124934162,4.01089417715237,25.114816640616155,contamination
2026-01-04 06:30:00,NODE_01,41.857097,-87.623471,7.498372459046129,4.242241799025037,8.682021593750418,23.387261084639277,none
2026-01-04 06:45:00,NODE_01,41.857097,-87.623471,6.964198299767605,2.3956831824148326,4.217253505845183,23.663566719065983,contamination
2026-01-04 07:00:00,NODE_01,41.857097,-87.623471,7.476408459668984,3.478193780402128,3.661465304067319,24.20858139203157,contamination
2026-01-04 07:15:00,NODE_01,41.857097,-87.623471,7.308048848275572,3.696119711501417,5.287448653426659,25.197266179367336,contamination
2026-01-04 07:30:00,NODE_01,41.857097,-87.623471,7.035455515887571,2.6789107131905774,4.6274130103879685,23.99056671943781,contamination
2026-01-04 07:45:00,NODE_01,41.857097,-87.623471,5.859690474378696,2.747332826860612,3.4488043485808575,22.670594784690028,contamination
2026-01-04 08:00:00,NODE_01,41.857097,-87.623471,7.61715192193207,3.4225434306886307,6.946660423329333,24.408024538734676,none
2026-01-04 08:15:00,NODE_01,41.857097,-87.623471,6.266799947990716,3.652844725674909,8.36683537180478,23.22939484332858,none
2026-01-04 08:30:00,NODE_01,41.857097,-87.623471,5.473603398247983,4.9578222414352044,8.045356493365365,26.69516000248782,none
2026-01-04 08:45:00,NODE_01,41.857097,-87.623471,7.973307535065096,2.826111940669668,8.666257451250818,23.98948578840714,none
2026-01-04 09:00:00,NODE_01,41.857097,-87.623471,7.046548537016283,2.869226101819664,8.077542038283578,23.37744853500932,none
2026-01-04 09:15:00,NODE_01,41.857097,-87.623471,5.367546490440581,4.267189590792987,4.552788903946566,27.34160374159604,contamination
2026-01-04 09:30:00,NODE_01,41.857097,-87.623471,6.867000691245711,3.4841205736312477,3.8065402273585303,25.487737095779735,contamination
2026-01-04 09:45:00,NODE_01,41.857097,-87.623471,7.591089848316611,4.531196012957704,6.314507241617974,23.034241371409703,none
2026-01-04 10:00:00,NODE_01,41.857097,-87.623471,7.309596473979961,4.048202462876381,4.445602437823849,23.19303145212112,contamination
2026-01-04 10:15:00,NODE_01,41.857097,-87.623471,6.745306715080959,3.9023525898765015,4.085130764578742,25.09067701375205,contamination
2026-01-04 10:30:00,NODE_01,41.857097,-87.623471,6.804796145017353,4.847312561784218,7.697226078212704,24.444616993668372,none
2026-01-04 10:45:00,NODE_01,41.857097,-87.623471,6.104925813644357,4.13193258707139,4.8964784975593725,25.71466585619674,contamination
2026-01-04 11:00:00,NODE_01,41.857097,-87.623471,9.62472688627138,2.615257476344298,8.34171817746282,23.385388090628652,none
2026-01-04 11:15:00,NODE_01,41.857097,-87.623471,6.081615358462056,4.010036798677171,4.680275092330186,5.752051613333354,leak
2026-01-04 11:30:00,NODE_01,41.857097,-87.623471,6.276294989981585,4.342759276850004,5.342195559602703,21.02197003045396,contamination
2026-01-04 11:45:00,NODE_01,41.857097,-87.623471,6.903074330528872,4.473887010766568,8.428108633310838,24.14773973822787,none
2026-01-04 12:00:00,NODE_01,41.857097,-87.623471,9.286155021432371,5.239981870081682,3.516267687885778,23.453633823099928,contamination
2026-01-04 12:15:00,NODE_01,41.857097,-87.623471,4.029052709937867,4.179656266918069,5.9172599971203095,23.696832611114896,contamination
2026-01-04 12:30:00,NODE_01,41.857097,-87.623471,8.550875469289338,3.772886607458768,4.346440937239818,24.22509057292691,contamination
2026-01-04 12:45:00,NODE_01,41.857097,-87.623471,5.842933080915621,4.143224936339837,3.477075011220784,26.08715800150657,contamination
2026-01-04 13:00:00,NODE_01,41.857097,-87.623471,8.684778671525315,3.8773491849022137,6.211216087207543,22.648342723134455,none
2026-01-04 13:15:00,NODE_01,41.857097,-87.623471,8.163999617620284,3.67308809381557,7.064793602904048,21.097338035501025,none
2026-01-04 13:30:00,NODE_01,41.857097,-87.623471,9.809996386872031,5.538200508227339,5.410554325304803,22.822322185448606,contamination
2026-01-04 13:45:00,NODE_01,41.857097,-87.623471,7.121458434633312,3.7746005260862687,3.3660914829655457,25.913056440008265,contamination
2026-01-04 14:00:00,NODE_01,41.857097,-87.623471,8.862867931189149,5.758675718947986,3.375375771425241,21.911915538878663,contamination
2026-01-04 14:15:00,NODE_01,41.857097,-87.623471,7.036752103833548,3.0938144500611764,7.503488194372471,23.52148108123871,none
2026-01-04 14:30:00,NODE_01,41.857097,-87.623471,7.201702374896836,3.883250198498328,7.151317373932228,25.638768604333773,none
2026-01-04 14:45:00,NODE_01,41.857097,-87.623471,6.340809022225877,5.458609690232223,3.0925737129242172,24.291759727234496,contamination
2026-01-04 15:00:00,NODE_01,41.857097,-87.623471,10.848130421433211,3.133838701697068,3.1556858985552325,26.072462623391505,contamination
2026-01-01 00:00:00,NODE_02,41.840095,-87.588121,5.632731646664602,5.114607051016194,7.062462590278485,26.878653046862368,none
2026-01-01 00:15:00,NODE_02,41.840095,-87.588121,4.137044912614196,4.327356026643432,3.6401800439270686,29.4485826407401,contamination
2026-01-01 00:30:00,NODE_02,41.840095,-87.588121,7.918087079178242,4.640043009571169,7.172080611302846,31.936762021569123,none
2026-01-01 00:45:00,NODE_02,41.840095,-87.588121,5.622807134660068,3.9929569014268287,3.4719788400054847,28.240673802838376,contamination
2026-01-01 01:00:00,NODE_02,41.840095,-87.588121,5.403883692226708,3.189942299371127,6.646538572643307,31.483211037118753,none
2026-01-01 01:15:00,NODE_02,41.840095,-87.588121,5.517737316420501,4.523106007500935,5.294157424428837,29.57746069744638,contamination
2026-01-01 01:30:00,NODE_02,41.840095,-87.588121,6.436444496090232,3.415851385375155,8.18763284550256,30.58219040962051,none
2026-01-01 01:45:00,NODE_02,41.840095,-87.588121,7.9653373053048,3.3909821110531904,4.305972664365709,31.827981632570435,contamination
2026-01-01 02:00:00,NODE_02,41.840095,-87.588121,8.515977267378878,2.165681681201685,4.6479293144403115,6.915687034060566,leak
2026-01-01 02:15:00,NODE_02,41.840095,-87.588121,6.555439264384325,3.7920401696633417,3.9359520609792553,29.044121932982573,contamination
2026-01-01 02:30:00,NODE_02,41.840095,-87.588121,8.842463655897197,4.576728706441388,6.5625816687365,30.774090400224466,none
2026-01-01 02:45:00,NODE_02,41.840095,-87.588121,7.035455515887571,3.832478702926656,4.520017946948237,28.938296504115115,contamination
2026-01-01 03:00:00,NODE_02,41.840095,-87.588121,7.213375388220339,3.4534388764574366,6.274278806585127,30.341046551214706,none
2026-01-01 03:15:00,NODE_02,41.840095,-87.588121,7.581944679656733,4.833345773568087,7.670516084070723,28.053231832899463,none
2026-01-01 03:30:00,NODE_02,41.840095,-87.588121,5.772769697849313,4.154685423680439,8.67561939002523,29.974638282155066,none
2026-01-01 03:45:00,NODE_02,41.840095,-87.588121,7.035455515887571,4.59253797924015,5.346513789273739,31.71493588946977,contamination
2026-01-01 04:00:00,NODE_02,41.840095,-87.588121,4.473882085450574,4.893656690689322,3.373148493723973,29.482841688189037,contamination
2026-01-01 04:15:00,NODE_02,41.840095,-87.588121,6.284984822452388,5.70328774274241,5.392642081611598,31.57153193031059,contamination
2026-01-01 04:30:00,NODE_02,41.840095,-87.588121,3.994497605953491,3.379147350846876,7.165892836821309,34.57114056804298,none
2026-01-01 04:45:00,NODE_02,41.840095,-87.588121,6.15573862424869,3.68597582848833,5.529834272809207,29.887575299819805,contamination
2026-01-01 05:00:00,NODE_02,41.840095,-87.588121,7.889079734906216,4.034040700765162,3.292542976922692,30.8522845063996,contamination
2026-01-01 05:15:00,NODE_02,41.840095,-87.588121,6.144759037662152,3.082080495833988,8.019334044373586,30.646290149359707,none
2026-01-01 05:30:00,NODE_02,41.840095,-87.588121,6.7046354257784735,3.4221786198283937,8.972246428179655,30.26865176079774,none
2026-01-01 05:45:00,NODE_02,41.840095,-87.588121,6.098012089946328,4.590616740729233,5.118579548890076,31.11284030827497,contamination
2026-01-01 06:00:00,NODE_02,41.840095,-87.588121,7.036752103833548,4.600663396060018,7.4189717810944575,29.558853724227628,none
2026-01-01 06:15:00,NODE_02,41.840095,-87.588121,5.433242116512631,3.675717672978606,4.622203701399313,28.93718012162481,contamination
2026-01-01 06:30:00,NODE_02,41.840095,-87.588121,7.035455515887571,3.772078072624743,4.288787830728194,27.641512114890862,contamination
2026-01-01 06:45:00,NODE_02,41.840095,-87.588121,2.803563057437167,3.489938597434452,3.9265032720220225,29.41685853240638,contamination
2026-01-01 07:00:00,NODE_02,41.840095,-87.588121,6.0395677903078,4.206835504487218,4.446793083756576,31.283147519739675,contamination
2026-01-01 07:15:00,NODE_02,41.840095,-87.588121,5.174896031870469,3.4450280799498847,3.3554770763052018,28.521300605246925,contamination
2026-01-01 07:30:00,NODE_02,41.840095,-87.588121,5.42331849638569,5.2246548335445855,5.884540016949254,30.301013116835758,contamination
2026-01-01 07:45:00,NODE_02,41.840095,-87.588121,7.240194470415268,3.3628217632499267,7.022843404927829,29.746331476740227,none
2026-01-01 08:00:00,NODE_02,41.840095,-87.588121,7.110845138033223,5.712792127184658,8.69853829528893,6.5592621980339025,leak
2026-01-01 08:15:00,NODE_02,41.840095,-87.588121,10.252816232929478,4.559836218772728,8.822639719024455,27.15143577740672,none
2026-01-01 08:30:00,NODE_02,41.840095,-87.588121,5.768868031092238,3.0926263788262984,8.012594661005718,31.975278320717802,none
2026-01-01 08:45:00,NODE_02,41.840095,-87.588121,9.26439090863462,3.175520773635625,5.426369953690616,30.70678206761169,contamination
2026-01-01 09:00:00,NODE_02,41.840095,-87.588121,7.035455515887571,3.764703593500892,5.03145723737302,33.92892801360051,contamination
2026-01-01 09:15:00,NODE_02,41.840095,-87.588121,5.972599968396598,5.164944785353239,4.8750875582556175,31.550115792972935,contamination
2026-01-01 09:30:00,NODE_02,41.840095,-87.588121,9.969273220889765,3.643379015016296,3.94964899580361,31.941812240009444,contamination
2026-01-01 09:45:00,NODE_02,41.840095,-87.588121,5.701100970110508,5.956753497788005,5.449232354895092,27.306965675501527,contamination
2026-01-01 10:00:00,NODE_02,41.840095,-87.588121,5.393345914423263,4.633854752317118,7.865810201270127,27.280743225194286,none
2026-01-01 10:15:00,NODE_02,41.840095,-87.588121,8.42690635667539,4.244513927400452,3.212674727673856,29.994464363615503,contamination
2026-01-01 10:30:00,NODE_02,41.840095,-87.588121,4.725997720598259,3.644606540888711,8.548409704750988,28.208823136814654,none
2026-01-01 10:45:00,NODE_02,41.840095,-87.588121,6.624943599869574,3.5466963721784297,5.805891295635982,28.909066001770583,contamination
2026-01-01 11:00:00,NODE_02,41.840095,-87.588121,7.966762553436026,4.816347767394934,8.411579658746469,33.720392542224076,none
2026-01-01 11:15:00,NODE_02,41.840095,-87.588121,7.785106673059819,4.904613043963691,5.945717094229618,31.715810529559416,contamination
2026-01-01 11:30:00,NODE_02,41.840095,-87.588121,8.651389726569342,3.2664097400709085,4.883980147812294,28.527512958538928,contamination
2026-01-01 11:45:00,NODE_02,41.840095,-87.588121,5.68955434379971,3.732170265260264,3.7425302194212358,26.38181550168181,contamination
2026-01-01 12:00:00,NODE_02,41.840095,-87.588121,5.48605860232047,4.557707495106894,3.4884451490305914,28.401090264880548,contamination
2026-01-01 12:15:00,NODE_02,41.840095,-87.588121,8.082148076453887,3.3734845141195007,6.4248517349598515,29.09520460762854,none
2026-01-01 12:30:00,NODE_02,41.840095,-87.588121,6.453605209394529,5.568264940032508,3.0593869750417633,29.449100768146508,contamination
2026-01-01 12:45:00,NODE_02,41.840095,-87.588121,7.312109303718794,5.12387193452145,4.172046332957818,28.01242689542169,contamination
2026-01-01 13:00:00,NODE_02,41.840095,-87.588121,6.246264053794833,5.044454777717949,6.255430909668246,31.625772160532815,none
2026-01-01 13:15:00,NODE_02,41.840095,-87.588121,7.998090253941313,2.626546783770298,6.908835503670252,28.863805081249243,none
2026-01-01 13:30:00,NODE_02,41.840095,-87.588121,5.488135468839023,3.6529914223306736,5.804983295516296,30.90386278094069,contamination
2026-01-01 13:45:00,NODE_02,41.840095,-87.588121,7.176170870069639,4.74296674858479,8.893296538703943,30.011827404873156,none
2026-01-01 14:00:00,NODE_02,41.840095,-87.588121,8.447404488438133,5.218307110261475,8.153611741655785,31.338711854665686,none
2026-01-01 14:15:00,NODE_02,41.840095,-87.588121,6.607503310701949,3.447111218633033,8.977876645358611,29.574115779372054,none
2026-01-01 14:30:00,NODE_02,41.840095,-87.588121,4.951413520154646,3.870681284651756,8.095013913838208,28.54351661404967,none
2026-01-01 14:45:00,NODE_02,41.840095,-87.588121,6.30000176658891,3.7094371813849474,6.881383411962982,29.033115465883675,none
2026-01-01 15:00:00,NODE_02,41.840095,-87.588121,7.036752103833548,4.258488736618552,8.016157621516086,29.054268600499917,none
2026-01-01 15:15:00,NODE_02,41.840095,-87.588121,6.333640046326739,3.982002335270925,8.10647029559071,33.02782209940097,none
2026-01-01 15:30:00,NODE_02,41.840095,-87.588121,9.734619707554277,3.5065029938769525,5.032622836510602,30.045754179795555,contamination
2026-01-01 15:45:00,NODE_02,41.840095,-87.588121,7.61487763929876,2.99078089431675,6.053141551828167,29.93794549409244,none
2026-01-01 16:00:00,NODE_02,41.840095,-87.588121,7.036752103833548,3.537040784668471,8.10959935432646,31.254036083099447,none
2026-01-01 16:15:00,NODE_02,41.840095,-87.588121,6.114332051439626,3.680409990337341,6.065100285826625,29.93089148990543,none
2026-01-01 16:30:00,NODE_02,41.840095,-87.588121,8.725393412154087,4.5655421540494405,5.946148611047888,31.613510751008178,contamination
2026-01-01 16:45:00,NODE_02,41.840095,-87.588121,5.068795502073682,4.362085653052907,6.490849466227665,29.37287963098495,none
2026-01-01 17:00:00,NODE_02,41.840095,-87.588121,5.93605710996818,3.940282339037946,7.69681058324413,29.22053664641759,none
2026-01-01 17:15:00,NODE_02,41.840095,-87.588121,7.035455515887571,3.14478972588668,3.348572869576338,28.46058602801438,contamination
2026-01-01 17:30:00,NODE_02,41.840095,-87.588121,7.186931122348115,4.275645348013285,6.040540926918547,32.70606726711267,none
2026-01-01 17:45:00,NODE_02,41.840095,-87.588121,7.557963629790507,3.2922701527035314,7.0885974509853105,29.826259036388215,none
2026-01-01 18:00:00,NODE_02,41.840095,-87.588121,8.275795629701165,4.721339549520147,7.803273502188908,28.169932582604382,none
2026-01-01 18:15:00,NODE_02,41.840095,-87.588121,7.036752103833548,3.2616513991274934,8.54581965569634,30.22623710500545,none
2026-01-01 18:30:00,NODE_02,41.840095,-87.588121,4.140077138692398,3.1675825705584386,3.975761717773656,28.955915456441463,contamination
2026-01-01 18:45:00,NODE_02,41.840095,-87.588121,7.2943644330256765,3.3365823322327546,5.823817344725555,29.346594424855727,contamination
2026-01-01 19:00:00,NODE_02,41.840095,-87.588121,4.317187353941982,4.078277144763918,5.744193344869511,30.3971264196282,contamination
2026-01-01 19:15:00,NODE_02,41.840095,-87.588121,10.199412694268364,4.384868014016786,3.0344419792481334,32.212474132417775,contamination
2026-01-01 19:30:00,NODE_02,41.840095,-87.588121,6.320427822952782,4.553380742681595,7.026559217275972,30.083374309296183,none
2026-01-01 19:45:00,NODE_02,41.840095,-87.588121,5.422445767908819,2.911751390260459,6.583390557546942,28.864441116353895,none
2026-01-01 20:00:00,NODE_02,41.840095,-87.588121,7.036752103833548,4.398059122757676,7.685844329979718,29.173624008595283,none
2026-01-01 20:15:00,NODE_02,41.840095,-87.588121,7.664793523351656,5.48169093434497,6.943692452782096,30.915667052402327,none
2026-01-01 20:30:00,NODE_02,41.840095,-87.588121,7.623499920279238,4.76499518416768,6.253112689315515,26.99348489835621,none
2026-01-01 20:45:00,NODE_02,41.840095,-87.588121,7.860106421505122,3.499774683747187,8.055018259989536,28.366972857592486,none
2026-01-01 21:00:00,NODE_02,41.840095,-87.588121,8.310938776156911,4.408559683629245,3.569445908916468,30.249965386332633,contamination
2026-01-01 21:15:00,NODE_02,41.840095,-87.588121,7.310715695744376,3.5788263404357843,7.079977256337173,27.3709919059745,none
2026-01-01 21:30:00,NODE_02,41.840095,-87.588121,7.544305635616618,3.7140964349299774,6.230170198368068,29.462219453334328,none
2026-01-01 21:45:00,NODE_02,41.840095,-87.588121,7.1042952035253055,5.464856803369509,4.559112788683453,29.213598718550347,contamination
2026-01-01 22:00:00,NODE_02,41.840095,-87.588121,6.823930137037019,4.016144075544785,3.222126653737044,31.247169055150124,contamination
2026-01-01 22:15:00,NODE_02,41.840095,-87.588121,6.44923665656657,4.0651480018614885,4.8164480076432135,29.555572772357824,contamination
2026-01-01 22:30:00,NODE_02,41.840095,-87.588121,7.288736661267014,3.5313846614470856,6.94624917377605,31.711033345941193,none
2026-01-01 22:45:00,NODE_02,41.840095,-87.588121,3.5908223640059966,4.144780872709738,5.220484106284389,30.049305806893713,contamination
2026-01-01 23:00:00,NODE_02,41.840095,-87.588121,8.070477126886109,3.05579047450667,4.892101413476356,32.595672968250526,contamination
2026-01-01 23:15:00,NODE_02,41.840095,-87.588121,7.035455515887571,2.4325072099122917,4.648818805592271,27.849762825448966,contamination
2026-01-01 23:30:00,NODE_02,41.840095,-87.588121,2.5692435620279186,5.506934431690963,5.0693365477443635,32.356686533938586,contamination
2026-01-01 23:45:00,NODE_02,41.840095,-87.588121,8.999498939207154,3.6950840554277695,3.4318257407166923,29.31430553769254,contamination
2026-01-02 00:00:00,NODE_02,41.840095,-87.588121,7.388518502791958,4.409053528240368,4.786078983775813,32.141920823876234,contamination
2026-01-02 00:15:00,NODE_02,41.840095,-87.588121,7.280560356935292,2.919796004979838,7.264533547530871,31.70884832186437,none
2026-01-02 00:30:00,NODE_02,41.840095,-87.588121,5.613562647017462,3.465088675725583,5.7765666235556425,25.65313451086261,contamination
2026-01-02 00:45:00,NODE_02,41.840095,-87.588121,7.916669698835311,4.275192719102842,6.377117719536347,30.64974858751638,none
2026-01-02 01:00:00,NODE_02,41.840095,-87.588121,4.405327146952358,4.086867244525168,4.2911242490723795,31.42742591624847,contamination
2026-01-02 01:15:00,NODE_02,41.840095,-87.588121,8.323982150124747,4.153782657266314,8.287333565817299,31.923885377043298,none
2026-01-02 01:30:00,NODE_02,41.840095,-87.588121,7.044375318734117,4.276699073642469,8.700936718723472,28.16604049336749,none
2026-01-02 01:45:00,NODE_02,41.840095,-87.588121,7.035455515887571,4.174568875723499,3.276285759698707,30.816510617557967,contamination
2026-01-02 02:00:00,NODE_02,41.840095,-87.588121,5.117913529014625,3.806700492212365,4.660137048380122,30.223606790035216,contamination
2026-01-02 02:15:00,NODE_02,41.840095,-87.588121,7.755154226534814,2.728799591724234,4.924895726482063,30.57810972248611,contamination
2026-01-02 02:30:00,NODE_02,41.840095,-87.588121,8.116350275289646,2.5260162359182696,7.906283762108916,31.429401001926152,none
2026-01-02 02:45:00,NODE_02,41.840095,-87.588121,6.771050289732039,3.2448668321310623,4.119779443388277,31.666061051126274,contamination
2026-01-02 03:00:00,NODE_02,41.840095,-87.588121,7.0882509764340735,3.2306454361995462,4.690979913086286,28.947381839889918,contamination
2026-01-02 03:15:00,NODE_02,41.840095,-87.588121,6.46509352906692,3.790523693182784,4.352059424816739,30.329125269806607,contamination
2026-01-02 03:30:00,NODE_02,41.840095,-87.588121,6.761413709046804,4.350206872394596,7.242394543737295,29.992699247854816,none
2026-01-02 03:45:00,NODE_02,41.840095,-87.588121,6.704791892183704,3.806596292463485,4.7506709019744555,29.57196733863214,contamination
2026-01-02 04:00:00,NODE_02,41.840095,-87.588121,7.098245544161473,4.909571475286931,4.577268658677404,29.715333455283062,contamination
2026-01-02 04:15:00,NODE_02,41.840095,-87.588121,7.14601971618829,5.393476357423515,8.998008839950513,30.224977135121577,none
2026-01-02 04:30:00,NODE_02,41.840095,-87.588121,7.197795991543301,3.8440132867950574,3.0060555532447015,29.028023868335723,contamination
2026-01-02 04:45:00,NODE_02,41.840095,-87.588121,7.035455515887571,3.66686969365282,3.522245025934288,31.255551439832942,contamination
2026-01-02 05:00:00,NODE_02,41.840095,-87.588121,8.326349854410445,4.395284862710226,3.351198124272506,31.834958704474396,contamination
2026-01-02 05:15:00,NODE_02,41.840095,-87.588121,7.042793877475889,3.965647066605856,4.347254235032841,28.70013143865778,contamination
2026-01-02 05:30:00,NODE_02,41.840095,-87.588121,7.035455515887571,4.397533101212234,4.836774452285534,31.908491103945305,contamination
2026-01-02 05:45:00,NODE_02,41.840095,-87.588121,9.49424264803844,3.189025539707877,7.342500743431285,28.702956135697413,none
2026-01-02 06:00:00,NODE_02,41.840095,-87.588121,5.946160789485686,4.903632078861019,5.817171287901561,31.2776766395713,contamination
2026-01-02 06:15:00,NODE_02,41.840095,-87.588121,8.207458912656827,4.151865853005895,3.0200463876716634,31.905714487922474,contamination
2026-01-02 06:30:00,NODE_02,41.840095,-87.588121,7.035455515887571,4.297913885824022,5.316903045496028,29.789230227916864,contamination
2026-01-02 06:45:00,NODE_02,41.840095,-87.588121,6.602539771517404,3.5924960849831398,6.627174386342599,6.494875072846238,leak
2026-01-02 07:00:00,NODE_02,41.840095,-87.588121,8.501711439023032,5.612295662106835,8.54544662980122,29.04797177546918,none
2026-01-02 07:15:00,NODE_02,41.840095,-87.588121,4.77522195583692,3.2230808645202327,8.71805721313309,30.473781570509907,none
2026-01-02 07:30:00,NODE_02,41.840095,-87.588121,6.707685556382788,3.8226687145376768,7.624790768395461,32.87797789065157,none
2026-01-02 07:45:00,NODE_02,41.840095,-87.588121,8.783167623905637,4.274136884143136,4.156840538596944,27.391897010481557,contamination
2026-01-02 08:00:00,NODE_02,41.840095,-87.588121,4.281522088672812,4.3711671683417785,5.808801418239657,30.08135921925459,contamination
2026-01-02 08:15:00,NODE_02,41.840095,-87.588121,4.66349219217203,3.742293454202677,4.625970224669298,29.798888048391106,contamination
2026-01-02 08:30:00,NODE_02,41.840095,-87.588121,6.336588682161135,4.356593856228123,7.896367285347069,29.24621362938446,none
2026-01-02 08:45:00,NODE_02,41.840095,-87.588121,6.071183421975166,5.036334153688545,3.661451080419912,29.8098233594437,contamination
2026-01-02 09:00:00,NODE_02,41.840095,-87.588121,8.509220048921595,2.5198915810235114,5.17717773109231,29.117701039263007,contamination
2026-01-02 09:15:00,NODE_02,41.840095,-87.588121,7.285371191083492,3.6944820469170487,4.851747062546178,31.795729389830235,contamination
2026-01-02 09:30:00,NODE_02,41.840095,-87.588121,7.1830959315085465,3.8065394387932265,5.218224689493935,31.94473698203671,contamination
2026-01-02 09:45:00,NODE_02,41.840095,-87.588121,7.744098531468294,5.104188246479326,3.6440035919176106,30.063199178757156,contamination
2026-01-02 10:00:00,NODE_02,41.840095,-87.588121,8.285395274908012,5.438487906597953,4.994983548713321,29.719278751807188,contamination
2026-01-02 10:15:00,NODE_02,41.840095,-87.588121,6.788291583178551,4.255948316623421,8.03239006271992,29.191441263096024,none
2026-01-02 10:30:00,NODE_02,41.840095,-87.588121,9.130828108445352,3.074134304700189,5.228474924718949,30.066418278665637,contamination
2026-01-02 10:45:00,NODE_02,41.840095,-87.588121,5.296578803810236,3.9184698008316814,3.981133932455453,32.70274281533806,contamination
2026-01-02 11:00:00,NODE_02,41.840095,-87.588121,7.301444654287731,3.1600748401136087,7.744361843785873,29.775394917734584,none
2026-01-02 11:15:00,NODE_02,41.840095,-87.588121,7.377036503769029,4.531658688151207,3.2529039438340512,28.671847674997235,contamination
2026-01-02 11:30:00,NODE_02,41.840095,-87.588121,7.035455515887571,3.72377603814946,5.421567956373564,29.334353435016347,contamination
2026-01-02 11:45:00,NODE_02,41.840095,-87.588121,7.035455515887571,4.238252980379006,5.583958877445273,31.061201214689945,contamination
2026-01-02 12:00:00,NODE_02,41.840095,-87.588121,9.038326068974223,3.706265891722728,6.52101491086302,28.854391215965215,none
2026-01-02 12:15:00,NODE_02,41.840095,-87.588121,8.473249064166925,4.810185430241004,8.070513211812997,29.880437130042836,none
2026-01-02 12:30:00,NODE_02,41.840095,-87.588121,7.035455515887571,4.9383891935347295,4.315154940092284,30.64032097478073,contamination
2026-01-02 12:45:00,NODE_02,41.840095,-87.588121,5.361211666098464,1.81252893956422,8.676176580629082,28.968201987957084,none
2026-01-02 13:00:00,NODE_02,41.840095,-87.588121,5.924799469006341,4.188927903696815,8.198632358651695,27.284387690889044,none
2026-01-02 13:15:00,NODE_02,41.840095,-87.588121,7.035455515887571,3.8089129537722095,4.640627897628134,28.32391807625697,contamination
2026-01-02 13:30:00,NODE_02,41.840095,-87.588121,8.978997744647556,4.656316782296671,5.012026576146977,28.64284650872716,contamination
2026-01-02 13:45:00,NODE_02,41.840095,-87.588121,6.09309191422186,4.523557774146086,5.102602907584296,6.692220221908262,leak
2026-01-02 14:00:00,NODE_02,41.840095,-87.588121,7.9176085954610205,3.784085381264125,8.499574979356362,29.997445764129537,none
2026-01-02 14:15:00,NODE_02,41.840095,-87.588121,5.098967067721038,4.333667364665705,4.961982277019404,31.16654821810229,contamination
2026-01-02 14:30:00,NODE_02,41.840095,-87.588121,9.485832873402854,3.221129818784097,7.946205416627203,28.09011225903956,none
2026-01-02 14:45:00,NODE_02,41.840095,-87.588121,7.036752103833548,5.266367538576662,8.181805411357303,30.948426578097386,none
2026-01-02 15:00:00,NODE_02,41.840095,-87.588121,5.801571267427695,4.42537756358649,5.7345638799759495,29.37461100531192,contamination
2026-01-02 15:15:00,NODE_02,41.840095,-87.588121,8.75856005645011,4.444375641530267,3.088512165435618,27.252675323713852,contamination
2026-01-02 15:30:00,NODE_02,41.840095,-87.588121,6.901863448736066,4.047907292461217,4.067913097465183,29.95135676111293,contamination
2026-01-02 15:45:00,NODE_02,41.840095,-87.588121,6.519847784240155,3.2722860861005483,3.0474395886988863,31.905397599286577,contamination
2026-01-02 16:00:00,NODE_02,41.840095,-87.588121,7.057552645613959,4.486402626885769,3.2314355056187454,31.255668099524346,contamination
2026-01-02 16:15:00,NODE_02,41.840095,-87.588121,8.210357972710824,3.716663875021242,5.733504855540238,29.81659065550352,contamination
2026-01-02 16:30:00,NODE_02,41.840095,-87.588121,7.137428697435654,2.964181350437086,8.756241914412755,31.619652196229747,none
2026-01-02 16:45:00,NODE_02,41.840095,-87.588121,8.605374455470146,3.665323340605604,4.274314591275159,30.21933029285758,contamination
2026-01-02 17:00:00,NODE_02,41.840095,-87.588121,7.669012536518329,4.589512953061839,7.6463395777890355,31.40277951377028,none
2026-01-02 17:15:00,NODE_02,41.840095,-87.588121,7.036752103833548,3.2279407989275133,8.388857048828402,27.43859276958342,none
2026-01-02 17:30:00,NODE_02,41.840095,-87.588121,6.733493842280846,3.178003604766868,4.784409644033369,28.056487049146227,contamination
2026-01-02 17:45:00,NODE_02,41.840095,-87.588121,8.013516428610775,4.4449005904963546,4.116601175475658,31.024550250395702,contamination
2026-01-02 18:00:00,NODE_02,41.840095,-87.588121,8.27205509125987,5.140207742689406,3.9991046154161953,32.239920013553856,contamination
2026-01-02 18:15:00,NODE_02,41.840095,-87.588121,6.1986503364476775,3.5741720224410343,7.568128362202803,30.556939868405383,none
2026-01-02 18:30:00,NODE_02,41.840095,-87.588121,6.792407468552389,2.5056504406363977,6.070775903342388,29.184990961972918,none
2026-01-02 18:45:00,NODE_02,41.840095,-87.588121,7.036752103833548,4.1386965672928335,7.24119869274099,28.65522248417669,none
2026-01-02 19:00:00,NODE_02,41.840095,-87.588121,6.225152012969118,2.770822652580127,3.849914287274792,29.45802352664441,contamination
2026-01-02 19:15:00,NODE_02,41.840095,-87.588121,5.420347746957928,3.75672017038554,8.244317003662468,31.75145175961177,none
2026-01-02 19:30:00,NODE_02,41.840095,-87.588121,5.810742057236217,3.4369668618570386,6.624833025460637,29.417205714605533,none
2026-01-02 19:45:00,NODE_02,41.840095,-87.588121,6.751668626808021,3.735173416038589,6.615660261882216,31.502638134117753,none
2026-01-02 20:00:00,NODE_02,41.840095,-87.588121,4.004248332658408,4.445946435865923,3.7600715101789843,30.90985596021844,contamination
2026-01-02 20:15:00,NODE_02,41.840095,-87.588121,7.845879929236758,3.667154204946097,6.3768468394687075,32.50188497267711,none
2026-01-02 20:30:00,NODE_02,41.840095,-87.588121,8.549692514107981,3.039018778586744,6.933021011012662,30.231389079341383,none
2026-01-02 20:45:00,NODE_02,41.840095,-87.588121,6.504876222341177,3.748443401102416,8.657766343330275,29.85660173026356,none
2026-01-02 21:00:00,NODE_02,41.840095,-87.588121,7.036752103833548,3.0770348929711995,8.324785416917866,31.577504430557024,none
2026-01-02 21:15:00,NODE_02,41.840095,-87.588121,9.75657762790083,3.74900925781602,3.6186522152524194,28.528102079089596,contamination
2026-01-02 21:30:00,NODE_02,41.840095,-87.588121,8.84628195691071,2.9250375580069843,5.399156291894584,29.26497080637022,contamination
2026-01-02 21:45:00,NODE_02,41.840095,-87.588121,10.887304994821244,4.004161299520197,4.00082036708713,27.410989153741852,contamination
2026-01-02 22:00:00,NODE_02,41.840095,-87.588121,7.744772552356141,5.016321198997175,5.595580042193433,28.049509433464628,contamination
2026-01-02 22:15:00,NODE_02,41.840095,-87.588121,7.035455515887571,2.3734376939287394,5.745771554753469,32.81605409163134,contamination
2026-01-02 22:30:00,NODE_02,41.840095,-87.588121,7.094830833998159,3.628459628957123,5.579471506173828,30.969468132497674,contamination
2026-01-02 22:45:00,NODE_02,41.840095,-87.588121,7.035455515887571,4.212510849647721,3.105023744420417,27.87494389757722,contamination
2026-01-02 23:00:00,NODE_02,41.840095,-87.588121,8.966835972567804,3.6543549623702583,5.362120035015317,7.175228549961978,leak
2026-01-02 23:15:00,NODE_02,41.840095,-87.588121,6.043212070647804,4.196726496344011,4.234018399497431,28.875449952743608,contamination
2026-01-02 23:30:00,NODE_02,41.840095,-87.588121,9.241338766959908,3.842577603866392,7.161738144610425,30.89242218453672,none
2026-01-02 23:45:00,NODE_02,41.840095,-87.588121,7.330196876767331,2.8847150979192406,8.3532169968252,30.87001667863013,none
2026-01-03 00:00:00,NODE_02,41.840095,-87.588121,7.480728113602178,3.714874787439821,5.500929402431876,32.42848232216067,contamination
2026-01-03 00:15:00,NODE_02,41.840095,-87.588121,6.062738419015513,4.369454696832489,4.498295309600506,29.12440164628594,contamination
2026-01-03 00:30:00,NODE_02,41.840095,-87.588121,8.769676021676739,3.7767184616875142,4.605076513796798,28.82065219126657,contamination
2026-01-03 00:45:00,NODE_02,41.840095,-87.588121,6.277463093365682,3.12316615927887,6.756431867516831,25.897432499898933,none
2026-01-03 01:00:00,NODE_02,41.840095,-87.588121,6.490037174928902,2.430883294085322,5.351962076068066,29.748336581996867,contamination
2026-01-03 01:15:00,NODE_02,41.840095,-87.588121,7.035455515887571,5.185641934752974,4.258168835000915,31.018991020012972,contamination
2026-01-03 01:30:00,NODE_02,41.840095,-87.588121,8.552782415873253,2.9408479958845923,4.500240354814748,31.223957024940834,contamination
2026-01-03 01:45:00,NODE_02,41.840095,-87.588121,4.762828659328944,2.471786245060302,7.997573298648832,31.80959534147976,none
2026-01-03 02:00:00,NODE_02,41.840095,-87.588121,8.153210075272153,2.905788134056523,4.796536200238317,30.365704885034212,contamination
2026-01-03 02:15:00,NODE_02,41.840095,-87.588121,6.101955230748901,3.5355963295430235,8.863268340963222,30.688167949395375,none
2026-01-03 02:30:00,NODE_02,41.840095,-87.588121,6.728004385653386,4.410697353226663,4.770697977452678,30.033176933107043,contamination
2026-01-03 02:45:00,NODE_02,41.840095,-87.588121,4.997770601283687,3.4046329060198497,8.123822747219984,30.992178525365976,none
2026-01-03 03:00:00,NODE_02,41.840095,-87.588121,7.476689511613987,4.195539286347104,8.14095622348123,28.529632736386638,none
2026-01-03 03:15:00,NODE_02,41.840095,-87.588121,6.529304448100373,3.361088406841675,3.0849338232080035,27.818299025663745,contamination
2026-01-03 03:30:00,NODE_02,41.840095,-87.588121,8.468741062907595,2.876995630567156,7.970445693265347,28.687889257874698,none
2026-01-03 03:45:00,NODE_02,41.840095,-87.588121,4.815766790717072,4.37522381127182,6.594618795706559,30.25143184841661,none
2026-01-03 04:00:00,NODE_02,41.840095,-87.588121,7.79278353049359,4.047380786186089,6.432009671759467,27.98035927332875,none
2026-01-03 04:15:00,NODE_02,41.840095,-87.588121,6.632205878654961,3.4437405597575226,3.034477419894346,28.98113003263034,contamination
2026-01-03 04:30:00,NODE_02,41.840095,-87.588121,7.70036230513608,3.786486994275809,4.226331783687396,6.565852185015441,leak
2026-01-03 04:45:00,NODE_02,41.840095,-87.588121,7.035455515887571,2.90756391519334,5.7720806112771985,31.103728088484807,contamination
2026-01-03 05:00:00,NODE_02,41.840095,-87.588121,3.92855649232336,5.060835979341727,3.3356418496473714,30.92113946283219,contamination
2026-01-03 05:15:00,NODE_02,41.840095,-87.588121,8.107500138616412,4.647800627368438,4.549273164655833,30.036725410425,contamination
2026-01-03 05:30:00,NODE_02,41.840095,-87.588121,6.961891686003921,3.4467284598639263,5.359567147172541,30.607593594492958,contamination
2026-01-03 05:45:00,NODE_02,41.840095,-87.588121,5.331940479018537,4.434820257956548,5.82759392256035,30.63718193798708,contamination
2026-01-03 06:00:00,NODE_02,41.840095,-87.588121,7.205218263646112,3.465331089346429,6.0985700932211895,29.385566936337167,none
2026-01-03 06:15:00,NODE_02,41.840095,-87.588121,6.1025333060713525,2.292573781243537,5.161696645933219,29.11724731245503,contamination
2026-01-03 06:30:00,NODE_02,41.840095,-87.588121,5.4566808884538265,3.799472548553733,7.801819887561548,32.23602589547018,none
2026-01-03 06:45:00,NODE_02,41.840095,-87.588121,4.959852811105887,3.455044818343884,6.187439284073463,26.19730456483314,none
2026-01-03 07:00:00,NODE_02,41.840095,-87.588121,6.256651147926919,4.181050752789532,5.417533597853499,28.819041218630744,contamination
2026-01-03 07:15:00,NODE_02,41.840095,-87.588121,5.082241431687362,5.056378662464013,3.0238932142363533,29.625322489921764,contamination
2026-01-03 07:30:00,NODE_02,41.840095,-87.588121,6.978664262373817,4.766943236072579,5.773683166130414,30.770923413015645,contamination
2026-01-03 07:45:00,NODE_02,41.840095,-87.588121,8.545890346487688,5.036882986625275,4.329919528551526,31.63425606119141,contamination
2026-01-03 08:00:00,NODE_02,41.840095,-87.588121,9.1726245193336,3.686395201554108,4.660140563597243,32.71609367831884,contamination
2026-01-03 08:15:00,NODE_02,41.840095,-87.588121,8.18936335603807,3.688298056277853,3.764646746744647,29.79343024773143,contamination
2026-01-03 08:30:00,NODE_02,41.840095,-87.588121,6.1156375458102,3.723625473260451,5.227592498521265,29.89389283500187,contamination
2026-01-03 08:45:00,NODE_02,41.840095,-87.588121,7.035455515887571,5.128346524187511,3.2299074194257464,30.474911362959393,contamination
2026-01-03 09:00:00,NODE_02,41.840095,-87.588121,7.035455515887571,3.543696299058859,5.617907407640506,29.13431486454324,contamination
2026-01-03 09:15:00,NODE_02,41.840095,-87.588121,8.316663722070082,2.695799697002897,8.555907760667525,28.15464036395281,none
2026-01-03 09:30:00,NODE_02,41.840095,-87.588121,5.429334842369292,3.0817359202705807,7.069826738623158,29.786620572640594,none
2026-01-03 09:45:00,NODE_02,41.840095,-87.588121,4.221420679849157,4.278712401471591,5.427973194855787,31.04905471003932,contamination
2026-01-03 10:00:00,NODE_02,41.840095,-87.588121,10.391942387040755,5.771714760283059,5.3590731991844445,29.5666111027719,contamination
2026-01-03 10:15:00,NODE_02,41.840095,-87.588121,7.035455515887571,4.482459763675931,4.896649793261847,30.55114935511376,contamination
2026-01-03 10:30:00,NODE_02,41.840095,-87.588121,6.078335836509272,4.20158090550856,4.120560530699063,27.127770302729317,contamination
2026-01-03 10:45:00,NODE_02,41.840095,-87.588121,7.3496533769711,3.861684092322543,3.8144962625456036,29.95860320716581,contamination
2026-01-03 11:00:00,NODE_02,41.840095,-87.588121,8.111101031034266,3.663774941094516,8.389355308613428,29.325826385965136,none
2026-01-03 11:15:00,NODE_02,41.840095,-87.588121,7.035455515887571,5.146442623782875,3.9558268882908214,28.018310638799846,contamination
2026-01-03 11:30:00,NODE_02,41.840095,-87.588121,7.036752103833548,4.4318291438537125,7.949856294497668,30.916815027413893,none
2026-01-03 11:45:00,NODE_02,41.840095,-87.588121,8.692115322047213,2.283475159435164,3.2329223279663437,32.699464625948096,contamination
2026-01-03 12:00:00,NODE_02,41.840095,-87.588121,6.953864225511059,3.195710328196264,5.486613828758876,31.41593466055795,contamination
2026-01-03 12:15:00,NODE_02,41.840095,-87.588121,5.671773833095615,3.833159745782932,7.620237965766587,31.511619780254282,none
2026-01-03 12:30:00,NODE_02,41.840095,-87.588121,6.1649272929056105,4.169660977577574,8.248842853163321,30.999711823961828,none
2026-01-03 12:45:00,NODE_02,41.840095,-87.588121,7.035455515887571,3.8556022119167,5.383456900945472,30.90067344650595,contamination
2026-01-03 13:00:00,NODE_02,41.840095,-87.588121,8.532377473918308,2.3800880493685312,5.653129641068913,27.231848368673347,contamination
2026-01-03 13:15:00,NODE_02,41.840095,-87.588121,7.036752103833548,4.72812398548281,7.079368240145788,29.73906984692864,none
2026-01-03 13:30:00,NODE_02,41.840095,-87.588121,7.035455515887571,3.864931034905198,4.385530443825331,30.694000922005422,contamination
2026-01-03 13:45:00,NODE_02,41.840095,-87.588121,7.035455515887571,2.9942592099578635,4.243548194450376,30.728103443837924,contamination
2026-01-03 14:00:00,NODE_02,41.840095,-87.588121,5.713322920959069,4.571127866112447,6.337157796874577,31.83855555594118,none
2026-01-03 14:15:00,NODE_02,41.840095,-87.588121,8.085759800882219,4.068688909481666,3.88782866657597,28.382399797586853,contamination
2026-01-03 14:30:00,NODE_02,41.840095,-87.588121,8.713482927093239,2.9221949791917066,7.477205277613007,30.841903695148172,none
2026-01-03 14:45:00,NODE_02,41.840095,-87.588121,5.583832998476663,3.870156920624293,8.510189058431358,28.333434766047702,none
2026-01-03 15:00:00,NODE_02,41.840095,-87.588121,4.767472454756443,3.893377807689793,6.491026991189184,29.613446887278034,none
2026-01-03 15:15:00,NODE_02,41.840095,-87.588121,7.183108734458526,4.006424839252379,4.154410851663309,29.83805176118371,contamination
2026-01-03 15:30:00,NODE_02,41.840095,-87.588121,9.960689857533172,3.4345384628517905,6.197394653385717,31.22485264311005,none
2026-01-03 15:45:00,NODE_02,41.840095,-87.588121,8.250830009047863,2.6047078453451737,8.117955798152455,31.04842635463714,none
2026-01-03 16:00:00,NODE_02,41.840095,-87.588121,8.52966934763357,3.776040837433535,6.714628306426849,30.111492153604082,none
2026-01-03 16:15:00,NODE_02,41.840095,-87.588121,8.065339036104211,3.75639170748219,7.166024252012852,26.702939990205557,none
2026-01-03 16:30:00,NODE_02,41.840095,-87.588121,6.21727313516034,5.325833445695803,4.595667237022543,30.598246871524704,contamination
2026-01-03 16:45:00,NODE_02,41.840095,-87.588121,9.475316259695344,4.701538331428024,5.3682965825855735,29.52948155647844,contamination
2026-01-03 17:00:00,NODE_02,41.840095,-87.588121,8.518531795246274,4.147168618141657,3.890360046059552,32.01870510946527,contamination
2026-01-03 17:15:00,NODE_02,41.840095,-87.588121,6.950786515485461,3.997975215085431,4.6241088304718065,31.661236588547176,contamination
2026-01-03 17:30:00,NODE_02,41.840095,-87.588121,8.933877610085764,4.374796521715554,4.035689861009917,28.523961911678136,contamination
2026-01-03 17:45:00,NODE_02,41.840095,-87.588121,6.360195819161054,2.713248378640136,8.888873983945889,30.8042576305225,none
2026-01-03 18:00:00,NODE_02,41.840095,-87.588121,7.369911642352921,3.821721167441023,5.1972415944380055,30.83386218127723,contamination
2026-01-03 18:15:00,NODE_02,41.840095,-87.588121,7.488133464330415,3.4740347171181667,5.6449874469981385,30.724771641462013,contamination
2026-01-03 18:30:00,NODE_02,41.840095,-87.588121,7.8519256917911475,5.20404417792976,8.52332192681661,30.53036788415502,none
2026-01-03 18:45:00,NODE_02,41.840095,-87.588121,5.915944299587397,2.585849315185795,4.903917769462142,30.876228151739,contamination
2026-01-03 19:00:00,NODE_02,41.840095,-87.588121,7.226592711428238,4.337116898531741,7.975198786131125,32.183224995397616,none
2026-01-03 19:15:00,NODE_02,41.840095,-87.588121,5.669699209078309,1.9101166454023035,3.3552451175277955,29.103925772196817,contamination
2026-01-03 19:30:00,NODE_02,41.840095,-87.588121,4.270716194733736,3.763905902952325,3.6356829913203272,28.572281837150943,contamination
2026-01-03 19:45:00,NODE_02,41.840095,-87.588121,7.859489939100051,4.498069165936723,6.83803557279368,31.105068975294877,none
2026-01-03 20:00:00,NODE_02,41.840095,-87.588121,5.6717623259348064,3.268693506763812,3.5007932124525043,27.105953130089887,contamination
2026-01-03 20:15:00,NODE_02,41.840095,-87.588121,9.14719705533692,3.7945315911032105,3.7311884475730253,30.91203206288093,contamination
2026-01-03 20:30:00,NODE_02,41.840095,-87.588121,9.03650434774976,5.66198446300676,3.8028023965851228,30.646404724849692,contamination
2026-01-03 20:45:00,NODE_02,41.840095,-87.588121,7.296037733901175,4.168526117629012,8.622327354077491,26.412742486618285,none
2026-01-03 21:00:00,NODE_02,41.840095,-87.588121,7.036752103833548,5.6522221130790165,6.091373424211491,28.976491282621076,none
2026-01-03 21:15:00,NODE_02,41.840095,-87.588121,8.520806572970303,3.9406045297946832,4.715736611551803,32.2949580604486,contamination
2026-01-03 21:30:00,NODE_02,41.840095,-87.588121,9.161088612884836,4.888061137333914,8.56402512415279,27.74523147596271,none
2026-01-03 21:45:00,NODE_02,41.840095,-87.588121,7.798453676201213,4.107267203260775,7.891668092727586,30.249883694460767,none
2026-01-03 22:00:00,NODE_02,41.840095,-87.588121,6.687749780088492,5.559984936815951,5.261595221510775,28.423638322045946,contamination
2026-01-03 22:15:00,NODE_02,41.840095,-87.588121,7.88659122732868,4.589983507854727,6.628253012465563,28.867576815943973,none
2026-01-03 22:30:00,NODE_02,41.840095,-87.588121,6.124847329190028,4.211967654412953,5.036935479114126,32.80547450267763,contamination
2026-01-03 22:45:00,NODE_02,41.840095,-87.588121,7.036752103833548,3.168031026202658,8.211657670713915,30.116162790715833,none
2026-01-03 23:00:00,NODE_02,41.840095,-87.588121,7.260904363269189,4.383823385030879,5.260783892237258,30.70642230488101,contamination
2026-01-03 23:15:00,NODE_02,41.840095,-87.588121,6.503638200451563,4.963184434039489,3.6110014133180544,29.762299407396853,contamination
2026-01-03 23:30:00,NODE_02,41.840095,-87.588121,9.925041328429108,4.703803488576944,3.982656495540397,27.65829630089019,contamination
2026-01-03 23:45:00,NODE_02,41.840095,-87.588121,6.164480227353412,4.834023096246113,8.028472000360336,28.153611461690133,none
2026-01-04 00:00:00,NODE_02,41.840095,-87.588121,5.57475584790786,4.371806161291622,4.726228161858445,31.69864176049997,contamination
2026-01-04 00:15:00,NODE_02,41.840095,-87.588121,6.189699260391608,3.027371480146623,8.189311534721043,30.160334494555226,none
2026-01-04 00:30:00,NODE_02,41.840095,-87.588121,6.769769338622252,3.846611900914847,8.206390585793049,28.775563738101894,none
2026-01-04 00:45:00,NODE_02,41.840095,-87.588121,7.051785800016845,4.268428857506186,5.08988181365217,29.897918570151333,contamination
2026-01-04 01:00:00,NODE_02,41.840095,-87.588121,7.035455515887571,3.6655217644695215,4.487111250695673,30.923393216962545,contamination
2026-01-04 01:15:00,NODE_02,41.840095,-87.588121,7.035455515887571,3.351766902910961,5.799381703224925,30.612729543411593,contamination
2026-01-04 01:30:00,NODE_02,41.840095,-87.588121,7.95776834399615,3.4507458924446017,4.317286695752486,28.776312471712856,contamination
2026-01-04 01:45:00,NODE_02,41.840095,-87.588121,7.036752103833548,4.90436657594971,6.346517598469399,27.568041353630893,none
2026-01-04 02:00:00,NODE_02,41.840095,-87.588121,7.842979001264934,5.109312362176544,6.97831816991638,29.320426457204306,none
2026-01-04 02:15:00,NODE_02,41.840095,-87.588121,6.867301321799131,3.8235950398688825,3.3428573099939385,31.594569225941683,contamination
2026-01-04 02:30:00,NODE_02,41.840095,-87.588121,7.486780879606536,2.7484287971608525,5.294402917377832,31.21256171969744,contamination
2026-01-04 02:45:00,NODE_02,41.840095,-87.588121,6.980727163646463,5.437618576761173,5.036693175233522,30.546601169424367,contamination
2026-01-04 03:00:00,NODE_02,41.840095,-87.588121,9.534021716164196,2.7682389284849696,5.31896016391676,29.674675654837454,contamination
2026-01-04 03:15:00,NODE_02,41.840095,-87.588121,7.989376233974929,3.648743737198719,5.854326086177043,29.155876128945696,contamination
2026-01-04 03:30:00,NODE_02,41.840095,-87.588121,7.808856017557415,2.7982428424180505,8.143687038279468,29.702503665355085,none
2026-01-04 03:45:00,NODE_02,41.840095,-87.588121,5.057736411358974,3.163935937469414,7.870235194008794,31.103653768489806,none
2026-01-04 04:00:00,NODE_02,41.840095,-87.588121,8.817402774388958,3.8640984193819534,5.571926707082523,31.446282190390264,contamination
2026-01-04 04:15:00,NODE_02,41.840095,-87.588121,7.3489371420594365,4.725746456238614,5.0197393180635945,29.53831612465322,contamination
2026-01-04 04:30:00,NODE_02,41.840095,-87.588121,9.537878628968349,3.0245566409360234,4.224357170477769,33.73534323632801,contamination
2026-01-04 04:45:00,NODE_02,41.840095,-87.588121,5.554436511156818,2.0959140868029458,5.65685929272532,30.069601935702206,contamination
2026-01-04 05:00:00,NODE_02,41.840095,-87.588121,7.371050302429531,2.5602991476149146,3.6657013823531184,29.410563097134272,contamination
2026-01-04 05:15:00,NODE_02,41.840095,-87.588121,6.417716046874316,4.210327061428602,8.089087297599091,32.14450042995095,none
2026-01-04 05:30:00,NODE_02,41.840095,-87.588121,7.035455515887571,2.3800842267127287,5.644690364822271,26.87355147739321,contamination
2026-01-04 05:45:00,NODE_02,41.840095,-87.588121,7.510943342127445,3.3424090536108357,5.193949559109889,30.651046813884655,contamination
2026-01-04 06:00:00,NODE_02,41.840095,-87.588121,5.608623152458352,3.7775082665636655,8.230807552681853,29.821798683086676,none
2026-01-04 06:15:00,NODE_02,41.840095,-87.588121,4.668101687405915,4.4358209095098,8.250815488415315,32.10327275184366,none
2026-01-04 06:30:00,NODE_02,41.840095,-87.588121,6.617862257193747,4.6013511981931385,6.951866951327716,30.83838131001191,none
2026-01-04 06:45:00,NODE_02,41.840095,-87.588121,5.685216462878775,4.066156997388842,7.45114149717214,30.13964952679911,none
2026-01-04 07:00:00,NODE_02,41.840095,-87.588121,7.277143966771516,4.931353521983009,3.6103094254082735,30.924946968356444,contamination
2026-01-04 07:15:00,NODE_02,41.840095,-87.588121,6.150595718406801,4.847520234035199,6.77611521097286,28.347622803855494,none
2026-01-01 00:00:00,NODE_03,41.900166,-87.639655,5.418503763025523,4.506539591260472,6.077688210748455,26.99018612081261,none
2026-01-01 00:15:00,NODE_03,41.900166,-87.639655,7.035455515887571,3.5244138421322546,4.594732190324979,23.523077733574112,contamination
2026-01-01 00:30:00,NODE_03,41.900166,-87.639655,7.582941676733986,4.164028619351949,7.661909849634824,26.077702440315868,none
2026-01-01 00:45:00,NODE_03,41.900166,-87.639655,7.821970940156012,3.532958335149624,6.004803562647086,25.593377880723356,none
2026-01-01 01:00:00,NODE_03,41.900166,-87.639655,7.036752103833548,3.825936697459348,6.849657251429003,22.89537450453718,none
2026-01-01 01:15:00,NODE_03,41.900166,-87.639655,8.92398060773871,4.155583189522957,8.64423099696975,25.643369456238393,none
2026-01-01 01:30:00,NODE_03,41.900166,-87.639655,7.036752103833548,2.977047400244634,7.780945755322083,25.962936496653768,none
2026-01-01 01:45:00,NODE_03,41.900166,-87.639655,4.18749081481174,4.592959344095949,7.823588472242942,24.557642408157633,none
2026-01-01 02:00:00,NODE_03,41.900166,-87.639655,7.036752103833548,4.403876807334038,7.210092915079059,24.02132337083041,none
2026-01-01 02:15:00,NODE_03,41.900166,-87.639655,5.877974040440475,4.0322595038243865,3.0465249918797763,26.278222474236916,contamination
2026-01-01 02:30:00,NODE_03,41.900166,-87.639655,5.853560600803125,3.756873895137448,3.8426458955587313,26.083428870835533,contamination
2026-01-01 02:45:00,NODE_03,41.900166,-87.639655,7.074251443801101,4.878944115790008,8.456240431152574,25.880185002975384,none
2026-01-01 03:00:00,NODE_03,41.900166,-87.639655,7.035455515887571,4.167336456868864,3.1259562867287647,25.553219027626646,contamination
2026-01-01 03:15:00,NODE_03,41.900166,-87.639655,5.913374863624714,2.4998319694156934,4.437780269743612,24.690111843630923,contamination
2026-01-01 03:30:00,NODE_03,41.900166,-87.639655,7.74977378413344,4.317186297673677,7.02344797745905,28.94822854809147,none
2026-01-01 03:45:00,NODE_03,41.900166,-87.639655,7.233538435483265,3.679015067771328,5.229244618894141,25.092460108722186,contamination
2026-01-01 04:00:00,NODE_03,41.900166,-87.639655,7.303051906328316,4.144869940408154,5.543783651290045,24.242286323891143,contamination
2026-01-01 04:15:00,NODE_03,41.900166,-87.639655,7.036752103833548,3.789195950500151,7.357059115436149,25.62159728190952,none
2026-01-01 04:30:00,NODE_03,41.900166,-87.639655,6.903816977786621,3.867843302640828,6.508267206279741,25.268544799627644,none
2026-01-01 04:45:00,NODE_03,41.900166,-87.639655,5.973951249276727,4.208923205336376,4.351435714411786,25.057687156469584,contamination
2026-01-01 05:00:00,NODE_03,41.900166,-87.639655,10.94747263615245,3.112317481644133,4.540104630674747,28.3513705050033,contamination
2026-01-01 05:15:00,NODE_03,41.900166,-87.639655,6.073684981465111,5.249069810806525,8.476810274721045,23.84533464208741,none
2026-01-01 05:30:00,NODE_03,41.900166,-87.639655,7.035455515887571,3.817778953181653,3.6946453078951462,25.596111972284877,contamination
2026-01-01 05:45:00,NODE_03,41.900166,-87.639655,10.282067974894762,4.5729230043865705,5.827637819030716,23.94594683170155,contamination
2026-01-01 06:00:00,NODE_03,41.900166,-87.639655,7.036752103833548,4.12478067750866,8.776749027570816,24.728419212000276,none
2026-01-01 06:15:00,NODE_03,41.900166,-87.639655,7.035455515887571,3.3985925873166565,4.3391606707895845,28.14413029393687,contamination
2026-01-01 06:30:00,NODE_03,41.900166,-87.639655,5.694694238027413,3.870610799553027,7.986335477424538,25.96212395267716,none
2026-01-01 06:45:00,NODE_03,41.900166,-87.639655,9.778181812741442,4.143365318508068,8.737798036774171,25.944012261876896,none
2026-01-01 07:00:00,NODE_03,41.900166,-87.639655,7.618119571705241,3.769699537275837,8.621384071259643,24.13073452690254,none
2026-01-01 07:15:00,NODE_03,41.900166,-87.639655,7.01683611325458,4.101397991008648,5.119902790402789,24.903024031019147,contamination
2026-01-01 07:30:00,NODE_03,41.900166,-87.639655,4.233558617035277,3.5156720788235405,4.12344119990405,28.274638651432074,contamination
2026-01-01 07:45:00,NODE_03,41.900166,-87.639655,7.036752103833548,4.323784880397048,7.019077855438761,26.288999738749688,none
2026-01-01 08:00:00,NODE_03,41.900166,-87.639655,11.568767965914164,3.761288428295522,3.135957836882684,25.030384091629962,contamination
2026-01-01 08:15:00,NODE_03,41.900166,-87.639655,7.035455515887571,3.4280959259455384,4.04983481858892,26.200867254549227,contamination
2026-01-01 08:30:00,NODE_03,41.900166,-87.639655,7.685396843315841,4.179187127681619,5.787865206786178,25.941452163911134,contamination
2026-01-01 08:45:00,NODE_03,41.900166,-87.639655,7.9484883721691055,3.891124346326485,4.137679611541347,24.280796888316505,contamination
2026-01-01 09:00:00,NODE_03,41.900166,-87.639655,7.912361028113824,2.878515630522547,5.49410311866591,24.98674399631121,contamination
2026-01-01 09:15:00,NODE_03,41.900166,-87.639655,6.495435285215991,3.3904705401970827,5.526976514249802,28.92176052225612,contamination
2026-01-01 09:30:00,NODE_03,41.900166,-87.639655,8.832142260904973,3.9145118853536345,7.848721947991837,26.12796024426428,none
2026-01-01 09:45:00,NODE_03,41.900166,-87.639655,5.984941214650305,3.4886752740390854,4.895966041188567,23.186393352130004,contamination
2026-01-01 10:00:00,NODE_03,41.900166,-87.639655,4.296247023728075,4.16332898150423,7.170977337784664,26.305271591463935,none
2026-01-01 10:15:00,NODE_03,41.900166,-87.639655,7.094802142633516,4.084660032563328,3.3110357422028294,27.49458877863624,contamination
2026-01-01 10:30:00,NODE_03,41.900166,-87.639655,7.0258217707497685,4.746091948559119,6.087371354967316,5.4698493970989785,leak
2026-01-01 10:45:00,NODE_03,41.900166,-87.639655,7.035455515887571,4.217743744931683,4.743045280125329,24.8546929240691,contamination
2026-01-01 11:00:00,NODE_03,41.900166,-87.639655,7.213537481050567,3.497480960958101,4.278212932878291,27.7206128015321,contamination
2026-01-01 11:15:00,NODE_03,41.900166,-87.639655,6.373288071168332,4.538108781438108,7.339063738289778,25.592325072333665,none
2026-01-01 11:30:00,NODE_03,41.900166,-87.639655,9.540252240007296,3.3295038991199046,7.65207147441194,25.325639034907386,none
2026-01-01 11:45:00,NODE_03,41.900166,-87.639655,4.293961234794354,5.105120757070882,4.05060897327219,23.5358693242766,contamination
2026-01-01 12:00:00,NODE_03,41.900166,-87.639655,9.495456381941786,4.168541279325788,6.636832545856543,27.145805831815622,none
2026-01-01 12:15:00,NODE_03,41.900166,-87.639655,9.085637101693884,2.544020275544053,5.275505642749172,25.25725281396838,contamination
2026-01-01 12:30:00,NODE_03,41.900166,-87.639655,7.865756954092344,3.738618342932626,3.043884776633027,22.283481966359165,contamination
2026-01-01 12:45:00,NODE_03,41.900166,-87.639655,7.035455515887571,4.494459701511088,3.621726899306635,23.18100009694494,contamination
2026-01-01 13:00:00,NODE_03,41.900166,-87.639655,8.182103306174486,4.605237762146883,8.455779691119323,24.69758544632027,none
2026-01-01 13:15:00,NODE_03,41.900166,-87.639655,8.293720110388866,3.954715282670768,4.159860517901503,23.930692929350368,contamination
2026-01-01 13:30:00,NODE_03,41.900166,-87.639655,4.059431468029172,4.330321564154249,4.987451840824825,24.16601373854435,contamination
2026-01-01 13:45:00,NODE_03,41.900166,-87.639655,6.692531669059861,2.9421153671384173,6.586076882545825,29.056961212049465,none
2026-01-01 14:00:00,NODE_03,41.900166,-87.639655,5.5140621851991725,4.46036293825241,4.172265456988911,26.601240889593477,contamination
2026-01-01 14:15:00,NODE_03,41.900166,-87.639655,9.48960096649994,4.300694899087454,7.816333455916027,21.673938834602804,none
2026-01-01 14:30:00,NODE_03,41.900166,-87.639655,9.221955642445518,4.294251987225159,6.171284281529652,25.068473502263565,none
2026-01-01 14:45:00,NODE_03,41.900166,-87.639655,6.193170101205059,3.466645288112605,8.018477665674252,25.405716258063517,none
2026-01-01 15:00:00,NODE_03,41.900166,-87.639655,6.658833571629886,3.969740440383512,7.591272660981728,23.324555468189367,none
2026-01-01 15:15:00,NODE_03,41.900166,-87.639655,5.803496975764156,2.1817141666785806,7.988357198230991,26.341535827398236,none
2026-01-01 15:30:00,NODE_03,41.900166,-87.639655,6.83221738756748,3.1454155114301705,5.557754864815028,22.477872381384444,contamination
2026-01-01 15:45:00,NODE_03,41.900166,-87.639655,8.64953494696306,5.229809192531628,4.624939254650279,27.185376805749875,contamination
2026-01-01 16:00:00,NODE_03,41.900166,-87.639655,7.746343115356286,3.678686031235552,6.602631540420685,27.702251341678647,none
2026-01-01 16:15:00,NODE_03,41.900166,-87.639655,6.1859248920520455,4.090264381918475,6.917106407431466,29.068833987529825,none
2026-01-01 16:30:00,NODE_03,41.900166,-87.639655,7.035455515887571,4.383921813522324,4.244913646200235,23.17846248774495,contamination
2026-01-01 16:45:00,NODE_03,41.900166,-87.639655,5.90590695420357,2.9172840562365963,7.955604280942818,23.483610331344117,none
2026-01-01 17:00:00,NODE_03,41.900166,-87.639655,6.702496216244025,4.267952933982107,4.158635978451092,26.578964420473415,contamination
2026-01-01 17:15:00,NODE_03,41.900166,-87.639655,8.721726710620581,2.5550269039968736,4.7655148054769665,27.313976451693286,contamination
2026-01-01 17:30:00,NODE_03,41.900166,-87.639655,7.691486298425762,4.042497483266329,3.5561183372475345,26.753385361132178,contamination
2026-01-01 17:45:00,NODE_03,41.900166,-87.639655,6.947028539657349,2.60018773266633,4.799313944911494,27.159531879885712,contamination
2026-01-01 18:00:00,NODE_03,41.900166,-87.639655,10.026223807942117,3.736228470573536,6.21333212464031,27.60519741204187,none
2026-01-01 18:15:00,NODE_03,41.900166,-87.639655,6.762832521891738,4.916579160751283,5.605918919470277,25.84333196238817,contamination
2026-01-01 18:30:00,NODE_03,41.900166,-87.639655,5.3270235340963366,4.85582125104602,8.22988342567223,25.22113149896343,none
2026-01-01 18:45:00,NODE_03,41.900166,-87.639655,8.0401875566739,3.221138969011636,5.237260137228378,23.487690557206214,contamination
2026-01-01 19:00:00,NODE_03,41.900166,-87.639655,10.356118827208377,4.201849441297085,8.453365291768257,25.092798261270623,none
2026-01-01 19:15:00,NODE_03,41.900166,-87.639655,6.9549072165208425,3.169714975942725,4.754004270497474,5.727523870660452,leak
2026-01-01 19:30:00,NODE_03,41.900166,-87.639655,7.035455515887571,4.410673878237046,3.4009517442315538,24.115429509107937,contamination
2026-01-01 19:45:00,NODE_03,41.900166,-87.639655,4.979468811483327,3.43902165089796,8.843590325997207,25.482620067358724,none
2026-01-01 20:00:00,NODE_03,41.900166,-87.639655,8.154840855474227,3.696327574847777,4.352328851659092,23.946387918475097,contamination
2026-01-01 20:15:00,NODE_03,41.900166,-87.639655,6.91260756198984,2.6122489531921698,5.87549350700322,27.209954873615075,contamination
2026-01-01 20:30:00,NODE_03,41.900166,-87.639655,9.185417502207793,4.186674617804839,7.829067183748704,26.17869307286306,none
2026-01-01 20:45:00,NODE_03,41.900166,-87.639655,6.641174116155328,3.1547011218912004,6.767617622436639,24.85055083583685,none
2026-01-01 21:00:00,NODE_03,41.900166,-87.639655,4.077920470156396,4.78905205310489,7.221230338136941,25.823217280833447,none
2026-01-01 21:15:00,NODE_03,41.900166,-87.639655,6.30476863013428,5.109934757659329,8.033044623353096,23.882321725557095,none
2026-01-01 21:30:00,NODE_03,41.900166,-87.639655,13.349888560662292,2.5310748546478967,5.2446984939956875,24.034417224415424,contamination
2026-01-01 21:45:00,NODE_03,41.900166,-87.639655,7.116132606475939,3.915381677508523,7.805944058923357,24.589174411678485,none
2026-01-01 22:00:00,NODE_03,41.900166,-87.639655,7.633570087677555,2.927066766886376,4.586173257295307,25.25206426348067,contamination
2026-01-01 22:15:00,NODE_03,41.900166,-87.639655,7.657991236998258,2.437296287559579,6.2714889332876,25.751759087827857,none
2026-01-01 22:30:00,NODE_03,41.900166,-87.639655,7.776044112626788,5.425945934424112,7.492587948082358,25.75769091943833,none
2026-01-01 22:45:00,NODE_03,41.900166,-87.639655,8.141861116382476,4.136950485502741,3.835372639120719,23.56178986934837,contamination
2026-01-01 23:00:00,NODE_03,41.900166,-87.639655,5.744504157048756,3.5335001498780327,8.173159067994135,25.418863044756083,none
2026-01-01 23:15:00,NODE_03,41.900166,-87.639655,7.25793099486329,4.266922561350852,5.471302187397368,24.312873388221988,contamination
2026-01-01 23:30:00,NODE_03,41.900166,-87.639655,6.143018479793687,5.370403410374523,8.676713746614318,20.42650626291837,none
2026-01-01 23:45:00,NODE_03,41.900166,-87.639655,0.975577989772022,2.533996269917253,5.330371450221682,30.153334666378743,contamination
2026-01-02 00:00:00,NODE_03,41.900166,-87.639655,9.68047477847056,2.795840129760072,5.464943798885313,24.341980280164954,contamination
2026-01-02 00:15:00,NODE_03,41.900166,-87.639655,5.934279093094346,5.217895023653352,7.314065389050988,24.425228137877113,none
2026-01-02 00:30:00,NODE_03,41.900166,-87.639655,7.499844501955668,4.663869576482976,7.226231288425584,23.520302185553433,none
2026-01-02 00:45:00,NODE_03,41.900166,-87.639655,7.790874862321438,3.076214340708842,5.360125022121927,23.953716937048558,contamination
2026-01-02 01:00:00,NODE_03,41.900166,-87.639655,7.493290815928302,3.7487469097257824,7.756683880492341,25.256947896723144,none
2026-01-02 01:15:00,NODE_03,41.900166,-87.639655,5.348213658597068,3.3111681102507315,5.243515723236215,27.56767635527436,contamination
2026-01-02 01:30:00,NODE_03,41.900166,-87.639655,7.036752103833548,4.141552313336079,6.449331395042708,25.2484333617728,none
2026-01-02 01:45:00,NODE_03,41.900166,-87.639655,6.417702476103476,4.046305671849512,6.1967372179399085,25.05461290524231,none
2026-01-02 02:00:00,NODE_03,41.900166,-87.639655,5.468360932331922,4.93346794921327,8.188246346179621,27.3403673346264,none
2026-01-02 02:15:00,NODE_03,41.900166,-87.639655,5.0941643608551495,4.710936484050327,7.679152307784941,24.753361573291695,none
2026-01-02 02:30:00,NODE_03,41.900166,-87.639655,6.588007289609895,4.216454466143605,4.245722917002121,25.571680462457817,contamination
2026-01-02 02:45:00,NODE_03,41.900166,-87.639655,7.035455515887571,4.126407533121048,5.665392329768762,24.15760127127485,contamination
2026-01-02 03:00:00,NODE_03,41.900166,-87.639655,7.036752103833548,5.068469997878655,7.164175422782871,28.067656620523174,none
2026-01-02 03:15:00,NODE_03,41.900166,-87.639655,6.886512603355119,3.5997564926270806,8.387895268801822,6.13241196250909,leak
2026-01-02 03:30:00,NODE_03,41.900166,-87.639655,6.898315040728939,3.822307139365953,5.574361182753311,25.31047531479427,contamination
2026-01-02 03:45:00,NODE_03,41.900166,-87.639655,6.150034400886871,3.4444424918515057,6.218535892635599,24.94079144628823,none
2026-01-02 04:00:00,NODE_03,41.900166,-87.639655,7.184973118804081,3.665410662111125,4.2869547955226714,25.49219718413921,contamination
2026-01-02 04:15:00,NODE_03,41.900166,-87.639655,4.723312573250525,3.917586695104175,3.6031954561498356,25.33238250117812,contamination
2026-01-02 04:30:00,NODE_03,41.900166,-87.639655,6.970036693982143,4.27528772019042,4.5426031200280175,23.21972687111031,contamination
2026-01-02 04:45:00,NODE_03,41.900166,-87.639655,5.813546487993315,3.721425933150612,5.20868664758565,27.163957546232382,contamination
2026-01-02 05:00:00,NODE_03,41.900166,-87.639655,8.837786915479438,2.0870802171798366,7.939095336370968,25.19924969872774,none
2026-01-02 05:15:00,NODE_03,41.900166,-87.639655,9.380658050788323,4.034349047158281,5.0003157293516916,28.387466933163537,contamination
2026-01-02 05:30:00,NODE_03,41.900166,-87.639655,5.289618437232331,4.5481003496821,6.124932067019941,26.172679935238193,none
2026-01-02 05:45:00,NODE_03,41.900166,-87.639655,7.810144933196836,4.033773709343139,5.24401420911421,21.75832639389978,contamination
2026-01-02 06:00:00,NODE_03,41.900166,-87.639655,8.594677108362674,4.754072499317674,5.438140859679186,23.617521194320744,contamination
2026-01-02 06:15:00,NODE_03,41.900166,-87.639655,5.728823779303805,4.412173550093767,7.822415261725707,22.32087370901693,none
2026-01-02 06:30:00,NODE_03,41.900166,-87.639655,6.615350134913252,4.453443264734048,7.569474002417948,23.598884287615974,none
2026-01-02 06:45:00,NODE_03,41.900166,-87.639655,4.737391256802652,3.8533880722545097,5.479956172381922,23.089553857810248,contamination
2026-01-02 07:00:00,NODE_03,41.900166,-87.639655,6.676137319471859,4.33664848480327,6.1303000717069125,25.91880760466708,none
2026-01-02 07:15:00,NODE_03,41.900166,-87.639655,7.376161138266742,4.0102353937852335,6.783085174607544,25.065828356684907,none
2026-01-02 07:30:00,NODE_03,41.900166,-87.639655,5.530055021165576,3.3274721394344917,8.627287616577465,26.650766246137653,none
2026-01-02 07:45:00,NODE_03,41.900166,-87.639655,5.334183579602803,5.091357101284415,8.257037107595867,25.482806995083376,none
2026-01-02 08:00:00,NODE_03,41.900166,-87.639655,9.302441187910585,3.6759854978305095,3.017155744082368,25.17949276687707,contamination
2026-01-02 08:15:00,NODE_03,41.900166,-87.639655,6.470151959152821,3.12539111192484,4.397477259669374,28.544766792998335,contamination
2026-01-02 08:30:00,NODE_03,41.900166,-87.639655,7.603775446495936,3.5849850237337204,7.588718042138025,25.87419031988207,none
2026-01-02 08:45:00,NODE_03,41.900166,-87.639655,9.831401690527043,3.3118081384490137,3.9120908173439988,25.41918909284046,contamination
2026-01-02 09:00:00,NODE_03,41.900166,-87.639655,6.569053876389385,4.204699128535813,6.892179996185969,24.259794988992255,none
2026-01-02 09:15:00,NODE_03,41.900166,-87.639655,5.924540482437398,4.224342508773007,5.883478247130496,23.77608609558988,contamination
2026-01-02 09:30:00,NODE_03,41.900166,-87.639655,6.8663565150600006,4.346153563046948,6.623371394114262,26.69570789668247,none
2026-01-02 09:45:00,NODE_03,41.900166,-87.639655,5.952267969284858,4.769768271388487,5.547537016505112,26.606000365846608,contamination
2026-01-02 10:00:00,NODE_03,41.900166,-87.639655,4.252985000876296,3.58830042034225,4.218035405118332,27.89732447751782,contamination
2026-01-02 10:15:00,NODE_03,41.900166,-87.639655,6.948265449383849,4.09561181325633,7.245784312718461,26.258323759048544,none
2026-01-02 10:30:00,NODE_03,41.900166,-87.639655,7.875895135481787,4.238589203481521,3.2406667393671422,24.950302112935002,contamination
2026-01-02 10:45:00,NODE_03,41.900166,-87.639655,4.374877631689642,3.030107847333986,6.851634544772139,26.306471787249794,none
2026-01-02 11:00:00,NODE_03,41.900166,-87.639655,5.921247069476017,3.7467755604654815,3.047228738987031,25.419505465788408,contamination
2026-01-02 11:15:00,NODE_03,41.900166,-87.639655,8.41997068212899,3.962478314282775,3.0514493457455942,26.838034070204976,contamination
2026-01-02 11:30:00,NODE_03,41.900166,-87.639655,7.036752103833548,4.164772623814826,7.076606072981576,27.541454109372385,none
2026-01-02 11:45:00,NODE_03,41.900166,-87.639655,9.130607243837645,5.288486793442537,5.1184755063571625,25.287121849518638,contamination
2026-01-02 12:00:00,NODE_03,41.900166,-87.639655,5.43251208523776,3.8744253151616057,7.147453381747783,28.17592082881643,none
2026-01-02 12:15:00,NODE_03,41.900166,-87.639655,6.32037528471829,2.7286173523352666,3.3979337328028594,27.322477270526598,contamination
2026-01-02 12:30:00,NODE_03,41.900166,-87.639655,8.174028130575552,3.986780704094196,4.534907153685231,25.566482878240926,contamination
2026-01-02 12:45:00,NODE_03,41.900166,-87.639655,7.036752103833548,3.772919264661592,6.011742317206172,26.54607128168123,none
2026-01-02 13:00:00,NODE_03,41.900166,-87.639655,3.388090610523891,2.798600948267049,5.815241231574432,25.998201699564596,contamination
2026-01-02 13:15:00,NODE_03,41.900166,-87.639655,5.913132932597382,3.900211313902089,7.219218860402986,25.57294735830076,none
2026-01-02 13:30:00,NODE_03,41.900166,-87.639655,7.035455515887571,4.197595209206819,4.2070048657119985,28.409673953803836,contamination
2026-01-02 13:45:00,NODE_03,41.900166,-87.639655,9.076317993707086,3.436985823583103,4.171780822745347,26.316363060580358,contamination
2026-01-02 14:00:00,NODE_03,41.900166,-87.639655,7.035455515887571,3.027946496632832,3.2079849911632943,24.27850382814773,contamination
2026-01-02 14:15:00,NODE_03,41.900166,-87.639655,5.869736755337525,4.689315047790611,4.91496671937548,23.998001853701407,contamination
2026-01-02 14:30:00,NODE_03,41.900166,-87.639655,6.79265509816682,1.9177543925715308,6.6819662132100826,5.4417851512292446,leak
2026-01-02 14:45:00,NODE_03,41.900166,-87.639655,7.036752103833548,3.345543355479072,7.0177120215866005,26.27421312047158,none
2026-01-02 15:00:00,NODE_03,41.900166,-87.639655,6.48819323961521,4.592073570820997,3.4153064799881827,25.027685860615733,contamination
2026-01-02 15:15:00,NODE_03,41.900166,-87.639655,7.035455515887571,4.476991214592083,4.736520504106778,26.039896944013485,contamination
2026-01-02 15:30:00,NODE_03,41.900166,-87.639655,5.500276575154884,5.147535911439108,6.654819596344481,26.94455079653638,none
2026-01-02 15:45:00,NODE_03,41.900166,-87.639655,7.436537226981672,4.497629168137822,5.605232363824146,28.583026664742754,contamination
2026-01-02 16:00:00,NODE_03,41.900166,-87.639655,7.035455515887571,3.761633184058843,4.1373829751269415,25.062246518561786,contamination
2026-01-02 16:15:00,NODE_03,41.900166,-87.639655,13.175401724233025,4.106924490038661,6.4618897159995115,23.427130458094474,none
2026-01-02 16:30:00,NODE_03,41.900166,-87.639655,8.205541814653984,3.63403066847096,4.855581176154557,28.22855946709041,contamination
2026-01-02 16:45:00,NODE_03,41.900166,-87.639655,7.947485785725746,3.700853839705055,4.8992179604985395,23.35430513561571,contamination
2026-01-02 17:00:00,NODE_03,41.900166,-87.639655,5.89241318577243,3.3118131930849275,7.405805430364529,23.295313307910632,none
2026-01-02 17:15:00,NODE_03,41.900166,-87.639655,7.036752103833548,3.619545637398924,7.773903446769734,28.189631759044666,none
2026-01-02 17:30:00,NODE_03,41.900166,-87.639655,7.035455515887571,3.4631725477162503,4.482443011913648,27.139303660700538,contamination
2026-01-02 17:45:00,NODE_03,41.900166,-87.639655,7.780868679242907,4.602026774692102,8.66656529518026,26.267216880933592,none
2026-01-02 18:00:00,NODE_03,41.900166,-87.639655,7.870853412371953,4.221613951476428,8.237201201044076,25.46507487291411,none
2026-01-02 18:15:00,NODE_03,41.900166,-87.639655,11.26782838471403,4.153347001241887,5.819795375909467,25.181150343001438,contamination
2026-01-02 18:30:00,NODE_03,41.900166,-87.639655,7.027296860302588,3.3926664230795134,7.725211257256245,5.555872830209808,leak
2026-01-02 18:45:00,NODE_03,41.900166,-87.639655,7.710959938844849,4.288946820394494,8.35975041249452,25.115391607681197,none
2026-01-02 19:00:00,NODE_03,41.900166,-87.639655,5.9837312940398855,3.849382769796561,5.498495705607227,25.468833297548237,contamination
2026-01-02 19:15:00,NODE_03,41.900166,-87.639655,9.459930509926664,3.322889737953824,4.087293967847487,23.47828153118519,contamination
2026-01-02 19:30:00,NODE_03,41.900166,-87.639655,6.643734375617576,3.920607408198088,8.573292437358088,24.309613595135637,none
2026-01-02 19:45:00,NODE_03,41.900166,-87.639655,7.035455515887571,5.03749221567298,3.3301898526033455,22.372078995798027,contamination
2026-01-02 20:00:00,NODE_03,41.900166,-87.639655,6.381978996412815,3.299047219076856,5.775141526029044,25.65684754724479,contamination
2026-01-02 20:15:00,NODE_03,41.900166,-87.639655,7.240351005742477,3.782971899999771,4.894930545248675,25.65710817072081,contamination
2026-01-02 20:30:00,NODE_03,41.900166,-87.639655,8.639540977998708,4.192932215458884,3.1631722455669333,28.20772952349209,contamination
2026-01-02 20:45:00,NODE_03,41.900166,-87.639655,7.345138416508713,4.297994790844033,4.932770170952434,26.103288752143158,contamination
2026-01-02 21:00:00,NODE_03,41.900166,-87.639655,4.855587760461034,4.697153025520578,7.993351971279779,24.70589326872125,none
2026-01-02 21:15:00,NODE_03,41.900166,-87.639655,8.977821883109304,3.1999996142418063,8.126397794718462,25.23942386654472,none
2026-01-02 21:30:00,NODE_03,41.900166,-87.639655,7.414148196336244,3.160624468232638,4.664063129340259,26.270189837860972,contamination
2026-01-02 21:45:00,NODE_03,41.900166,-87.639655,5.230003189525934,3.045612105934353,5.243383049278117,25.88137530891182,contamination
2026-01-02 22:00:00,NODE_03,41.900166,-87.639655,8.892998479215112,3.619132804902203,7.3257235349367775,26.407385247911716,none
2026-01-02 22:15:00,NODE_03,41.900166,-87.639655,7.4132883405347805,3.290105906261202,4.241482395962388,26.10552352940122,contamination
2026-01-02 22:30:00,NODE_03,41.900166,-87.639655,6.8649167394504005,4.493746769178872,8.292754794208186,25.16098997130932,none
2026-01-02 22:45:00,NODE_03,41.900166,-87.639655,9.82548990813439,2.857472426051184,3.1270268363171514,24.736266432484822,contamination
2026-01-02 23:00:00,NODE_03,41.900166,-87.639655,4.370476580258797,4.64938203413864,4.739178471291674,24.65561306315437,contamination
2026-01-02 23:15:00,NODE_03,41.900166,-87.639655,7.3401708843321565,3.919139532735149,8.56039665960766,24.152049442161232,none
2026-01-02 23:30:00,NODE_03,41.900166,-87.639655,7.035455515887571,3.215740139131738,5.846233185449133,23.91677744343253,contamination
2026-01-02 23:45:00,NODE_03,41.900166,-87.639655,8.264090516352203,3.4105107155681607,8.646617211680972,28.29765226538803,none
2026-01-03 00:00:00,NODE_03,41.900166,-87.639655,7.950816583814905,4.543685406277425,5.056186030338017,25.727021596563404,contamination
2026-01-03 00:15:00,NODE_03,41.900166,-87.639655,7.035455515887571,4.894842462723428,3.0748986663601716,5.723991003016609,leak
2026-01-03 00:30:00,NODE_03,41.900166,-87.639655,5.970578907790694,5.013281168465715,3.514302530131628,24.79612989483496,contamination
2026-01-03 00:45:00,NODE_03,41.900166,-87.639655,6.283678794634559,4.480771310094809,4.360736999768502,26.18327503309072,contamination
2026-01-03 01:00:00,NODE_03,41.900166,-87.639655,7.035455515887571,3.5681965996986538,4.364617328408604,27.345452198178428,contamination
2026-01-03 01:15:00,NODE_03,41.900166,-87.639655,7.893312711115429,4.097360116401124,7.554956167287549,26.62485308347793,none
2026-01-03 01:30:00,NODE_03,41.900166,-87.639655,3.3376289979634506,3.3001918826882606,5.73063910460327,26.922340000061585,contamination
2026-01-03 01:45:00,NODE_03,41.900166,-87.639655,8.043889299098865,3.1599493699500583,4.917096476744763,24.660163195818352,contamination
2026-01-03 02:00:00,NODE_03,41.900166,-87.639655,10.164173337271418,3.530940954727128,5.860605293554526,25.53376250641925,contamination
2026-01-03 02:15:00,NODE_03,41.900166,-87.639655,8.969697389596341,3.983098817989866,5.644846919633993,24.67988920130588,contamination
2026-01-03 02:30:00,NODE_03,41.900166,-87.639655,8.205447052623702,3.7399216697331688,4.75349938659237,25.700503467299182,contamination
2026-01-03 02:45:00,NODE_03,41.900166,-87.639655,6.683367696720804,5.208061134164884,8.745501413923666,27.448842881181637,none
2026-01-03 03:00:00,NODE_03,41.900166,-87.639655,5.038316783143259,3.913695775844471,7.395616299365013,26.19906213645008,none
2026-01-03 03:15:00,NODE_03,41.900166,-87.639655,9.159660476654182,5.452362325257576,6.189564837823548,27.980027918088396,none
2026-01-03 03:30:00,NODE_03,41.900166,-87.639655,7.053116739303244,5.671998849860188,5.22169416977853,25.107170953419107,contamination
2026-01-03 03:45:00,NODE_03,41.900166,-87.639655,6.665774201161871,4.903553219156194,7.805479045899144,24.32951478806875,none
2026-01-03 04:00:00,NODE_03,41.900166,-87.639655,8.410460642866257,2.977359946090722,4.7822483417091375,26.30814909913574,contamination
2026-01-03 04:15:00,NODE_03,41.900166,-87.639655,8.580008559294866,3.195591056480895,5.1079206175746865,25.718243913928546,contamination
2026-01-03 04:30:00,NODE_03,41.900166,-87.639655,5.624819996402396,4.355489161530189,7.632089895883727,26.024009748841323,none
2026-01-03 04:45:00,NODE_03,41.900166,-87.639655,8.506979070074129,3.8817938351483177,3.692383961779595,25.799786613544068,contamination
2026-01-03 05:00:00,NODE_03,41.900166,-87.639655,7.017295398626637,4.899611272468954,7.560346243507183,24.813304809067105,none
2026-01-03 05:15:00,NODE_03,41.900166,-87.639655,4.901906856012032,4.103534274020024,7.83219533893386,25.83356044074932,none
2026-01-03 05:30:00,NODE_03,41.900166,-87.639655,6.7440642612684085,3.53412596272367,3.738858056431595,27.000012172838076,contamination
2026-01-03 05:45:00,NODE_03,41.900166,-87.639655,7.3764491048464,5.767354666497637,6.861724043924522,27.15411793094725,none
2026-01-03 06:00:00,NODE_03,41.900166,-87.639655,5.141506876714266,4.510578266177086,7.534017269388398,24.805681470316262,none
2026-01-03 06:15:00,NODE_03,41.900166,-87.639655,4.16111196816975,4.16824218857341,4.504727099753845,25.886465266690045,contamination
2026-01-03 06:30:00,NODE_03,41.900166,-87.639655,8.859696040242188,4.575331195431778,5.928560924964251,27.7556229934167,contamination
2026-01-03 06:45:00,NODE_03,41.900166,-87.639655,7.035455515887571,3.259749193787483,5.0503613322225265,24.83812024550503,contamination
2026-01-03 07:00:00,NODE_03,41.900166,-87.639655,8.174186267047556,4.709402884560948,8.420334427518942,24.565786769945493,none
2026-01-03 07:15:00,NODE_03,41.900166,-87.639655,7.078659419377965,3.696640140724124,5.400220296230604,26.731560815047626,contamination
2026-01-03 07:30:00,NODE_03,41.900166,-87.639655,9.51462662210288,2.645036370222636,6.045067625941699,26.46839517956504,none
2026-01-03 07:45:00,NODE_03,41.900166,-87.639655,7.904053370906855,3.1372804215828185,3.375661678550494,24.284492246496153,contamination
2026-01-03 08:00:00,NODE_03,41.900166,-87.639655,6.791097166019485,3.0840397616728685,3.6016589335357994,23.440765473658054,contamination
2026-01-03 08:15:00,NODE_03,41.900166,-87.639655,9.349469962360622,3.778022672484786,3.648681027383339,25.85729052253884,contamination
2026-01-03 08:30:00,NODE_03,41.900166,-87.639655,8.631270000435086,3.64094400316757,5.073635428159621,24.91206072229693,contamination
2026-01-03 08:45:00,NODE_03,41.900166,-87.639655,5.018132384268232,4.286478967398262,4.8091186651598505,23.0138419871517,contamination
2026-01-03 09:00:00,NODE_03,41.900166,-87.639655,6.297845634002767,1.6805540245774622,4.856974694095765,24.509152583321622,contamination
2026-01-03 09:15:00,NODE_03,41.900166,-87.639655,6.096128347500615,2.956447478165364,5.8223198990685034,26.443871091646184,contamination
2026-01-03 09:30:00,NODE_03,41.900166,-87.639655,7.172323075211824,3.0842156404583103,5.327734598421918,25.312840302727828,contamination
2026-01-03 09:45:00,NODE_03,41.900166,-87.639655,10.223862164528772,2.672988736934779,3.3838107735353495,27.889112436622312,contamination
2026-01-03 10:00:00,NODE_03,41.900166,-87.639655,7.035455515887571,4.515322333911783,4.042521247275543,22.40910025346621,contamination
2026-01-03 10:15:00,NODE_03,41.900166,-87.639655,1.985383359263048,3.923093197436791,4.306180938527207,27.546944926325043,contamination
2026-01-03 10:30:00,NODE_03,41.900166,-87.639655,10.209955798031316,4.112597751648249,4.1878847662428145,25.024101299445036,contamination
2026-01-03 10:45:00,NODE_03,41.900166,-87.639655,7.035455515887571,3.1983438599807616,5.0079258274856375,24.80732436515975,contamination
2026-01-03 11:00:00,NODE_03,41.900166,-87.639655,5.830542048973098,5.192116650426924,5.675679309769688,23.21316561412194,contamination
2026-01-03 11:15:00,NODE_03,41.900166,-87.639655,5.608745231813571,4.644211644910143,3.918154390568364,26.237579142808457,contamination
2026-01-03 11:30:00,NODE_03,41.900166,-87.639655,8.45790103691031,4.914276094825079,4.655631409263557,22.79981337810396,contamination
2026-01-03 11:45:00,NODE_03,41.900166,-87.639655,7.490807653925485,3.716367554767152,8.065072874740974,26.766811835991195,none
2026-01-03 12:00:00,NODE_03,41.900166,-87.639655,5.389845930491161,3.5776749209970067,4.248654176536048,23.26991027153168,contamination
2026-01-03 12:15:00,NODE_03,41.900166,-87.639655,5.05727054567867,4.432270873166642,3.5043543851978876,23.506397428738953,contamination
2026-01-03 12:30:00,NODE_03,41.900166,-87.639655,5.7398163326022,2.7225712077897968,4.424852895791245,23.753134444070298,contamination
2026-01-03 12:45:00,NODE_03,41.900166,-87.639655,9.011588753600265,2.897292531479614,3.1656675622290855,24.466031418004075,contamination
2026-01-03 13:00:00,NODE_03,41.900166,-87.639655,5.202672012815987,3.9279805758489776,5.82715036200683,26.95307028074357,contamination
2026-01-03 13:15:00,NODE_03,41.900166,-87.639655,6.032188902899926,3.423831621257197,3.224463615584919,27.7958911695268,contamination
2026-01-03 13:30:00,NODE_03,41.900166,-87.639655,4.865444268085012,5.070254359377525,7.739416035500389,24.62106604568428,none
2026-01-03 13:45:00,NODE_03,41.900166,-87.639655,5.149133288190244,4.839176157668723,4.589643783265578,25.47011171713522,contamination
2026-01-03 14:00:00,NODE_03,41.900166,-87.639655,7.035455515887571,4.543581169567961,5.955911496861857,26.274832332703088,contamination
2026-01-03 14:15:00,NODE_03,41.900166,-87.639655,7.664628096551665,3.4874068798248765,3.4980654709285823,25.045987823493462,contamination
2026-01-03 14:30:00,NODE_03,41.900166,-87.639655,5.588537190733878,4.373998580206613,3.3432945558370757,26.216092810033814,contamination
2026-01-03 14:45:00,NODE_03,41.900166,-87.639655,9.313465892899943,4.493612764909594,3.0261184411876307,25.53383716183827,contamination
2026-01-03 15:00:00,NODE_03,41.900166,-87.639655,8.719764331543185,2.887725422454221,3.466714310607907,25.15976655095952,contamination
2026-01-03 15:15:00,NODE_03,41.900166,-87.639655,5.041405027891031,4.543685761333924,3.621818937203003,23.410232826741172,contamination
2026-01-03 15:30:00,NODE_03,41.900166,-87.639655,7.274756854860161,4.271580716118446,4.891742824749277,25.763521165981324,contamination
2026-01-03 15:45:00,NODE_03,41.900166,-87.639655,7.689358003612376,4.978556094767624,3.6591203711742013,26.977519926066407,contamination
2026-01-03 16:00:00,NODE_03,41.900166,-87.639655,7.035455515887571,4.004871127571583,3.0615624441879756,24.372539597483897,contamination
2026-01-03 16:15:00,NODE_03,41.900166,-87.639655,7.760189364703282,4.590527648801448,6.163535669732577,22.587550417810327,none
2026-01-03 16:30:00,NODE_03,41.900166,-87.639655,3.854617678402051,4.2904350458230125,4.0967871030119,25.060630405651363,contamination
2026-01-03 16:45:00,NODE_03,41.900166,-87.639655,7.918150470853138,4.028958007331559,4.061090059742202,27.8046123363056,contamination
2026-01-03 17:00:00,NODE_03,41.900166,-87.639655,7.386581819694894,3.7913725882785383,7.5260518520522375,27.357881272325944,none
2026-01-03 17:15:00,NODE_03,41.900166,-87.639655,7.035455515887571,2.604959924643713,5.926119831439262,24.66926306042044,contamination
2026-01-03 17:30:00,NODE_03,41.900166,-87.639655,7.036752103833548,3.3739365078527763,7.6064117237740145,26.223228876579103,none
2026-01-03 17:45:00,NODE_03,41.900166,-87.639655,5.376078292034362,3.629250321506012,8.80724778457365,26.46027523882017,none
2026-01-03 18:00:00,NODE_03,41.900166,-87.639655,7.035455515887571,3.888235227107233,5.330409996419664,27.77546355132882,contamination
2026-01-03 18:15:00,NODE_03,41.900166,-87.639655,7.301463637868686,3.942709368896421,3.2294398664979393,23.214082924793562,contamination
2026-01-03 18:30:00,NODE_03,41.900166,-87.639655,4.906491592988376,3.152344905007154,5.960187304502546,23.936714023149854,contamination
2026-01-03 18:45:00,NODE_03,41.900166,-87.639655,7.035455515887571,4.328026356733113,3.8140978906170315,22.525323327239338,contamination
2026-01-03 19:00:00,NODE_03,41.900166,-87.639655,7.274198050602535,3.1527627940382823,8.31068629694962,24.52234257157701,none
2026-01-03 19:15:00,NODE_03,41.900166,-87.639655,9.759937780953084,5.381745881823552,5.487942702377278,27.139414720297573,contamination
2026-01-03 19:30:00,NODE_03,41.900166,-87.639655,9.228581629853338,3.839185400473665,5.1200266010331,24.700377629160798,contamination
2026-01-03 19:45:00,NODE_03,41.900166,-87.639655,3.98903207830178,4.409414175563279,4.851656417633702,23.57767297436386,contamination
2026-01-03 20:00:00,NODE_03,41.900166,-87.639655,5.603325960876688,3.9004213611254857,7.552798395161423,25.879910995317466,none
2026-01-03 20:15:00,NODE_03,41.900166,-87.639655,5.272227560197716,5.068556188550558,4.435488348767885,25.91850962427535,contamination
2026-01-03 20:30:00,NODE_03,41.900166,-87.639655,7.035455515887571,4.413974182974902,5.341668080661641,24.01438218966732,contamination
2026-01-03 20:45:00,NODE_03,41.900166,-87.639655,7.035455515887571,4.454964342104219,3.9108718144315207,24.78088750831712,contamination
2026-01-03 21:00:00,NODE_03,41.900166,-87.639655,6.008973609999536,4.012340383352797,8.55883261015288,25.76582115006276,none
2026-01-03 21:15:00,NODE_03,41.900166,-87.639655,10.46450247726032,4.956358408285043,3.0094227181443665,26.658936114132004,contamination
2026-01-03 21:30:00,NODE_03,41.900166,-87.639655,4.891960039961394,3.9042699551582665,3.5227302049361384,24.56664768886074,contamination
2026-01-03 21:45:00,NODE_03,41.900166,-87.639655,10.033933455332264,2.9015354674454747,5.626216875365503,24.35049184902831,contamination
2026-01-03 22:00:00,NODE_03,41.900166,-87.639655,8.942045991487,4.354287641189531,7.089967716258672,28.40878840324223,none
2026-01-03 22:15:00,NODE_03,41.900166,-87.639655,9.443358884146123,3.4866464085132063,7.17086372598941,25.128917022977152,none
2026-01-03 22:30:00,NODE_03,41.900166,-87.639655,6.332386866369147,5.159001749466259,6.318275338838728,25.9141078254154,none
2026-01-03 22:45:00,NODE_03,41.900166,-87.639655,6.916825973221457,4.598622246118412,8.011339995847528,26.512503803687764,none
2026-01-03 23:00:00,NODE_03,41.900166,-87.639655,7.896743922258235,4.889458166019273,6.866518243432541,22.85962731637244,none
2026-01-03 23:15:00,NODE_03,41.900166,-87.639655,5.772718094851822,6.494249467472996,7.756812503518521,25.51216592654656,none
2026-01-03 23:30:00,NODE_03,41.900166,-87.639655,10.503786538570878,5.370457701027556,7.774055112159628,23.071381942083825,none
2026-01-03 23:45:00,NODE_03,41.900166,-87.639655,6.947915533873985,3.685079273135882,8.1575990867873,25.343790195943217,none
2026-01-04 00:00:00,NODE_03,41.900166,-87.639655,6.5854502296739055,4.27564024793146,4.641712561261929,27.599642221849052,contamination
2026-01-04 00:15:00,NODE_03,41.900166,-87.639655,8.80184604561893,4.031495952782075,7.543357303204618,24.042253879011405,none
2026-01-04 00:30:00,NODE_03,41.900166,-87.639655,6.622102936480842,5.2909207163820895,4.992605139215357,23.040327584472585,contamination
2026-01-04 00:45:00,NODE_03,41.900166,-87.639655,5.153488640267044,3.749920564530525,8.5123526845042,28.371485034394208,none
2026-01-04 01:00:00,NODE_03,41.900166,-87.639655,7.493843860854462,3.8199465596846975,6.929596948225454,23.81937060599106,none
2026-01-04 01:15:00,NODE_03,41.900166,-87.639655,7.036752103833548,4.599572634095484,7.522527283407994,23.292087873253834,none
2026-01-04 01:30:00,NODE_03,41.900166,-87.639655,7.035455515887571,3.732339331231006,4.687665603819142,27.968503723179587,contamination
2026-01-04 01:45:00,NODE_03,41.900166,-87.639655,7.035455515887571,3.302419289577298,5.295480986450299,23.760251486398587,contamination
2026-01-04 02:00:00,NODE_03,41.900166,-87.639655,7.650683237261012,4.043710883697663,7.2957555934374865,28.007327683687258,none
2026-01-04 02:15:00,NODE_03,41.900166,-87.639655,7.272362197396377,3.996581369976495,3.0474695159904623,25.9510926113503,contamination
2026-01-04 02:30:00,NODE_03,41.900166,-87.639655,0.0,4.928839979650702,4.568280424685609,27.465891984104474,contamination
2026-01-04 02:45:00,NODE_03,41.900166,-87.639655,5.1408005276963324,4.19225744935354,7.807323329584328,25.819055873237197,none
2026-01-04 03:00:00,NODE_03,41.900166,-87.639655,8.027247869950068,3.480640836854313,6.321740500487538,27.159509916187456,none
2026-01-04 03:15:00,NODE_03,41.900166,-87.639655,6.891561654773667,3.5619625718994854,4.678736563396026,24.16228313522317,contamination
2026-01-04 03:30:00,NODE_03,41.900166,-87.639655,6.6282561973074925,4.464457184096776,5.0611174517474415,24.61955222305932,contamination
2026-01-04 03:45:00,NODE_03,41.900166,-87.639655,7.122637439985312,3.750446964802988,4.974247754247571,22.36668916245234,contamination
2026-01-04 04:00:00,NODE_03,41.900166,-87.639655,7.910640914062313,3.88660268997553,3.3510351745738385,26.997628585731096,contamination
2026-01-04 04:15:00,NODE_03,41.900166,-87.639655,6.642755695262761,4.299209281102346,7.1108791993239535,26.169310384067344,none
2026-01-04 04:30:00,NODE_03,41.900166,-87.639655,8.757110512347623,3.808793010243389,6.678454799406355,24.028969431100187,none
2026-01-04 04:45:00,NODE_03,41.900166,-87.639655,6.367298530432279,2.6147660596382085,5.095591875627411,22.916603296617442,contamination
2026-01-04 05:00:00,NODE_03,41.900166,-87.639655,8.81147224773704,5.58739598761068,4.24843610292182,25.962676092032034,contamination
2026-01-04 05:15:00,NODE_03,41.900166,-87.639655,8.051022203026939,3.767443125675908,6.701768462338155,28.053888171252606,none
2026-01-04 05:30:00,NODE_03,41.900166,-87.639655,8.88493450304863,4.714163452513722,5.7098940431271314,25.333014985220835,contamination
2026-01-04 05:45:00,NODE_03,41.900166,-87.639655,6.549187601426585,4.190311120790964,8.145410330433528,24.552287311311744,none
2026-01-04 06:00:00,NODE_03,41.900166,-87.639655,7.035455515887571,4.133069338573804,5.4535689169650885,24.134344948872368,contamination
2026-01-04 06:15:00,NODE_03,41.900166,-87.639655,7.035455515887571,4.059377403894223,4.53044514136897,27.413979430743804,contamination
2026-01-04 06:30:00,NODE_03,41.900166,-87.639655,7.226127199808895,4.15355890079017,5.2087194304015,24.371084632478908,contamination
2026-01-04 06:45:00,NODE_03,41.900166,-87.639655,6.396341051039925,4.445907180228989,4.538691166556428,24.983187719067796,contamination
2026-01-04 07:00:00,NODE_03,41.900166,-87.639655,3.832917408963562,4.768660397450635,5.608818247424333,27.10255873097249,contamination
2026-01-04 07:15:00,NODE_03,41.900166,-87.639655,7.374775413656679,3.5922647284429,8.198515011817246,26.496178776348795,none
2026-01-04 07:30:00,NODE_03,41.900166,-87.639655,6.020995362815591,4.806016624928021,5.91070603324463,5.663733422168584,leak
2026-01-04 07:45:00,NODE_03,41.900166,-87.639655,5.896339345911832,5.0328549210101725,5.796968274686632,24.4914909572203,contamination
2026-01-04 08:00:00,NODE_03,41.900166,-87.639655,5.400700137691393,3.555737566011368,5.224807858355357,27.73832380371239,contamination
2026-01-04 08:15:00,NODE_03,41.900166,-87.639655,6.6329902541703625,4.360851169963949,3.838247652528216,23.865401856435348,contamination
2026-01-04 08:30:00,NODE_03,41.900166,-87.639655,4.90889972426162,4.196429496600269,3.394960766379775,25.224528591403242,contamination
2026-01-04 08:45:00,NODE_03,41.900166,-87.639655,0.9899122128791388,5.160603788160604,7.456892202096377,23.281141638080868,none
2026-01-04 09:00:00,NODE_03,41.900166,-87.639655,8.398261060278296,2.627862469966988,3.4959068584138837,27.323257135999874,contamination
2026-01-04 09:15:00,NODE_03,41.900166,-87.639655,3.6919326929347136,3.8466069554090008,5.562782366992007,24.82762755526981,contamination
2026-01-04 09:30:00,NODE_03,41.900166,-87.639655,3.94012545989782,3.4780048078684977,6.029338140917286,24.490517671020836,none
2026-01-04 09:45:00,NODE_03,41.900166,-87.639655,8.137713063107284,2.743866752405663,6.2253687304635275,26.53245006717141,none
2026-01-04 10:00:00,NODE_03,41.900166,-87.639655,6.4437536684450585,4.498684931428612,7.606980185184336,23.40168331214111,none
2026-01-04 10:15:00,NODE_03,41.900166,-87.639655,7.035455515887571,3.048057223106976,4.811552947620834,26.49302844092258,contamination
2026-01-04 10:30:00,NODE_03,41.900166,-87.639655,8.115624506544236,4.4088119398732255,4.729842021389153,24.99914218099306,contamination
2026-01-04 10:45:00,NODE_03,41.900166,-87.639655,10.067632997838077,3.7767889972620634,4.676297833873193,23.732007546924027,contamination
2026-01-04 11:00:00,NODE_03,41.900166,-87.639655,7.036752103833548,3.498716818980463,6.318835534711607,24.05456191370159,none
2026-01-04 11:15:00,NODE_03,41.900166,-87.639655,6.75076118602011,2.77772626475094,8.525950584174678,24.513656219751713,none
2026-01-04 11:30:00,NODE_03,41.900166,-87.639655,7.70218309918713,4.382159162064481,7.44856429494884,24.87389085589871,none
2026-01-04 11:45:00,NODE_03,41.900166,-87.639655,6.057904774112318,4.269753245404226,5.816684880123825,23.7421672583325,contamination
2026-01-04 12:00:00,NODE_03,41.900166,-87.639655,7.035455515887571,4.45464130113273,5.6819556151408825,25.981730353446387,contamination
2026-01-04 12:15:00,NODE_03,41.900166,-87.639655,6.648793010019957,5.138047828184837,4.012440977024695,23.702873393160818,contamination
2026-01-04 12:30:00,NODE_03,41.900166,-87.639655,6.039823242055416,3.923766074944689,5.188391309494991,21.992272689386887,contamination
2026-01-04 12:45:00,NODE_03,41.900166,-87.639655,7.1396712562776194,3.151388595083395,4.719669583348774,28.419385812290603,contamination
2026-01-04 13:00:00,NODE_03,41.900166,-87.639655,7.146117224742147,4.775201717853433,4.012947905997704,25.83684769274277,contamination
2026-01-04 13:15:00,NODE_03,41.900166,-87.639655,7.035455515887571,3.206995482747466,5.96556494398634,28.554193756562682,contamination
2026-01-04 13:30:00,NODE_03,41.900166,-87.639655,8.315267620031083,4.1285253608325965,6.346208877943225,23.974467344053743,none
2026-01-04 13:45:00,NODE_03,41.900166,-87.639655,5.462355934706153,4.486180492425556,8.404618382157226,26.259648440526316,none
2026-01-04 14:00:00,NODE_03,41.900166,-87.639655,7.481397771916631,4.039976289796705,7.5881718640426,26.88186941738921,none
2026-01-04 14:15:00,NODE_03,41.900166,-87.639655,4.72578556493077,3.156331419586468,7.444767420658088,25.255936981834434,none
2026-01-04 14:30:00,NODE_03,41.900166,-87.639655,7.036752103833548,4.849755347855416,8.041700524082145,23.3732814057263,none
2026-01-04 14:45:00,NODE_03,41.900166,-87.639655,7.035455515887571,2.676593519083002,5.255028516068758,25.14323466776088,contamination
2026-01-01 00:00:00,NODE_04,41.843962,-87.591601,10.486808416025616,3.804352132029541,7.8866194332399155,31.637677127297245,none
2026-01-01 00:15:00,NODE_04,41.843962,-87.591601,7.793914804354769,4.220027670860785,8.288543707039437,31.58041240250393,none
2026-01-01 00:30:00,NODE_04,41.843962,-87.591601,9.267187530763549,4.324004645618281,3.16054338873913,30.6956388089658,contamination
2026-01-01 00:45:00,NODE_04,41.843962,-87.591601,7.035455515887571,3.2101680887198576,4.129590863367895,32.044013642410505,contamination
2026-01-01 01:00:00,NODE_04,41.843962,-87.591601,8.058135996612346,3.130608939839331,3.696167219103468,31.973210909891414,contamination
2026-01-01 01:15:00,NODE_04,41.843962,-87.591601,7.036752103833548,4.081328787472204,8.403492201525475,29.912580327563628,none
2026-01-01 01:30:00,NODE_04,41.843962,-87.591601,7.360640105838258,3.662291782852457,4.663012423021034,28.417452245365574,contamination
2026-01-01 01:45:00,NODE_04,41.843962,-87.591601,6.758656470581755,2.743890221761156,8.710008019568114,30.983732589669067,none
2026-01-01 02:00:00,NODE_04,41.843962,-87.591601,7.035455515887571,5.052736766116998,3.8818473030506926,29.578125378622275,contamination
2026-01-01 02:15:00,NODE_04,41.843962,-87.591601,6.739849727999298,4.379630439452511,3.71125412555202,30.91370462900182,contamination
2026-01-01 02:30:00,NODE_04,41.843962,-87.591601,5.636923560026004,3.007138098511581,8.781012480304225,32.71637650798073,none
2026-01-01 02:45:00,NODE_04,41.843962,-87.591601,5.940475876449588,3.9979696708974912,7.945364742544305,31.35431975145953,none
2026-01-01 03:00:00,NODE_04,41.843962,-87.591601,6.069615757057698,3.669711703641994,7.138798069344997,32.64246529148548,none
2026-01-01 03:15:00,NODE_04,41.843962,-87.591601,7.035455515887571,3.092816759322282,5.773567406195699,29.18086202612803,contamination
2026-01-01 03:30:00,NODE_04,41.843962,-87.591601,7.369988620741592,3.463852437148298,8.016980429980924,32.329265335673924,none
2026-01-01 03:45:00,NODE_04,41.843962,-87.591601,7.138374316854361,4.144872250700283,4.769843648405426,33.21297862513038,contamination
2026-01-01 04:00:00,NODE_04,41.843962,-87.591601,7.036752103833548,2.674040012344625,6.296620027987954,30.79456473771492,none
2026-01-01 04:15:00,NODE_04,41.843962,-87.591601,9.638222268227196,4.614369673533872,8.436538761878253,34.18116181819942,none
2026-01-01 04:30:00,NODE_04,41.843962,-87.591601,11.491010908391427,4.369264314437881,8.598069572041874,29.411934910059976,none
2026-01-01 04:45:00,NODE_04,41.843962,-87.591601,8.339436756896689,4.133696121710745,4.845760959847242,29.739830923013706,contamination
2026-01-01 05:00:00,NODE_04,41.843962,-87.591601,6.572656388857353,2.8209272493496207,8.5515349559312,31.672985053295587,none
2026-01-01 05:15:00,NODE_04,41.843962,-87.591601,7.918039170296733,3.3861098132109198,8.633541933049692,30.779780044898168,none
2026-01-01 05:30:00,NODE_04,41.843962,-87.591601,6.930082548200621,4.14941370966986,5.112249813964017,29.58372072848104,contamination
2026-01-01 05:45:00,NODE_04,41.843962,-87.591601,6.3932313449189255,3.6443881273520127,7.968537108668061,31.626737842576535,none
2026-01-01 06:00:00,NODE_04,41.843962,-87.591601,7.036752103833548,3.5162378046280005,7.146711960043474,31.231393997651473,none
2026-01-01 06:15:00,NODE_04,41.843962,-87.591601,7.608750191252161,4.627464223238918,6.845374942527798,29.81866671285451,none
2026-01-01 06:30:00,NODE_04,41.843962,-87.591601,4.349439999351715,4.442711502259796,4.427063454032876,30.981659166719442,contamination
2026-01-01 06:45:00,NODE_04,41.843962,-87.591601,3.71608007538699,4.500656274942408,5.023198955441945,7.2008731302213285,leak
2026-01-01 07:00:00,NODE_04,41.843962,-87.591601,9.41951031641321,3.298875498646556,7.962232658867243,29.785393547905116,none
2026-01-01 07:15:00,NODE_04,41.843962,-87.591601,8.640886408909486,5.2631015720413785,3.136357501307388,31.473575442114214,contamination
2026-01-01 07:30:00,NODE_04,41.843962,-87.591601,6.128425635295917,4.633823861920798,4.9398013318459855,29.397516886370862,contamination
2026-01-01 07:45:00,NODE_04,41.843962,-87.591601,5.331799285360081,4.734873906917863,3.680223553220834,29.687345156190613,contamination
2026-01-01 08:00:00,NODE_04,41.843962,-87.591601,5.844673795577308,4.3380560876593535,7.337075370740239,32.3654626974833,none
2026-01-01 08:15:00,NODE_04,41.843962,-87.591601,8.828326657522403,3.052822147979249,4.40499055780144,31.61870116731253,contamination
2026-01-01 08:30:00,NODE_04,41.843962,-87.591601,6.888547603133792,2.901432044137745,7.708003895721675,27.867825465491297,none
2026-01-01 08:45:00,NODE_04,41.843962,-87.591601,6.262907281727785,4.5949191563642495,3.370202445616789,30.136744790089082,contamination
2026-01-01 09:00:00,NODE_04,41.843962,-87.591601,7.159052990497457,4.291668966809951,8.271567359045909,31.43262688954262,none
2026-01-01 09:15:00,NODE_04,41.843962,-87.591601,5.76255224970805,2.9065892123963133,3.8354121867826567,30.906380153435393,contamination
2026-01-01 09:30:00,NODE_04,41.843962,-87.591601,7.035455515887571,6.099631872543664,5.558945985991775,31.62538809542881,contamination
2026-01-01 09:45:00,NODE_04,41.843962,-87.591601,6.281903929078816,4.457729915454185,7.6130505652653016,30.87205421732633,none
2026-01-01 10:00:00,NODE_04,41.843962,-87.591601,6.968131312926198,3.030823583308678,5.989194881037166,30.499185217433883,contamination
2026-01-01 10:15:00,NODE_04,41.843962,-87.591601,5.508155525691396,4.571406411209017,6.217168194792931,30.45333852389702,none
2026-01-01 10:30:00,NODE_04,41.843962,-87.591601,9.128357757690482,3.762222688560586,5.261202211284013,32.33485069804469,contamination
2026-01-01 10:45:00,NODE_04,41.843962,-87.591601,4.761105184627487,4.581395077548666,8.646705243062296,31.74049110729882,none
2026-01-01 11:00:00,NODE_04,41.843962,-87.591601,6.203572848208437,4.305549361837694,6.441044864699336,31.305197433271076,none
2026-01-01 11:15:00,NODE_04,41.843962,-87.591601,7.036752103833548,2.60151758888062,8.132682991381625,30.83133137600405,none
2026-01-01 11:30:00,NODE_04,41.843962,-87.591601,7.036752103833548,3.293848374019273,8.920099698456863,29.874853690582555,none
2026-01-01 11:45:00,NODE_04,41.843962,-87.591601,10.68296642580598,3.999775381550061,5.744897595233906,30.237951231410577,contamination
2026-01-01 12:00:00,NODE_04,41.843962,-87.591601,7.512361216121821,3.515802547219812,6.728836085061132,7.304570470668684,leak
2026-01-01 12:15:00,NODE_04,41.843962,-87.591601,6.701940911688224,4.179449580997948,8.725095781239245,32.153835469457206,none
2026-01-01 12:30:00,NODE_04,41.843962,-87.591601,11.907739829669833,4.256415420544105,5.086873957062174,29.725223083109732,contamination
2026-01-01 12:45:00,NODE_04,41.843962,-87.591601,7.035455515887571,5.444927203736903,4.832312192055116,30.847961499240235,contamination
2026-01-01 13:00:00,NODE_04,41.843962,-87.591601,8.22680803429499,2.1887018433563847,8.662625723179241,31.445782711573983,none
2026-01-01 13:15:00,NODE_04,41.843962,-87.591601,8.37291028476714,4.906358241363542,7.923797127770609,31.34785834476288,none
2026-01-01 13:30:00,NODE_04,41.843962,-87.591601,6.632031568588184,3.3862942904685025,7.240933694183097,31.33630575224803,none
2026-01-01 13:45:00,NODE_04,41.843962,-87.591601,7.296908882387336,4.671448182615176,6.878438600211506,29.02996950008778,none
2026-01-01 14:00:00,NODE_04,41.843962,-87.591601,6.922041828080885,4.24294721566937,3.6323443480640645,28.94085559483117,contamination
2026-01-01 14:15:00,NODE_04,41.843962,-87.591601,5.036453976008759,3.534665425189356,7.526825343027859,32.45337384269485,none
2026-01-01 14:30:00,NODE_04,41.843962,-87.591601,7.946767904206179,3.038483125240436,5.569480208287721,32.96161952599066,contamination
2026-01-01 14:45:00,NODE_04,41.843962,-87.591601,7.94388247715476,4.111691344532814,5.50519783636506,28.4758000190877,contamination
2026-01-01 15:00:00,NODE_04,41.843962,-87.591601,6.170526139416932,3.652207496311435,8.799232959198434,30.65644152268589,none
2026-01-01 15:15:00,NODE_04,41.843962,-87.591601,9.61022034489963,4.961971972367872,4.097657428670641,31.919157923652868,contamination
2026-01-01 15:30:00,NODE_04,41.843962,-87.591601,13.54124023656798,3.52919095680354,3.954148717652756,27.392413972013266,contamination
2026-01-01 15:45:00,NODE_04,41.843962,-87.591601,7.871961402750839,2.93853628710008,8.073905308005687,29.088074940534316,none
2026-01-01 16:00:00,NODE_04,41.843962,-87.591601,9.75270322651984,3.4221104746990925,8.708487921107894,30.559786194462188,none
2026-01-01 16:15:00,NODE_04,41.843962,-87.591601,7.811512445222393,4.546070210293161,3.2626459920833417,29.80222374356556,contamination
2026-01-01 16:30:00,NODE_04,41.843962,-87.591601,8.167792632308252,4.289395484098247,3.848403392011499,31.01179697937121,contamination
2026-01-01 16:45:00,NODE_04,41.843962,-87.591601,6.834259889880556,2.658843411948673,6.3371581479667825,32.903804769178414,none
2026-01-01 17:00:00,NODE_04,41.843962,-87.591601,7.035455515887571,6.0381849531835865,3.877549276428756,29.418885286383034,contamination
2026-01-01 17:15:00,NODE_04,41.843962,-87.591601,8.016418374611582,5.320015455400856,7.731192135677108,30.773491064625947,none
2026-01-01 17:30:00,NODE_04,41.843962,-87.591601,6.977744099966936,3.5306226939577465,3.8813277185231723,30.18088754316161,contamination
2026-01-01 17:45:00,NODE_04,41.843962,-87.591601,5.064042459574996,5.122702568734235,3.1244975015492384,30.90262968976259,contamination
2026-01-01 18:00:00,NODE_04,41.843962,-87.591601,3.9060783549561697,3.902879711657464,4.911284102473328,30.706781906327024,contamination
2026-01-01 18:15:00,NODE_04,41.843962,-87.591601,7.036752103833548,3.603089689088135,6.502411471650127,34.653879026351696,none
2026-01-01 18:30:00,NODE_04,41.843962,-87.591601,7.036752103833548,3.2853718352092978,7.137017499534599,32.93244791592425,none
2026-01-01 18:45:00,NODE_04,41.843962,-87.591601,5.621227320090063,3.4407533246763085,3.5769296881008823,28.326678446697038,contamination
2026-01-01 19:00:00,NODE_04,41.843962,-87.591601,6.652488090855707,3.742090426349668,3.8869636248374557,29.34787958319412,contamination
2026-01-01 19:15:00,NODE_04,41.843962,-87.591601,5.579517092707998,4.043914692602463,8.016847957539456,29.531295840339965,none
2026-01-01 19:30:00,NODE_04,41.843962,-87.591601,5.665266376618309,4.571823610842425,4.798882705379764,28.84666850146118,contamination
2026-01-01 19:45:00,NODE_04,41.843962,-87.591601,6.643935774662305,3.8129529259917896,4.518990928062804,28.645537256469183,contamination
2026-01-01 20:00:00,NODE_04,41.843962,-87.591601,7.61067277645396,5.404817647950804,7.058073360509204,30.43053209061071,none
2026-01-01 20:15:00,NODE_04,41.843962,-87.591601,4.881729593763433,3.05019758470709,6.977106634733107,6.692400052133951,leak
2026-01-01 20:30:00,NODE_04,41.843962,-87.591601,6.449070008905474,3.331549948055922,4.019310726896531,29.361891227953937,contamination
2026-01-01 20:45:00,NODE_04,41.843962,-87.591601,7.555822759422741,4.099168690603565,8.632222036185441,33.72879269329208,none
2026-01-01 21:00:00,NODE_04,41.843962,-87.591601,6.616649174874958,3.8817671783074488,6.120843920201941,29.691765296513363,none
2026-01-01 21:15:00,NODE_04,41.843962,-87.591601,5.023380783822836,4.477351412174476,8.414498451889417,30.03333013593308,none
2026-01-01 21:30:00,NODE_04,41.843962,-87.591601,5.986593892372897,5.051493873890792,4.040657929093157,31.810266458141808,contamination
2026-01-01 21:45:00,NODE_04,41.843962,-87.591601,8.592417714156252,3.7012879418226263,8.563857077365434,30.028289019541262,none
2026-01-01 22:00:00,NODE_04,41.843962,-87.591601,6.944868386836294,4.241135181480118,8.406609026507569,28.94957146197533,none
2026-01-01 22:15:00,NODE_04,41.843962,-87.591601,5.058108868565138,5.106655774420084,3.8343874664598374,30.31117217187529,contamination
2026-01-01 22:30:00,NODE_04,41.843962,-87.591601,5.678220967059215,5.429781739947604,8.081629605964848,33.71118186199704,none
2026-01-01 22:45:00,NODE_04,41.843962,-87.591601,6.080992868571669,2.091786839914147,6.47889827032032,29.975918592255496,none
2026-01-01 23:00:00,NODE_04,41.843962,-87.591601,8.170588044761532,3.99585704919668,5.548602646463704,29.330431623908108,contamination
2026-01-01 23:15:00,NODE_04,41.843962,-87.591601,7.893131972748397,3.302211725136649,3.26696914456904,31.328427223926415,contamination
2026-01-01 23:30:00,NODE_04,41.843962,-87.591601,8.000775801322487,4.519209517780029,5.975088220117355,30.239209996162927,contamination
2026-01-01 23:45:00,NODE_04,41.843962,-87.591601,6.987335278958937,3.8702927815710018,8.117277153110955,34.80657291916245,none
2026-01-02 00:00:00,NODE_04,41.843962,-87.591601,6.8236420060869065,3.386362671790524,8.462520710114553,29.51773630006298,none
2026-01-02 00:15:00,NODE_04,41.843962,-87.591601,10.308477656813704,3.285077052469842,5.816989266257933,33.29867780796796,contamination
2026-01-02 00:30:00,NODE_04,41.843962,-87.591601,9.630665479903348,4.920091157959163,4.35844114263275,32.443166052486454,contamination
2026-01-02 00:45:00,NODE_04,41.843962,-87.591601,5.928767339528974,3.592912289891955,7.175994131667446,30.126063772970042,none
2026-01-02 01:00:00,NODE_04,41.843962,-87.591601,7.484254837727466,4.781188176562564,3.4946543296954156,30.692808785668287,contamination
2026-01-02 01:15:00,NODE_04,41.843962,-87.591601,6.578083890884723,4.890415758942131,8.070077471821964,29.153261939836117,none
2026-01-02 01:30:00,NODE_04,41.843962,-87.591601,7.945909068934831,3.5854312498873027,5.130397921693612,29.890419433218366,contamination
2026-01-02 01:45:00,NODE_04,41.843962,-87.591601,6.96694296188432,4.356931132830452,3.8188499841944634,30.11541298324938,contamination
2026-01-02 02:00:00,NODE_04,41.843962,-87.591601,3.8788793890688,4.927711075497064,4.024275808812895,30.93486202416857,contamination
2026-01-02 02:15:00,NODE_04,41.843962,-87.591601,9.418296121790158,4.604633153598903,4.346336411983844,28.57906153869179,contamination
2026-01-02 02:30:00,NODE_04,41.843962,-87.591601,5.866250667826014,4.281313459019756,5.7396980412643686,31.16530873315732,contamination
2026-01-02 02:45:00,NODE_04,41.843962,-87.591601,7.035455515887571,2.994780121985052,3.568180253654538,30.479279095707913,contamination
2026-01-02 03:00:00,NODE_04,41.843962,-87.591601,5.374222584708865,3.642778438412919,6.046494725478571,31.29524342917213,none
2026-01-02 03:15:00,NODE_04,41.843962,-87.591601,5.7310421388707296,3.675807027324031,6.500292806618076,31.51904169101942,none
2026-01-02 03:30:00,NODE_04,41.843962,-87.591601,6.400256164229511,4.561493818692693,5.714299025040354,30.359178561869207,contamination
2026-01-02 03:45:00,NODE_04,41.843962,-87.591601,7.035455515887571,1.984614866576952,4.942549394530089,31.430378392989812,contamination
2026-01-02 04:00:00,NODE_04,41.843962,-87.591601,7.035455515887571,4.183319910746318,3.8191218579834203,30.567317485513986,contamination
2026-01-02 04:15:00,NODE_04,41.843962,-87.591601,6.435722716949114,4.925339107073759,6.1092763299051605,31.813291211794983,none
2026-01-02 04:30:00,NODE_04,41.843962,-87.591601,5.628406919430697,5.050683115260018,8.707626344528858,31.17227045219247,none
2026-01-02 04:45:00,NODE_04,41.843962,-87.591601,7.036752103833548,4.329204049946698,6.219917454341159,30.969643979371945,none
2026-01-02 05:00:00,NODE_04,41.843962,-87.591601,7.529929502630923,4.585321994452448,5.824598730853323,30.544412763451785,contamination
2026-01-02 05:15:00,NODE_04,41.843962,-87.591601,4.739548767002988,2.942348225414489,6.684497741252717,32.641805597077905,none
2026-01-02 05:30:00,NODE_04,41.843962,-87.591601,6.3194315449597305,2.6531266883388063,8.220053400474638,31.30585957159542,none
2026-01-02 05:45:00,NODE_04,41.843962,-87.591601,10.272444272154384,3.179884727399671,6.929199746838036,28.715888018154985,none
2026-01-02 06:00:00,NODE_04,41.843962,-87.591601,6.730427772496591,3.961942034758809,8.576256076827551,29.99015557375706,none
2026-01-02 06:15:00,NODE_04,41.843962,-87.591601,5.514747799369536,2.798158401578891,5.151361705416581,30.35520451516263,contamination
2026-01-02 06:30:00,NODE_04,41.843962,-87.591601,8.237091873714283,3.6860744730197146,5.56839749704123,30.696396987194174,contamination
2026-01-02 06:45:00,NODE_04,41.843962,-87.591601,6.481890279167193,5.002360532741289,4.070306134869818,30.963142754492644,contamination
2026-01-02 07:00:00,NODE_04,41.843962,-87.591601,6.8388167067275365,4.776536254772465,5.2723933363521525,29.28175665623767,contamination
2026-01-02 07:15:00,NODE_04,41.843962,-87.591601,5.345887146753815,2.9503609427959407,3.885217047792928,30.596084937030497,contamination
2026-01-02 07:30:00,NODE_04,41.843962,-87.591601,6.848000112594903,3.815227608716361,6.008735153501366,30.226899706770578,none
2026-01-02 07:45:00,NODE_04,41.843962,-87.591601,6.777506359435946,4.263180267696578,6.028259567917336,32.325198091783825,none
2026-01-02 08:00:00,NODE_04,41.843962,-87.591601,7.035455515887571,5.005878529984143,4.320174139528197,29.20546426367097,contamination
2026-01-02 08:15:00,NODE_04,41.843962,-87.591601,6.158424006182359,5.080497554589536,5.189135719492267,30.672013827640633,contamination
2026-01-02 08:30:00,NODE_04,41.843962,-87.591601,7.732601708635223,3.854993745978746,5.820662416713855,29.670004059142194,contamination
2026-01-02 08:45:00,NODE_04,41.843962,-87.591601,9.079715109457624,4.551724493755741,7.3626432592957425,33.492575600932575,none
2026-01-02 09:00:00,NODE_04,41.843962,-87.591601,10.16483855701825,2.9376862046237355,5.589406613207217,32.58300213163311,contamination
2026-01-02 09:15:00,NODE_04,41.843962,-87.591601,6.977405633483939,5.327584531962534,5.467483947870681,28.234544854566987,contamination
2026-01-02 09:30:00,NODE_04,41.843962,-87.591601,8.031055220266794,3.338880125546951,3.5200291589258423,29.50376120002428,contamination
2026-01-02 09:45:00,NODE_04,41.843962,-87.591601,5.964065359871277,4.696720853415239,4.457452286737894,32.004466665754464,contamination
2026-01-02 10:00:00,NODE_04,41.843962,-87.591601,7.035455515887571,4.903914479432386,3.3507706065761744,31.384006299717687,contamination
2026-01-02 10:15:00,NODE_04,41.843962,-87.591601,6.466874708929867,3.4081687916535586,5.046459484684905,31.336979401622354,contamination
2026-01-02 10:30:00,NODE_04,41.843962,-87.591601,7.036752103833548,4.32232533697766,7.772447624686523,30.984360786292267,none
2026-01-02 10:45:00,NODE_04,41.843962,-87.591601,4.894278073597652,3.5949908641519697,3.4112683742362693,32.12488155525475,contamination
2026-01-02 11:00:00,NODE_04,41.843962,-87.591601,7.035455515887571,4.894829651096215,5.201649392407624,31.869546634249073,contamination
2026-01-02 11:15:00,NODE_04,41.843962,-87.591601,6.791696906894755,2.817391373961896,4.896714452603582,30.262247518073632,contamination
2026-01-02 11:30:00,NODE_04,41.843962,-87.591601,5.548181849115771,3.945460483724316,4.750815111024299,28.899193977762494,contamination
2026-01-02 11:45:00,NODE_04,41.843962,-87.591601,8.389945658771296,3.5697173123209334,4.1703607040650175,28.162983835863162,contamination
2026-01-02 12:00:00,NODE_04,41.843962,-87.591601,7.381757557406792,3.3380217586877454,8.355020508624786,30.542623639797235,none
2026-01-02 12:15:00,NODE_04,41.843962,-87.591601,5.9102517293372046,3.660922907594773,8.385863547143053,27.938229231287245,none
2026-01-02 12:30:00,NODE_04,41.843962,-87.591601,8.716820333772386,3.2051287672092674,6.406483556786535,31.074576813165997,none
2026-01-02 12:45:00,NODE_04,41.843962,-87.591601,6.753128352860487,5.102516756563615,3.0455306468604806,30.23603442047677,contamination
2026-01-02 13:00:00,NODE_04,41.843962,-87.591601,6.492627157365379,3.3787784927745594,4.744251316746062,33.61394828234504,contamination
2026-01-02 13:15:00,NODE_04,41.843962,-87.591601,7.384048887654537,5.337987102089876,3.3175597076337264,31.212775636391346,contamination
2026-01-02 13:30:00,NODE_04,41.843962,-87.591601,8.990317233704655,4.494544339362194,5.619058182089148,30.654243958309404,contamination
2026-01-02 13:45:00,NODE_04,41.843962,-87.591601,6.493764174632957,4.910911020512156,4.569429062091496,28.27382714805739,contamination
2026-01-02 14:00:00,NODE_04,41.843962,-87.591601,6.709336439351165,4.074387228438908,5.099069727176126,28.80460009967888,contamination
2026-01-02 14:15:00,NODE_04,41.843962,-87.591601,7.985406393829891,4.752451739071304,4.232571275521489,31.72011294105229,contamination
2026-01-02 14:30:00,NODE_04,41.843962,-87.591601,6.057828113719532,3.2922492668733674,4.681739427003146,30.228436736169282,contamination
2026-01-02 14:45:00,NODE_04,41.843962,-87.591601,7.035455515887571,3.1834353228956065,5.827977530899892,34.50114534971213,contamination
2026-01-02 15:00:00,NODE_04,41.843962,-87.591601,4.197583589415031,5.206480177207682,3.248202118871012,30.57350478539999,contamination
2026-01-02 15:15:00,NODE_04,41.843962,-87.591601,7.955026340097655,3.955916726029925,3.7618133157710885,7.000666957233954,leak
2026-01-02 15:30:00,NODE_04,41.843962,-87.591601,7.036752103833548,3.4531255004247314,6.045522597139265,28.72273625543599,none
2026-01-02 15:45:00,NODE_04,41.843962,-87.591601,8.040392261051977,3.017795963114114,3.2962116206479974,32.11922907592586,contamination
2026-01-02 16:00:00,NODE_04,41.843962,-87.591601,5.290666876847178,3.530573615782637,3.2269833117123325,29.30950039652922,contamination
2026-01-02 16:15:00,NODE_04,41.843962,-87.591601,7.036752103833548,4.441979835848184,7.901390927978187,31.484699850518915,none
2026-01-02 16:30:00,NODE_04,41.843962,-87.591601,7.638761770450097,4.496626599284417,3.276503875417297,31.915771698908827,contamination
2026-01-02 16:45:00,NODE_04,41.843962,-87.591601,8.060609623630814,3.6009056695460324,4.755235326618609,30.840871616254923,contamination
2026-01-02 17:00:00,NODE_04,41.843962,-87.591601,7.159613911959985,4.943842600666056,7.164296206032471,33.33353813110884,none
2026-01-02 17:15:00,NODE_04,41.843962,-87.591601,7.869781869538917,4.219575577587189,5.687093889598117,29.78202712017751,contamination
2026-01-02 17:30:00,NODE_04,41.843962,-87.591601,7.036752103833548,2.7756354336001303,8.773482848322159,33.21139204733521,none
2026-01-02 17:45:00,NODE_04,41.843962,-87.591601,7.77766536646659,4.683334812674568,7.565229677372743,28.79166269975303,none
2026-01-02 18:00:00,NODE_04,41.843962,-87.591601,7.879543234364988,4.066229363880946,4.850832082153506,31.89662446547234,contamination
2026-01-02 18:15:00,NODE_04,41.843962,-87.591601,7.868147086463669,4.315898406460025,5.59039719102439,30.4844615057157,contamination
2026-01-02 18:30:00,NODE_04,41.843962,-87.591601,6.380717315013499,4.532019663169412,3.6691861846282707,29.63588284098298,contamination
2026-01-02 18:45:00,NODE_04,41.843962,-87.591601,7.565198073160248,5.185000023597019,6.664352674119735,28.20616360455486,none
2026-01-02 19:00:00,NODE_04,41.843962,-87.591601,7.858662778844826,3.42247052094365,5.368476895272157,30.307078011777666,contamination
2026-01-02 19:15:00,NODE_04,41.843962,-87.591601,7.372611795824961,3.1825211188828444,6.1748259046817235,30.212359107381825,none
2026-01-02 19:30:00,NODE_04,41.843962,-87.591601,5.045625730051444,3.3317866407748085,4.683767034224772,30.95744106208457,contamination
2026-01-02 19:45:00,NODE_04,41.843962,-87.591601,8.57012912066282,4.60440456098565,3.7387324829118,7.189266411796181,leak
2026-01-02 20:00:00,NODE_04,41.843962,-87.591601,5.5257685450431415,4.401412624381881,4.270643747975689,29.485382467994867,contamination
2026-01-02 20:15:00,NODE_04,41.843962,-87.591601,6.714862378221963,4.593763682023074,5.380711963616404,33.33548324940878,contamination
2026-01-02 20:30:00,NODE_04,41.843962,-87.591601,6.174884306431656,3.623297792732569,3.095335453071973,29.890279659194455,contamination
2026-01-02 20:45:00,NODE_04,41.843962,-87.591601,7.035455515887571,5.564901543179248,5.346152307791275,31.601372696193984,contamination
2026-01-02 21:00:00,NODE_04,41.843962,-87.591601,7.865094970430806,4.795025554920153,3.7202122214626994,30.833332802547808,contamination
2026-01-02 21:15:00,NODE_04,41.843962,-87.591601,7.035455515887571,4.169924018257802,3.432927602164809,30.40001715716951,contamination
2026-01-02 21:30:00,NODE_04,41.843962,-87.591601,10.26843050116335,4.304689262186712,6.09884360473659,30.758167501050433,none
2026-01-02 21:45:00,NODE_04,41.843962,-87.591601,5.8408115544650085,5.049463526421301,3.0817500358524454,29.287650450396978,contamination
2026-01-02 22:00:00,NODE_04,41.843962,-87.591601,5.675294715190149,5.021464632411663,7.572464003084268,30.116732528794238,none
2026-01-02 22:15:00,NODE_04,41.843962,-87.591601,7.035455515887571,3.582882368510237,3.6547796180811885,28.68844884770866,contamination
2026-01-02 22:30:00,NODE_04,41.843962,-87.591601,7.846057926337261,2.487968647002356,5.968295297338894,29.874176223472478,contamination
2026-01-02 22:45:00,NODE_04,41.843962,-87.591601,7.455541163214249,2.9303645961216582,4.723310267616617,29.998081337125974,contamination
2026-01-02 23:00:00,NODE_04,41.843962,-87.591601,9.901930594363924,4.226949553930562,3.4136558080680315,31.9659137718099,contamination
2026-01-02 23:15:00,NODE_04,41.843962,-87.591601,7.036752103833548,4.930189986333271,8.268012725322231,30.2001939376323,none
2026-01-02 23:30:00,NODE_04,41.843962,-87.591601,7.036752103833548,3.261591730784553,7.3569421051540065,30.025959292046824,none
2026-01-02 23:45:00,NODE_04,41.843962,-87.591601,7.667520860166849,4.618164704580524,5.235538486108843,31.028141977633943,contamination
2026-01-03 00:00:00,NODE_04,41.843962,-87.591601,7.035455515887571,3.581036881421095,3.229319583118343,30.96936064163673,contamination
2026-01-03 00:15:00,NODE_04,41.843962,-87.591601,8.127710424418524,4.244173211474281,5.687652543577979,29.811520720680452,contamination
2026-01-03 00:30:00,NODE_04,41.843962,-87.591601,6.1798098000471855,3.704324220484782,5.381788157579894,31.28942431643108,contamination
2026-01-03 00:45:00,NODE_04,41.843962,-87.591601,7.035455515887571,3.830883636685994,3.4749117003168433,30.4301109311358,contamination
2026-01-03 01:00:00,NODE_04,41.843962,-87.591601,6.19124144257447,3.3150705928492927,6.826289710918418,29.809086776670373,none
2026-01-03 01:15:00,NODE_04,41.843962,-87.591601,6.448971089901665,3.759326201339547,4.671931725942926,29.954863481244395,contamination
2026-01-03 01:30:00,NODE_04,41.843962,-87.591601,7.035455515887571,3.954964291727349,3.468107434019931,32.122107761680795,contamination
2026-01-03 01:45:00,NODE_04,41.843962,-87.591601,8.4795927987054,4.221265968887627,5.503772857785816,29.999939737763547,contamination
2026-01-03 02:00:00,NODE_04,41.843962,-87.591601,7.061845519716819,3.958248504440257,8.98849107951079,31.089769732412098,none
2026-01-03 02:15:00,NODE_04,41.843962,-87.591601,6.530796123720997,3.181634909261997,5.738677334209726,28.77448133108219,contamination
2026-01-03 02:30:00,NODE_04,41.843962,-87.591601,6.161779499462049,4.003547029108377,6.9382233485652005,32.371039225241276,none
2026-01-03 02:45:00,NODE_04,41.843962,-87.591601,6.755669308054412,3.9595176374849546,3.5480171527190043,29.823590316415146,contamination
2026-01-03 03:00:00,NODE_04,41.843962,-87.591601,7.035455515887571,3.469561085530682,3.4187966020794,31.298515972768715,contamination
2026-01-03 03:15:00,NODE_04,41.843962,-87.591601,7.035455515887571,4.905229738605767,4.729417312673261,30.320729535648237,contamination
2026-01-03 03:30:00,NODE_04,41.843962,-87.591601,7.035455515887571,2.7578568378969397,5.285650835587331,31.281332964341573,contamination
2026-01-03 03:45:00,NODE_04,41.843962,-87.591601,6.4570975247378914,2.637364885184688,5.344516943226546,31.363242058199923,contamination
2026-01-03 04:00:00,NODE_04,41.843962,-87.591601,7.148440931892334,4.308569820911373,3.8272722133238437,30.481086837337728,contamination
2026-01-03 04:15:00,NODE_04,41.843962,-87.591601,7.774645242924598,3.911816766224265,3.6127402767365027,27.89913490521148,contamination
2026-01-03 04:30:00,NODE_04,41.843962,-87.591601,5.596627849736466,5.235111120685716,3.0502689134771472,32.33460439176525,contamination
2026-01-03 04:45:00,NODE_04,41.843962,-87.591601,7.035455515887571,4.825701798028204,5.037597453603508,30.48822773420163,contamination
2026-01-03 05:00:00,NODE_04,41.843962,-87.591601,10.628820911367818,5.140449466636444,3.229704775300617,31.250090738413984,contamination
2026-01-03 05:15:00,NODE_04,41.843962,-87.591601,7.102446618231696,3.0655083720975367,4.262283605297777,31.735659762515287,contamination
2026-01-03 05:30:00,NODE_04,41.843962,-87.591601,7.036752103833548,3.32738442877916,6.980679789166819,30.01232050693834,none
2026-01-03 05:45:00,NODE_04,41.843962,-87.591601,6.990452676633395,5.184441994818037,6.032395177168536,31.473784912559577,none
2026-01-03 06:00:00,NODE_04,41.843962,-87.591601,11.39054310956363,2.2773586319376298,3.935406410867306,29.576678586466524,contamination
2026-01-03 06:15:00,NODE_04,41.843962,-87.591601,9.004352169514855,3.5278934709486345,3.7493164873395592,31.279396012370707,contamination
2026-01-03 06:30:00,NODE_04,41.843962,-87.591601,5.5242965308965095,4.033391217742071,4.962480462858295,30.72763587286969,contamination
2026-01-03 06:45:00,NODE_04,41.843962,-87.591601,9.166758132730486,5.429266409418421,7.47560346575162,30.0643390124022,none
2026-01-03 07:00:00,NODE_04,41.843962,-87.591601,6.419772473512519,3.095233156816077,3.9963293499243737,30.768569983122383,contamination
2026-01-03 07:15:00,NODE_04,41.843962,-87.591601,7.752176212505221,4.725507109575074,5.78430550652936,29.115291517558656,contamination
2026-01-03 07:30:00,NODE_04,41.843962,-87.591601,8.805177745264922,5.17620506921009,5.534586982468898,31.16164161916373,contamination
2026-01-03 07:45:00,NODE_04,41.843962,-87.591601,9.808258178934237,4.481261240482848,8.296957010115548,31.317314846187113,none
2026-01-03 08:00:00,NODE_04,41.843962,-87.591601,7.036752103833548,3.346057063483423,6.20939845468425,31.216541937509056,none
2026-01-03 08:15:00,NODE_04,41.843962,-87.591601,5.49948928649166,5.8468269575803085,4.536901040661242,32.95133796896436,contamination
2026-01-03 08:30:00,NODE_04,41.843962,-87.591601,7.4587076827919985,2.938082397276258,5.32071630519216,30.55562115649536,contamination
2026-01-03 08:45:00,NODE_04,41.843962,-87.591601,8.558388775285017,3.9462277186114703,3.132121138165393,30.658897719461027,contamination
2026-01-03 09:00:00,NODE_04,41.843962,-87.591601,7.97532990104869,3.306129016543918,5.08000546120412,28.942677625970333,contamination
2026-01-03 09:15:00,NODE_04,41.843962,-87.591601,9.436637164251444,4.411117439774963,4.944707692146291,33.05678596496724,contamination
2026-01-03 09:30:00,NODE_04,41.843962,-87.591601,8.297725877791718,4.166105473671524,3.694440287738965,28.450866634951126,contamination
2026-01-03 09:45:00,NODE_04,41.843962,-87.591601,7.161714892641493,3.909973568447572,5.044059039724046,31.0409271377027,contamination
2026-01-03 10:00:00,NODE_04,41.843962,-87.591601,6.581878201548969,4.201662864465836,5.820549573756248,29.775910117090007,contamination
2026-01-03 10:15:00,NODE_04,41.843962,-87.591601,6.38231460426029,2.881370055449986,8.753275927905483,30.791556646664844,none
2026-01-03 10:30:00,NODE_04,41.843962,-87.591601,5.692124156757815,4.682390726356548,3.9589561658761876,28.735992819462997,contamination
2026-01-03 10:45:00,NODE_04,41.843962,-87.591601,9.91709205694149,3.3933253802234224,8.952356651478713,32.035576932309205,none
2026-01-03 11:00:00,NODE_04,41.843962,-87.591601,4.58196872788087,4.500207624732678,5.697781076774069,29.265312330203574,contamination
2026-01-03 11:15:00,NODE_04,41.843962,-87.591601,6.704431913040398,3.3953317425857725,5.88678433982747,32.44746139730211,contamination
2026-01-03 11:30:00,NODE_04,41.843962,-87.591601,7.036752103833548,4.8048285673375855,7.96860894112082,29.306666049868447,none
2026-01-03 11:45:00,NODE_04,41.843962,-87.591601,7.833495881064739,5.580829963035424,5.250085236426574,32.16090035630949,contamination
2026-01-03 12:00:00,NODE_04,41.843962,-87.591601,7.130099196200058,1.986191593058412,4.5949830712934485,29.45163441306936,contamination
2026-01-03 12:15:00,NODE_04,41.843962,-87.591601,6.791992649110415,2.914057480221306,6.139208658045377,29.776167160755122,none
2026-01-03 12:30:00,NODE_04,41.843962,-87.591601,10.81783107643296,3.5908411283530883,3.8342985451990694,30.695312595106703,contamination
2026-01-03 12:45:00,NODE_04,41.843962,-87.591601,5.7564756894907045,4.0020815167967045,7.87829430596114,29.426191672427212,none
2026-01-03 13:00:00,NODE_04,41.843962,-87.591601,5.872439859467661,3.741067232809489,3.8640160377721235,29.382018050782822,contamination
2026-01-03 13:15:00,NODE_04,41.843962,-87.591601,7.035455515887571,5.776611019642239,4.668984021771238,29.44356977315505,contamination
2026-01-03 13:30:00,NODE_04,41.843962,-87.591601,7.036752103833548,3.952594441314252,6.231433122258183,31.176365104561796,none
2026-01-03 13:45:00,NODE_04,41.843962,-87.591601,8.111953170359271,4.430750455902872,6.918587761446243,30.69740762962949,none
2026-01-03 14:00:00,NODE_04,41.843962,-87.591601,7.036752103833548,4.604724795804473,7.966888236342952,30.777028569493353,none
2026-01-03 14:15:00,NODE_04,41.843962,-87.591601,7.833970823584208,4.814916877070632,6.717776588254392,30.21113244611157,none
2026-01-03 14:30:00,NODE_04,41.843962,-87.591601,5.896432475240334,4.280792929244013,6.8415834655662024,31.52113157744389,none
2026-01-03 14:45:00,NODE_04,41.843962,-87.591601,7.793833572993554,4.172935335264329,5.130344299011838,32.27316877433382,contamination
2026-01-03 15:00:00,NODE_04,41.843962,-87.591601,9.05238368979066,4.259719451958118,7.752959195288128,31.56150732395472,none
2026-01-03 15:15:00,NODE_04,41.843962,-87.591601,8.184410006452293,4.599082200140892,3.9530840926414865,30.38462440077889,contamination
2026-01-03 15:30:00,NODE_04,41.843962,-87.591601,5.590614435866259,4.726845016869534,5.906023816723072,28.866904102141397,contamination
2026-01-03 15:45:00,NODE_04,41.843962,-87.591601,9.298018008096014,3.6813242439844016,3.787028900342837,27.732460678126767,contamination
2026-01-03 16:00:00,NODE_04,41.843962,-87.591601,6.65364951527896,4.871406193456357,3.9391504351894406,30.600784452093244,contamination
2026-01-03 16:15:00,NODE_04,41.843962,-87.591601,7.494212046966072,5.492704955036247,5.5094954718541,27.708294608315555,contamination
2026-01-03 16:30:00,NODE_04,41.843962,-87.591601,7.036752103833548,2.959749614118373,6.210304440802326,6.8757372225311215,leak
2026-01-03 16:45:00,NODE_04,41.843962,-87.591601,7.895469245942458,4.236947299515631,4.393839506426913,32.80201652586274,contamination
2026-01-03 17:00:00,NODE_04,41.843962,-87.591601,7.035455515887571,4.565423281976806,4.138850293355011,28.96787665170607,contamination
2026-01-03 17:15:00,NODE_04,41.843962,-87.591601,7.091885816966667,5.116406584527922,3.9497602797259534,28.768921305632016,contamination
2026-01-03 17:30:00,NODE_04,41.843962,-87.591601,7.035455515887571,3.659974811789956,3.8570987821342935,31.653483071774218,contamination
2026-01-03 17:45:00,NODE_04,41.843962,-87.591601,7.015332582746869,5.2512231043193385,7.8725762186888115,26.48946959871759,none
2026-01-03 18:00:00,NODE_04,41.843962,-87.591601,7.533614822992929,3.462763987423452,3.9444774880549467,31.270793938246058,contamination
2026-01-03 18:15:00,NODE_04,41.843962,-87.591601,6.862995092159006,5.343285034332101,8.268700769448639,32.900845641244125,none
2026-01-03 18:30:00,NODE_04,41.843962,-87.591601,7.338826110612727,4.01706111949955,6.827784893850189,6.64734548120851,leak
2026-01-03 18:45:00,NODE_04,41.843962,-87.591601,9.152284708947713,3.7927771004295474,4.194683381874035,29.13172210697606,contamination
2026-01-03 19:00:00,NODE_04,41.843962,-87.591601,9.323583858284508,3.006650221855861,4.331711496959735,31.583116674052178,contamination
2026-01-03 19:15:00,NODE_04,41.843962,-87.591601,9.024845037417505,3.985250505743576,7.038798124604245,28.94196606151355,none
2026-01-03 19:30:00,NODE_04,41.843962,-87.591601,6.593174456619291,3.931653171254095,8.423217879602143,31.914309813254576,none
2026-01-03 19:45:00,NODE_04,41.843962,-87.591601,5.428356913745278,2.847843537561225,3.024177310026359,29.064116835279584,contamination
2026-01-03 20:00:00,NODE_04,41.843962,-87.591601,7.036752103833548,3.3648908816171703,6.302843044908122,33.35068523065451,none
2026-01-03 20:15:00,NODE_04,41.843962,-87.591601,6.35651106246199,3.41552552539749,3.7114333979331335,31.691540196245228,contamination
2026-01-03 20:30:00,NODE_04,41.843962,-87.591601,9.57822672035757,3.419238761867212,3.3228425542795765,30.755147442937584,contamination
2026-01-03 20:45:00,NODE_04,41.843962,-87.591601,6.475885398609551,4.30611297137217,5.304384535142646,33.264214142291415,contamination
2026-01-03 21:00:00,NODE_04,41.843962,-87.591601,7.035455515887571,2.5167691199719173,4.501431947600155,32.245397289430436,contamination
2026-01-03 21:15:00,NODE_04,41.843962,-87.591601,8.291299005968142,3.4247019206523897,6.974116002774792,31.25100689306785,none
2026-01-03 21:30:00,NODE_04,41.843962,-87.591601,6.316470521496127,4.902735485533553,3.748509239048225,27.90325182704516,contamination
2026-01-03 21:45:00,NODE_04,41.843962,-87.591601,5.700784947291592,3.978141278692845,4.6424144695869565,29.645840666048805,contamination
2026-01-03 22:00:00,NODE_04,41.843962,-87.591601,6.204429354069558,4.106807505488429,3.8231538156077622,32.32619611095864,contamination
2026-01-03 22:15:00,NODE_04,41.843962,-87.591601,5.284096687429166,4.800963142409066,5.704749015861203,28.747892662841483,contamination
2026-01-03 22:30:00,NODE_04,41.843962,-87.591601,7.731315009102499,5.164284274583004,3.6456134391995785,29.549496817698827,contamination
2026-01-03 22:45:00,NODE_04,41.843962,-87.591601,4.850104171409935,3.8853855181381753,5.653065451367261,29.16493504639297,contamination
2026-01-03 23:00:00,NODE_04,41.843962,-87.591601,6.960603501688507,4.978820187753845,6.527351447491146,31.30161696713475,none
2026-01-03 23:15:00,NODE_04,41.843962,-87.591601,6.844350911056747,2.877062813201912,5.485464401685723,32.143499443947206,contamination
2026-01-03 23:30:00,NODE_04,41.843962,-87.591601,7.643578361999963,3.762162859528624,5.138537987582865,32.14498010553974,contamination
2026-01-03 23:45:00,NODE_04,41.843962,-87.591601,7.035455515887571,3.7783021620210056,5.0900853343102455,29.41885263354449,contamination
2026-01-04 00:00:00,NODE_04,41.843962,-87.591601,4.5609165358431625,4.1236217363003,3.973037423085167,31.281069511205907,contamination
2026-01-04 00:15:00,NODE_04,41.843962,-87.591601,6.021265943377032,4.028042400756272,3.7016907944166104,29.34825780208434,contamination
2026-01-04 00:30:00,NODE_04,41.843962,-87.591601,7.036752103833548,3.714469252576865,8.272645179400115,30.382258978045833,none
2026-01-04 00:45:00,NODE_04,41.843962,-87.591601,6.02834878509831,3.142083954421776,8.429311211691786,31.478333876071908,none
2026-01-04 01:00:00,NODE_04,41.843962,-87.591601,7.036752103833548,4.989876167610412,8.659846466968066,32.29014473259666,none
2026-01-04 01:15:00,NODE_04,41.843962,-87.591601,5.609025353745414,3.354890147961576,6.78910853261679,27.47398623716115,none
2026-01-04 01:30:00,NODE_04,41.843962,-87.591601,8.237142633897012,4.93910944137509,3.3972138404893637,30.846033764765632,contamination
2026-01-04 01:45:00,NODE_04,41.843962,-87.591601,7.035455515887571,3.4528218640874533,4.146756755932375,32.8090216829478,contamination
2026-01-04 02:00:00,NODE_04,41.843962,-87.591601,7.035455515887571,3.241267186661132,4.858030362410734,7.022141979230386,leak
2026-01-04 02:15:00,NODE_04,41.843962,-87.591601,8.870278259927936,4.18274066496293,4.363209463439858,30.822001636842852,contamination
2026-01-04 02:30:00,NODE_04,41.843962,-87.591601,7.035455515887571,4.613578721749679,5.340567805448985,29.853571000432332,contamination
2026-01-04 02:45:00,NODE_04,41.843962,-87.591601,4.713116701054447,3.923356035619532,5.992868466754157,32.7692111793323,contamination
2026-01-04 03:00:00,NODE_04,41.843962,-87.591601,6.86313624993993,4.319777194854658,3.5733962653466906,29.922905584835974,contamination
2026-01-04 03:15:00,NODE_04,41.843962,-87.591601,5.29419539028417,3.5224540932121378,4.378952458978717,30.54785764197889,contamination
2026-01-04 03:30:00,NODE_04,41.843962,-87.591601,8.247148271309296,3.941969260461584,4.292951705762466,29.99276195985529,contamination
2026-01-04 03:45:00,NODE_04,41.843962,-87.591601,8.468694414938106,4.375598892354405,7.472083037780952,30.86037499042533,none
2026-01-04 04:00:00,NODE_04,41.843962,-87.591601,6.087306100000082,3.666671803251088,3.5942865501608687,32.836559726225175,contamination
2026-01-04 04:15:00,NODE_04,41.843962,-87.591601,7.035455515887571,3.1653909007410843,3.197076349468978,29.33892193178789,contamination
2026-01-04 04:30:00,NODE_04,41.843962,-87.591601,7.986398705504575,4.814779190766616,5.6613579516710955,30.866911624030685,contamination
2026-01-04 04:45:00,NODE_04,41.843962,-87.591601,7.174135162807995,3.939895656598684,8.830659436948228,31.2846784779766,none
2026-01-04 05:00:00,NODE_04,41.843962,-87.591601,5.626339528125955,1.94331877663582,8.707601647915727,29.479583525198862,none
2026-01-04 05:15:00,NODE_04,41.843962,-87.591601,6.054607180419152,4.889163359744538,5.7508261446027475,30.609557943486806,contamination
2026-01-04 05:30:00,NODE_04,41.843962,-87.591601,7.29188832527326,5.328712788466374,6.213774997944684,33.4750919068895,none
2026-01-04 05:45:00,NODE_04,41.843962,-87.591601,10.146290479832489,4.481552363497344,3.3915037923515525,28.045347735820958,contamination
2026-01-04 06:00:00,NODE_04,41.843962,-87.591601,7.5742612367877715,3.6867589826723,4.696259902823227,30.06628062041678,contamination
2026-01-04 06:15:00,NODE_04,41.843962,-87.591601,5.770620969105658,4.240821477653531,4.326756829558677,31.073920988048023,contamination
2026-01-04 06:30:00,NODE_04,41.843962,-87.591601,7.788054732605206,3.3687572170739832,6.322242976308665,30.1341672736545,none
2026-01-04 06:45:00,NODE_04,41.843962,-87.591601,7.036752103833548,3.796737486057354,6.303491434552623,35.02745293349905,none
2026-01-01 00:00:00,NODE_05,41.910478,-87.607628,7.721032687967833,4.168487101902514,5.071217165733216,27.793219100363647,contamination
2026-01-01 00:15:00,NODE_05,41.910478,-87.607628,7.035455515887571,4.50102454017249,4.021634506439691,25.403629251352495,contamination
2026-01-01 00:30:00,NODE_05,41.910478,-87.607628,5.126762923351532,4.708658467526655,8.92018287430813,23.465043962661245,none
2026-01-01 00:45:00,NODE_05,41.910478,-87.607628,3.6768449933847727,5.461473095749794,3.1571738867845838,27.48059678976949,contamination
2026-01-01 01:00:00,NODE_05,41.910478,-87.607628,6.513016585960504,3.729960915816749,3.478874704296502,25.8367543099304,contamination
2026-01-01 01:15:00,NODE_05,41.910478,-87.607628,7.035455515887571,3.5171530228599703,4.006869818933735,28.903530755059688,contamination
2026-01-01 01:30:00,NODE_05,41.910478,-87.607628,7.813067624946343,4.713719499272781,3.230422323207844,26.557884651276133,contamination
2026-01-01 01:45:00,NODE_05,41.910478,-87.607628,7.035455515887571,3.365174439747456,3.704982832604075,26.11765553463741,contamination
2026-01-01 02:00:00,NODE_05,41.910478,-87.607628,4.835297728180936,3.633760608001249,5.490452948993754,26.09231225992423,contamination
2026-01-01 02:15:00,NODE_05,41.910478,-87.607628,7.035455515887571,4.875382904979997,5.844754613370238,28.449946756385625,contamination
2026-01-01 02:30:00,NODE_05,41.910478,-87.607628,7.080193059013201,1.4922066153042484,7.029521571621851,27.593557555392653,none
2026-01-01 02:45:00,NODE_05,41.910478,-87.607628,7.035455515887571,3.4815173946449613,3.7935474119665145,29.604118081328025,contamination
2026-01-01 03:00:00,NODE_05,41.910478,-87.607628,7.740383939415849,3.0133608396173157,6.219427528434852,26.647522321336925,none
2026-01-01 03:15:00,NODE_05,41.910478,-87.607628,3.434855759978651,5.3895102460791104,3.8331572620525316,28.263602113721255,contamination
2026-01-01 03:30:00,NODE_05,41.910478,-87.607628,7.333003447205329,2.642003806281338,3.107790546557919,28.289247122259177,contamination
2026-01-01 03:45:00,NODE_05,41.910478,-87.607628,3.2309731059187423,3.281920559169844,5.780749038993324,27.980903175237046,contamination
2026-01-01 04:00:00,NODE_05,41.910478,-87.607628,4.556656719060655,4.392257324547549,3.6410944247109853,26.205396267071745,contamination
2026-01-01 04:15:00,NODE_05,41.910478,-87.607628,9.011480407411014,4.270801389375358,4.260012222244215,27.68029504071039,contamination
2026-01-01 04:30:00,NODE_05,41.910478,-87.607628,4.943508443526886,5.070841577374866,3.029060648222903,26.824319335545706,contamination
2026-01-01 04:45:00,NODE_05,41.910478,-87.607628,8.376279724659616,5.703962806658419,5.573865272745172,26.78490858900439,contamination
2026-01-01 05:00:00,NODE_05,41.910478,-87.607628,4.574124682109073,3.086499925758962,8.26104154662897,25.761467558113807,none
2026-01-01 05:15:00,NODE_05,41.910478,-87.607628,7.13122185859695,4.713192604671875,5.84026810552111,23.789674883795623,contamination
2026-01-01 05:30:00,NODE_05,41.910478,-87.607628,7.035455515887571,3.2562746896315304,5.344846437589197,28.842747541938984,contamination
2026-01-01 05:45:00,NODE_05,41.910478,-87.607628,7.035455515887571,3.771305112783325,3.9411195361561955,27.617520549570678,contamination
2026-01-01 06:00:00,NODE_05,41.910478,-87.607628,6.9997645107739865,3.360130677748902,7.799657364158325,24.95538566612632,none
2026-01-01 06:15:00,NODE_05,41.910478,-87.607628,6.904536858235756,5.0589054483892655,5.0931489226598785,28.04674868646368,contamination
2026-01-01 06:30:00,NODE_05,41.910478,-87.607628,7.185167714343043,3.9558469776104976,8.476374977388856,28.87238623512707,none
2026-01-01 06:45:00,NODE_05,41.910478,-87.607628,9.25285650898534,3.3005858263579806,4.69864504725785,28.13668416571595,contamination
2026-01-01 07:00:00,NODE_05,41.910478,-87.607628,8.277058197816894,3.751324090887501,7.440323483856859,25.632725727392312,none
2026-01-01 07:15:00,NODE_05,41.910478,-87.607628,6.792125450218405,4.042637641436024,3.1856571050414257,25.87219515683801,contamination
2026-01-01 07:30:00,NODE_05,41.910478,-87.607628,7.362331186706085,3.933564969736756,4.606103823544954,26.148368973370534,contamination
2026-01-01 07:45:00,NODE_05,41.910478,-87.607628,6.84605994179889,4.709374128291764,4.698214939344496,28.261810204947423,contamination
2026-01-01 08:00:00,NODE_05,41.910478,-87.607628,3.4223941642163864,3.676245974726413,5.254358833378031,27.688622784393722,contamination
2026-01-01 08:15:00,NODE_05,41.910478,-87.607628,6.136907177131185,4.704585017974258,3.3958959588718853,31.155620427963985,contamination
2026-01-01 08:30:00,NODE_05,41.910478,-87.607628,6.047651488718149,2.589867902857387,4.539549251270336,24.508855403064885,contamination
2026-01-01 08:45:00,NODE_05,41.910478,-87.607628,5.866702734137305,5.302972731364216,3.5833429332950657,26.89128549078871,contamination
2026-01-01 09:00:00,NODE_05,41.910478,-87.607628,5.122648454950097,3.5045245337918667,3.279588358688084,24.07855010662691,contamination
2026-01-01 09:15:00,NODE_05,41.910478,-87.607628,7.614056816681071,3.4379463950132005,4.231487382181664,27.86515485274348,contamination
2026-01-01 09:30:00,NODE_05,41.910478,-87.607628,7.035455515887571,4.149483264789617,3.4900099442671717,28.57052492361259,contamination
2026-01-01 09:45:00,NODE_05,41.910478,-87.607628,6.195086857984779,4.196558262262504,8.949059994229074,29.133342170793924,none
2026-01-01 10:00:00,NODE_05,41.910478,-87.607628,7.822257362901787,3.080865918611655,3.9526637396085054,27.25296613493889,contamination
2026-01-01 10:15:00,NODE_05,41.910478,-87.607628,6.47909256706823,3.089597302323555,3.7781652022295886,24.100218939250112,contamination
2026-01-01 10:30:00,NODE_05,41.910478,-87.607628,6.71579947892659,4.999752022622454,6.977338631236854,26.894960139432335,none
2026-01-01 10:45:00,NODE_05,41.910478,-87.607628,7.736312841132024,3.700916676376548,8.451001450492893,27.625367836678244,none
2026-01-01 11:00:00,NODE_05,41.910478,-87.607628,10.154219072428932,3.730899268667571,3.5797482457025045,25.462463613615487,contamination
2026-01-01 11:15:00,NODE_05,41.910478,-87.607628,8.83264111562239,3.4521497364245355,6.9803192944651355,26.572715000358045,none
2026-01-01 11:30:00,NODE_05,41.910478,-87.607628,8.040144167343296,3.986459812349238,8.234596075398839,25.054608543747637,none
2026-01-01 11:45:00,NODE_05,41.910478,-87.607628,7.035455515887571,4.246388024142823,3.8619801495267057,26.051126201604912,contamination
2026-01-01 12:00:00,NODE_05,41.910478,-87.607628,5.654118943459351,3.4662644582513105,6.145688169886985,28.338882849746675,none
2026-01-01 12:15:00,NODE_05,41.910478,-87.607628,7.036752103833548,4.400203468805106,7.343861091543557,27.990427415828645,none
2026-01-01 12:30:00,NODE_05,41.910478,-87.607628,9.097617417474694,5.473663248895655,7.3369164024664855,24.877353731487045,none
2026-01-01 12:45:00,NODE_05,41.910478,-87.607628,7.035455515887571,4.287440678130007,5.611901644450471,25.91270527418461,contamination
2026-01-01 13:00:00,NODE_05,41.910478,-87.607628,7.036752103833548,3.6002204377572,6.37845928886345,27.055820972805318,none
2026-01-01 13:15:00,NODE_05,41.910478,-87.607628,7.8943227825227344,2.865031442985628,5.182587690675285,27.309969473463514,contamination
2026-01-01 13:30:00,NODE_05,41.910478,-87.607628,8.445219158974174,4.400705861502303,4.453173556802548,25.975839360822793,contamination
2026-01-01 13:45:00,NODE_05,41.910478,-87.607628,8.613698594883758,3.949220098875637,5.081416670902235,27.684869175624097,contamination
2026-01-01 14:00:00,NODE_05,41.910478,-87.607628,7.035455515887571,4.697040686340625,4.658287104100749,26.91725966486956,contamination
2026-01-01 14:15:00,NODE_05,41.910478,-87.607628,6.630122155828689,3.352764605845478,7.979609600487117,23.105238345350873,none
2026-01-01 14:30:00,NODE_05,41.910478,-87.607628,9.678050853902558,3.0297003349809173,3.625765103223152,26.11267750472666,contamination
2026-01-01 14:45:00,NODE_05,41.910478,-87.607628,7.322828416616528,3.981968831838976,8.290809201264041,26.06984440047585,none
2026-01-01 15:00:00,NODE_05,41.910478,-87.607628,7.035455515887571,4.583109838449884,5.73240801290944,27.98759354622632,contamination
2026-01-01 15:15:00,NODE_05,41.910478,-87.607628,6.347020017898686,4.526350938820338,7.977104043297004,28.01427185140878,none
2026-01-01 15:30:00,NODE_05,41.910478,-87.607628,6.920388988495384,3.2776013640231367,5.201716131005608,24.46202883924989,contamination
2026-01-01 15:45:00,NODE_05,41.910478,-87.607628,6.280905112787962,3.0212889092957425,4.039676279449643,27.62789063113656,contamination
2026-01-01 16:00:00,NODE_05,41.910478,-87.607628,6.021051322822076,4.661057552180376,4.2231473119956755,26.85923722754067,contamination
2026-01-01 16:15:00,NODE_05,41.910478,-87.607628,8.895574457925981,4.754234801908662,3.376696735911754,27.159819607828812,contamination
2026-01-01 16:30:00,NODE_05,41.910478,-87.607628,7.984710742242038,4.567879972284673,3.513884873465011,26.04944246760111,contamination
2026-01-01 16:45:00,NODE_05,41.910478,-87.607628,7.593176933452913,3.54209264375375,5.482069664478437,26.877438111490186,contamination
2026-01-01 17:00:00,NODE_05,41.910478,-87.607628,7.287286375124328,3.504265054731857,4.754515895066646,28.695673229509218,contamination
2026-01-01 17:15:00,NODE_05,41.910478,-87.607628,7.648877927703538,4.953533862998418,4.012597397651456,27.138461634278844,contamination
2026-01-01 17:30:00,NODE_05,41.910478,-87.607628,7.035455515887571,4.26677539510979,5.408553626986638,26.906542937214866,contamination
2026-01-01 17:45:00,NODE_05,41.910478,-87.607628,6.576845323081143,3.7713135180813815,3.739559716913949,26.25137793434738,contamination
2026-01-01 18:00:00,NODE_05,41.910478,-87.607628,7.035455515887571,4.306218230824751,5.928098095800611,28.548566896257654,contamination
2026-01-01 18:15:00,NODE_05,41.910478,-87.607628,7.035455515887571,3.3055877980979718,4.034452823238509,25.049001270640893,contamination
2026-01-01 18:30:00,NODE_05,41.910478,-87.607628,9.043095631701522,4.008499340500041,4.0119328624536825,25.76722859296733,contamination
2026-01-01 18:45:00,NODE_05,41.910478,-87.607628,6.604007988638578,4.458966913210226,3.9357357166101155,24.962865922963626,contamination
2026-01-01 19:00:00,NODE_05,41.910478,-87.607628,7.543931304508226,3.703191305765389,7.763054251185032,27.271210758216956,none
2026-01-01 19:15:00,NODE_05,41.910478,-87.607628,10.015189062467666,3.846547549446087,8.687378618684118,28.739804405264874,none
2026-01-01 19:30:00,NODE_05,41.910478,-87.607628,7.035455515887571,3.7066017915406855,4.944315103602371,26.476989869287536,contamination
2026-01-01 19:45:00,NODE_05,41.910478,-87.607628,7.846463340823771,3.885623898479858,7.047157273384654,25.366074693479415,none
2026-01-01 20:00:00,NODE_05,41.910478,-87.607628,7.036752103833548,2.0007570315103718,8.898677177117461,29.424852721199162,none
2026-01-01 20:15:00,NODE_05,41.910478,-87.607628,6.334162775563274,4.038829793491571,8.404858457946101,27.647107595614308,none
2026-01-01 20:30:00,NODE_05,41.910478,-87.607628,5.555352972792188,4.5361459144294,4.636746365376199,27.386469211093125,contamination
2026-01-01 20:45:00,NODE_05,41.910478,-87.607628,9.24141997355796,4.718850871201126,6.8787756102093685,26.684897032382203,none
2026-01-01 21:00:00,NODE_05,41.910478,-87.607628,8.136497868762607,4.20418584976586,3.135883930839232,27.97370425342793,contamination
2026-01-01 21:15:00,NODE_05,41.910478,-87.607628,7.035455515887571,3.882003963008942,4.969157578154302,27.362966342059714,contamination
2026-01-01 21:30:00,NODE_05,41.910478,-87.607628,5.050748379982704,3.9302906628109806,4.605457001041051,26.248280353072637,contamination
2026-01-01 21:45:00,NODE_05,41.910478,-87.607628,7.035455515887571,3.8511542403564745,3.2460710556344123,26.499479055422416,contamination
2026-01-01 22:00:00,NODE_05,41.910478,-87.607628,6.511618075241813,4.850433707754168,3.1048177392179652,25.440352794122155,contamination
2026-01-01 22:15:00,NODE_05,41.910478,-87.607628,9.467129030386197,3.164187993708538,5.969269240228003,25.25333521435046,contamination
2026-01-01 22:30:00,NODE_05,41.910478,-87.607628,8.145632374254966,4.307547518552997,3.0900639964472156,26.525204702996458,contamination
2026-01-01 22:45:00,NODE_05,41.910478,-87.607628,7.035455515887571,3.860347610223498,4.3335847591504795,28.701505334078917,contamination
2026-01-01 23:00:00,NODE_05,41.910478,-87.607628,7.035455515887571,3.8451271657169954,4.513857073823087,25.418938177399696,contamination
2026-01-01 23:15:00,NODE_05,41.910478,-87.607628,9.735889387811044,5.573210318927751,3.3518404434013354,28.22473803952782,contamination
2026-01-01 23:30:00,NODE_05,41.910478,-87.607628,10.059642098512771,3.81878876006795,3.5071853353191487,25.77178071515651,contamination
2026-01-01 23:45:00,NODE_05,41.910478,-87.607628,5.620533436430034,3.4394758481933128,4.055415019231058,24.29027838659516,contamination
2026-01-02 00:00:00,NODE_05,41.910478,-87.607628,4.495357678948128,4.962899585062542,5.285027628640988,27.790082633525323,contamination
2026-01-02 00:15:00,NODE_05,41.910478,-87.607628,7.035455515887571,4.284878629001862,4.5212472721808,29.41333512700388,contamination
2026-01-02 00:30:00,NODE_05,41.910478,-87.607628,8.554096969890676,3.563609859980968,4.913705623658885,25.686580375239664,contamination
2026-01-02 00:45:00,NODE_05,41.910478,-87.607628,8.205550719357213,5.129527820006001,6.35976557678139,24.61537663229147,none
2026-01-02 01:00:00,NODE_05,41.910478,-87.607628,7.035455515887571,3.9991254999566994,5.304016305939629,27.65255512226174,contamination
2026-01-02 01:15:00,NODE_05,41.910478,-87.607628,6.260891633792807,4.3973861916141885,4.303084494423653,25.585421702433713,contamination
2026-01-02 01:30:00,NODE_05,41.910478,-87.607628,8.05304368223556,3.3015748949924983,6.6977042227704855,27.7751528633481,none
2026-01-02 01:45:00,NODE_05,41.910478,-87.607628,8.141429899766313,4.350921900795209,7.823087710492825,28.69740238694747,none
2026-01-02 02:00:00,NODE_05,41.910478,-87.607628,10.490744032724807,2.88702293905644,7.2080136247619935,27.466109239046112,none
2026-01-02 02:15:00,NODE_05,41.910478,-87.607628,5.58246981997149,4.048113258131365,4.502132777510014,28.184835458159913,contamination
2026-01-02 02:30:00,NODE_05,41.910478,-87.607628,6.990800830630459,4.3326398719810655,8.44022068069404,28.195101226093758,none
2026-01-02 02:45:00,NODE_05,41.910478,-87.607628,7.038347516788063,4.575578404717106,3.070597483242296,28.455103063909654,contamination
2026-01-02 03:00:00,NODE_05,41.910478,-87.607628,7.035455515887571,4.478070476621262,4.288868591690532,27.037999146977928,contamination
2026-01-02 03:15:00,NODE_05,41.910478,-87.607628,8.787667940586466,3.489945595277838,6.7090097708062535,28.13879763673219,none
2026-01-02 03:30:00,NODE_05,41.910478,-87.607628,4.633202516472866,4.751858815287916,3.3875233357293313,27.216785614876173,contamination
2026-01-02 03:45:00,NODE_05,41.910478,-87.607628,7.035455515887571,4.858164685873184,3.2986395384263254,27.557163253544545,contamination
2026-01-02 04:00:00,NODE_05,41.910478,-87.607628,8.107091815038052,2.7691640707511267,4.809576496844002,31.547749975519643,contamination
2026-01-02 04:15:00,NODE_05,41.910478,-87.607628,4.594209164354396,4.917909886714817,4.570801641457836,27.332583781020208,contamination
2026-01-02 04:30:00,NODE_05,41.910478,-87.607628,7.561832947775752,4.03215034240876,3.7607523509891077,24.723543096436657,contamination
2026-01-02 04:45:00,NODE_05,41.910478,-87.607628,5.527633482507711,4.591137050219068,4.412850176317543,26.674054229365247,contamination
2026-01-02 05:00:00,NODE_05,41.910478,-87.607628,10.003300539211928,4.746381859076648,8.9783129595382,26.504394362178296,none
2026-01-02 05:15:00,NODE_05,41.910478,-87.607628,7.338107609571772,3.736379595420893,3.5850269413158475,26.572992593009786,contamination
2026-01-02 05:30:00,NODE_05,41.910478,-87.607628,5.584124358081074,3.852731892748421,4.956279185644952,28.400346635021155,contamination
2026-01-02 05:45:00,NODE_05,41.910478,-87.607628,6.906992171811655,2.124759352216301,5.342758069158272,28.66607009213775,contamination
2026-01-02 06:00:00,NODE_05,41.910478,-87.607628,8.370440489338627,3.210635410482233,8.881705608970305,26.81173013159561,none
2026-01-02 06:15:00,NODE_05,41.910478,-87.607628,8.581428693706043,3.388448221942008,6.427963054419486,24.882371472863326,none
2026-01-02 06:30:00,NODE_05,41.910478,-87.607628,1.757037115490783,2.9675541301719317,7.527245485699414,27.118826358416367,none
2026-01-02 06:45:00,NODE_05,41.910478,-87.607628,9.545270521249014,4.983903465009575,8.489087053251192,26.155099882498206,none
2026-01-02 07:00:00,NODE_05,41.910478,-87.607628,7.036752103833548,3.6935109356881006,7.049410063534738,27.285790066598686,none
2026-01-02 07:15:00,NODE_05,41.910478,-87.607628,8.663974819761108,3.6892413611092696,3.27981434033451,26.78874015735684,contamination
2026-01-02 07:30:00,NODE_05,41.910478,-87.607628,7.417502636689077,3.3912406668716133,6.384555330897293,28.794719423243336,none
2026-01-02 07:45:00,NODE_05,41.910478,-87.607628,8.430471661964157,3.2539204326522717,6.368765639996918,27.382395065337555,none
2026-01-02 08:00:00,NODE_05,41.910478,-87.607628,8.550427814830229,4.903869628421024,3.455326229553306,26.159895529309466,contamination
2026-01-02 08:15:00,NODE_05,41.910478,-87.607628,6.0172609236891335,4.427712282297473,8.02659710586017,24.891884624565936,none
2026-01-02 08:30:00,NODE_05,41.910478,-87.607628,8.129341720237186,4.822043563607494,8.33199754224658,26.89816174979412,none
2026-01-02 08:45:00,NODE_05,41.910478,-87.607628,5.369584180846635,3.3574844355981,5.29748711770473,26.903526964722378,contamination
2026-01-02 09:00:00,NODE_05,41.910478,-87.607628,7.035455515887571,4.086175636933568,3.0162147710180096,26.57649187258621,contamination
2026-01-02 09:15:00,NODE_05,41.910478,-87.607628,9.814247468572583,4.317531286512946,3.004038812869691,28.133168622747057,contamination
2026-01-02 09:30:00,NODE_05,41.910478,-87.607628,7.036752103833548,4.64936502812178,6.486512181411564,24.896015259085342,none
2026-01-02 09:45:00,NODE_05,41.910478,-87.607628,6.323942072569584,3.5750105760990736,8.954744298050713,25.82636690033234,none
2026-01-02 10:00:00,NODE_05,41.910478,-87.607628,7.187765846234752,3.784120779606519,3.055158426454792,27.049559394870908,contamination
2026-01-02 10:15:00,NODE_05,41.910478,-87.607628,6.340027628047595,3.6860013242472816,4.392200068213514,26.130920667209246,contamination
2026-01-02 10:30:00,NODE_05,41.910478,-87.607628,6.682097358751442,3.449829469695713,6.528247899095149,26.435119138377086,none
2026-01-02 10:45:00,NODE_05,41.910478,-87.607628,9.868877880662472,3.355489790912581,3.9714587247072943,26.879805943845447,contamination
2026-01-02 11:00:00,NODE_05,41.910478,-87.607628,7.243409878975713,4.466935915288811,8.11797120888598,27.999130395762148,none
2026-01-02 11:15:00,NODE_05,41.910478,-87.607628,7.37859701625866,3.215219463201259,6.702597179364271,26.819322515317115,none
2026-01-02 11:30:00,NODE_05,41.910478,-87.607628,8.433290823974154,3.631542932175278,6.808903197657613,24.015656311113982,none
2026-01-02 11:45:00,NODE_05,41.910478,-87.607628,6.259651602740059,4.213405262223435,7.964312140806265,26.065987482115137,none
2026-01-02 12:00:00,NODE_05,41.910478,-87.607628,7.0889406421502255,5.661104287047449,7.170258116340641,27.713859408591826,none
2026-01-02 12:15:00,NODE_05,41.910478,-87.607628,7.039094321089831,4.366031350632882,6.583643909099734,28.11419345379154,none
2026-01-02 12:30:00,NODE_05,41.910478,-87.607628,6.8506254182690025,2.593833679642705,8.195038796362446,28.196969812905863,none
2026-01-02 12:45:00,NODE_05,41.910478,-87.607628,6.448931033409073,3.6221955223639024,6.462442573009002,28.6219495005848,none
2026-01-02 13:00:00,NODE_05,41.910478,-87.607628,6.945224092344811,4.823082013933822,5.990727655768066,27.14783891127669,contamination
2026-01-02 13:15:00,NODE_05,41.910478,-87.607628,9.058628424072683,3.652134470079709,7.544008572155483,27.364930466946177,none
2026-01-02 13:30:00,NODE_05,41.910478,-87.607628,6.110022205951552,2.817780458184422,6.317101811637902,25.449320176252336,none
2026-01-02 13:45:00,NODE_05,41.910478,-87.607628,5.381407519092974,4.364066934823452,4.234123714237768,23.70832002646489,contamination
2026-01-02 14:00:00,NODE_05,41.910478,-87.607628,6.252410004649734,2.722908160538052,3.3791592672170014,24.84380912027486,contamination
2026-01-02 14:15:00,NODE_05,41.910478,-87.607628,7.786734690190797,1.9614754295823136,3.08353172273224,25.91742666810605,contamination
2026-01-02 14:30:00,NODE_05,41.910478,-87.607628,7.036752103833548,3.757799099489597,7.267618140671565,24.930626168645492,none
2026-01-02 14:45:00,NODE_05,41.910478,-87.607628,7.350378986684694,3.6639221839230154,5.420272691367378,26.53079258555149,contamination
2026-01-02 15:00:00,NODE_05,41.910478,-87.607628,7.036752103833548,3.6017354805033044,6.7890775072283525,26.277050604679822,none
2026-01-02 15:15:00,NODE_05,41.910478,-87.607628,8.303263800482528,3.892667001906776,4.448140419230803,28.37692351649479,contamination
2026-01-02 15:30:00,NODE_05,41.910478,-87.607628,8.610963031730751,4.614400405414759,7.088301399412428,25.516478263959904,none
2026-01-02 15:45:00,NODE_05,41.910478,-87.607628,4.790840540243071,3.258858945031528,6.752961618948213,27.181055871417637,none
2026-01-02 16:00:00,NODE_05,41.910478,-87.607628,7.129424730462989,3.418610802866979,8.05030346116175,26.340531455516448,none
2026-01-02 16:15:00,NODE_05,41.910478,-87.607628,7.036752103833548,4.08170139800861,8.05163022348992,25.460315146151405,none
2026-01-02 16:30:00,NODE_05,41.910478,-87.607628,7.036752103833548,3.8079200615963935,7.505520727666916,25.878615814689564,none
2026-01-02 16:45:00,NODE_05,41.910478,-87.607628,5.873675845828995,5.412090884919163,8.333833582410964,23.893293438021338,none
2026-01-02 17:00:00,NODE_05,41.910478,-87.607628,9.228484208847256,4.829753513504483,4.19365252667107,28.092703235982157,contamination
2026-01-02 17:15:00,NODE_05,41.910478,-87.607628,7.539742094671527,4.210677839594846,5.417936702602751,29.073574876263745,contamination
2026-01-02 17:30:00,NODE_05,41.910478,-87.607628,6.195254905476403,3.138971386531074,4.776050528367189,26.56898382008003,contamination
2026-01-02 17:45:00,NODE_05,41.910478,-87.607628,7.889579344955965,3.2273600819458808,6.848657729359095,27.013776126733173,none
2026-01-02 18:00:00,NODE_05,41.910478,-87.607628,8.848103019208414,3.074799305886774,3.074052471673754,26.52639623503292,contamination
2026-01-02 18:15:00,NODE_05,41.910478,-87.607628,7.834319239941967,3.53293609627941,4.088260801197456,25.740046073346612,contamination
2026-01-02 18:30:00,NODE_05,41.910478,-87.607628,7.035455515887571,4.006631571280796,4.64008898488902,28.027537285958022,contamination
2026-01-02 18:45:00,NODE_05,41.910478,-87.607628,4.99353073414005,3.153809336970371,8.165401264649567,27.44878548336913,none
2026-01-02 19:00:00,NODE_05,41.910478,-87.607628,6.505872509363588,4.497528596739858,6.240268529013484,22.601981426573033,none
2026-01-02 19:15:00,NODE_05,41.910478,-87.607628,6.77977396685122,2.729104523430528,6.5495085822848775,25.418266874528033,none
2026-01-02 19:30:00,NODE_05,41.910478,-87.607628,9.879071257570804,4.218831154474738,5.589027138201681,23.890591121295667,contamination
2026-01-02 19:45:00,NODE_05,41.910478,-87.607628,4.758648346768645,4.405508764376716,3.4520624610025012,29.30330451372458,contamination
2026-01-02 20:00:00,NODE_05,41.910478,-87.607628,4.814135620889671,5.190851804612128,5.554782957912657,26.712439836973097,contamination
2026-01-02 20:15:00,NODE_05,41.910478,-87.607628,9.46266601699853,2.850183765643185,5.974360703528376,27.331235338186126,contamination
2026-01-02 20:30:00,NODE_05,41.910478,-87.607628,7.610509210594297,4.692217919448618,5.1805164931447125,26.440240293021372,contamination
2026-01-02 20:45:00,NODE_05,41.910478,-87.607628,8.206499937809191,4.225120930188118,5.354309045474964,28.624228085076837,contamination
2026-01-02 21:00:00,NODE_05,41.910478,-87.607628,5.941265555962168,2.227370875365405,5.98324580267662,28.261240754533357,contamination
2026-01-02 21:15:00,NODE_05,41.910478,-87.607628,5.906441764582054,4.807495941814587,4.816443751577836,26.646964221110935,contamination
2026-01-02 21:30:00,NODE_05,41.910478,-87.607628,9.671796765490882,3.895103865877136,3.923659146048748,29.547172579154545,contamination
2026-01-02 21:45:00,NODE_05,41.910478,-87.607628,2.1285314339651724,3.842109416766354,5.512592502228167,27.248160208991017,contamination
2026-01-02 22:00:00,NODE_05,41.910478,-87.607628,8.437875983021623,3.815468994490743,4.843457332534894,24.779995382933475,contamination
2026-01-02 22:15:00,NODE_05,41.910478,-87.607628,6.304971659666424,4.221305733897756,4.74358627116287,27.120211101912048,contamination
2026-01-02 22:30:00,NODE_05,41.910478,-87.607628,5.093675134769971,4.552571441876335,3.7609066665421147,27.746343982231135,contamination
2026-01-02 22:45:00,NODE_05,41.910478,-87.607628,6.978290867613598,4.931878078886141,5.26900280874866,26.770345866819294,contamination
2026-01-02 23:00:00,NODE_05,41.910478,-87.607628,7.035455515887571,4.380978304316724,3.245001827580289,26.352958427777263,contamination
2026-01-02 23:15:00,NODE_05,41.910478,-87.607628,4.808039747375347,3.597759969232954,5.772861212383983,29.61672496998666,contamination
2026-01-02 23:30:00,NODE_05,41.910478,-87.607628,7.88212394746559,5.364172169372378,3.9774703823114543,25.191389307568713,contamination
2026-01-02 23:45:00,NODE_05,41.910478,-87.607628,6.8528990851413285,4.59476061363479,3.3833239583699712,22.82461225797678,contamination
2026-01-03 00:00:00,NODE_05,41.910478,-87.607628,5.26428380172951,5.100239664952599,4.327099599307257,29.398764042036476,contamination
2026-01-03 00:15:00,NODE_05,41.910478,-87.607628,6.984405530368805,3.406210457516684,7.0673793834629794,25.131111901507236,none
2026-01-03 00:30:00,NODE_05,41.910478,-87.607628,7.025305941689352,5.989542790855565,5.053878582794899,26.540255937894386,contamination
2026-01-03 00:45:00,NODE_05,41.910478,-87.607628,7.035455515887571,3.912148350676072,5.708116531336069,26.404034763048333,contamination
2026-01-03 01:00:00,NODE_05,41.910478,-87.607628,6.733266882930834,3.765693648104585,8.063730274365973,28.81780573168949,none
2026-01-03 01:15:00,NODE_05,41.910478,-87.607628,7.035455515887571,4.093097748782288,3.382108420343643,29.122467565082008,contamination
2026-01-03 01:30:00,NODE_05,41.910478,-87.607628,3.664710561719395,3.3161576568421625,3.3788134113231956,25.031619814483918,contamination
2026-01-03 01:45:00,NODE_05,41.910478,-87.607628,6.847863211692964,4.9211957300136175,6.578952023817086,29.00554743791981,none
2026-01-03 02:00:00,NODE_05,41.910478,-87.607628,5.274185389589794,4.364426391731812,6.348541722762267,28.97779846996598,none
2026-01-03 02:15:00,NODE_05,41.910478,-87.607628,6.330732765446402,3.9400004233930663,4.382009489500467,26.999215407029162,contamination
2026-01-03 02:30:00,NODE_05,41.910478,-87.607628,7.417570368300503,4.671557881112399,4.496913350741298,28.368996828621494,contamination
2026-01-03 02:45:00,NODE_05,41.910478,-87.607628,7.705711006313976,3.8619560774085047,3.954786124157178,28.51942792655884,contamination
2026-01-03 03:00:00,NODE_05,41.910478,-87.607628,7.035455515887571,2.8576872045024406,5.682795354769242,26.59154121880286,contamination
2026-01-03 03:15:00,NODE_05,41.910478,-87.607628,7.035455515887571,4.514981623747227,4.934708715877068,26.733833159316227,contamination
2026-01-03 03:30:00,NODE_05,41.910478,-87.607628,8.96724410982202,3.74225594357064,7.662902117543858,27.85417506625334,none
2026-01-03 03:45:00,NODE_05,41.910478,-87.607628,6.001382440647675,4.03671976209437,3.896348613162755,24.52739554568799,contamination
2026-01-03 04:00:00,NODE_05,41.910478,-87.607628,6.300755509276121,5.708111882566888,5.673600219190807,26.439472995869824,contamination
2026-01-03 04:15:00,NODE_05,41.910478,-87.607628,6.150553015211817,4.810537179481996,3.0409020717174644,25.169644876186684,contamination
2026-01-03 04:30:00,NODE_05,41.910478,-87.607628,5.412762497595831,4.091205592856339,3.968179718179915,29.105550300140237,contamination
2026-01-03 04:45:00,NODE_05,41.910478,-87.607628,7.036752103833548,3.399725616068605,8.108975178440458,26.42180905888822,none
2026-01-03 05:00:00,NODE_05,41.910478,-87.607628,6.917920215961807,2.6914851352386666,3.4446523862979737,27.384743580281736,contamination
2026-01-03 05:15:00,NODE_05,41.910478,-87.607628,7.035455515887571,5.034682957349176,3.2762962625987693,26.642565091682943,contamination
2026-01-03 05:30:00,NODE_05,41.910478,-87.607628,7.03281872622224,3.633373288668084,5.44582899327168,26.544956867454356,contamination
2026-01-03 05:45:00,NODE_05,41.910478,-87.607628,7.036752103833548,3.19012777090997,8.45269598863379,27.286632427021637,none
2026-01-03 06:00:00,NODE_05,41.910478,-87.607628,7.139428272590956,3.771596492148276,8.528849979417322,25.874217498438504,none
2026-01-03 06:15:00,NODE_05,41.910478,-87.607628,6.335683141915911,4.578861190294835,7.561368276418149,6.032832525919258,leak
2026-01-03 06:30:00,NODE_05,41.910478,-87.607628,6.280978206755163,4.599432013730158,8.582432588060213,26.661418499789075,none
2026-01-03 06:45:00,NODE_05,41.910478,-87.607628,7.222997560406464,3.966258509567033,6.0163311275750715,26.33536004583927,none
2026-01-03 07:00:00,NODE_05,41.910478,-87.607628,7.607223911235492,3.5250271306094576,6.10552389459479,27.55676835725958,none
2026-01-03 07:15:00,NODE_05,41.910478,-87.607628,5.974583248480268,3.721974696238987,8.735464780910227,26.299689097619986,none
2026-01-03 07:30:00,NODE_05,41.910478,-87.607628,5.344116870389696,4.104698560797167,8.325995789657748,29.386855469259643,none
2026-01-03 07:45:00,NODE_05,41.910478,-87.607628,8.528292137777413,4.596923506361629,3.6771831715173824,27.9136291577025,contamination
2026-01-03 08:00:00,NODE_05,41.910478,-87.607628,7.888424514936055,2.998065930668415,8.260830394433961,24.9462179135296,none
2026-01-03 08:15:00,NODE_05,41.910478,-87.607628,6.660461917426393,3.673135983203847,4.440142131930257,27.79649991169964,contamination
2026-01-03 08:30:00,NODE_05,41.910478,-87.607628,5.115817063771218,3.9020887676437535,3.4140464610601553,25.935963449379862,contamination
2026-01-03 08:45:00,NODE_05,41.910478,-87.607628,5.895145558138062,5.075214287652746,3.2431158313951705,27.173718258749886,contamination
2026-01-03 09:00:00,NODE_05,41.910478,-87.607628,8.550525459441477,4.591997454258289,5.4891685989648735,25.873389834700685,contamination
2026-01-03 09:15:00,NODE_05,41.910478,-87.607628,7.036752103833548,3.068919236981341,6.504633277300625,23.67857716457744,none
2026-01-03 09:30:00,NODE_05,41.910478,-87.607628,5.574116594512444,5.152527697942889,4.214175191488976,26.937582756249117,contamination
2026-01-03 09:45:00,NODE_05,41.910478,-87.607628,6.875746152392153,3.397302571603791,6.58532646007263,24.818559357369768,none
2026-01-03 10:00:00,NODE_05,41.910478,-87.607628,5.702925976824722,4.137739016206605,3.1974352820717296,27.599756078738693,contamination
2026-01-03 10:15:00,NODE_05,41.910478,-87.607628,8.129585513966727,3.3625371351987914,5.673954619080896,27.23236023435149,contamination
2026-01-03 10:30:00,NODE_05,41.910478,-87.607628,7.058182608235123,3.61383477061922,8.030930256933086,26.064356179730837,none
2026-01-03 10:45:00,NODE_05,41.910478,-87.607628,7.535700190571214,4.208354353518171,7.491722543641931,29.70848855267769,none
2026-01-03 11:00:00,NODE_05,41.910478,-87.607628,7.264069096752565,3.9602821137582938,6.281972788249806,25.11125179468514,none
2026-01-03 11:15:00,NODE_05,41.910478,-87.607628,4.923178856199699,3.329600783081267,6.872166922861995,26.033676518757456,none
2026-01-03 11:30:00,NODE_05,41.910478,-87.607628,7.036752103833548,4.641041336188799,8.951195561991018,25.289145622066087,none
2026-01-03 11:45:00,NODE_05,41.910478,-87.607628,6.64646992248928,4.387601741834642,8.882144255009452,30.032157044030537,none
2026-01-03 12:00:00,NODE_05,41.910478,-87.607628,7.036752103833548,4.318271772600726,6.961460692966642,28.998549208110823,none
2026-01-03 12:15:00,NODE_05,41.910478,-87.607628,6.775631133267148,3.0175443059239453,8.988890412735678,24.83700019914606,none
2026-01-03 12:30:00,NODE_05,41.910478,-87.607628,11.24450714270002,2.9299527394001954,8.536653586490699,25.731811433161322,none
2026-01-03 12:45:00,NODE_05,41.910478,-87.607628,7.732880077797702,3.510728004352379,7.832878498296764,25.78269500795906,none
2026-01-03 13:00:00,NODE_05,41.910478,-87.607628,9.130768886836288,4.771443754534465,6.120373860783029,26.144092468997425,none
2026-01-03 13:15:00,NODE_05,41.910478,-87.607628,7.085095882764062,3.932839292719952,8.704340488615138,25.406012014891736,none
2026-01-03 13:30:00,NODE_05,41.910478,-87.607628,6.859323725529028,4.501980014505442,7.672287837792959,26.061556440124775,none
2026-01-03 13:45:00,NODE_05,41.910478,-87.607628,10.41504401364904,4.209136505059297,8.605428453608308,28.477491399231702,none
2026-01-03 14:00:00,NODE_05,41.910478,-87.607628,7.612516822631869,2.93959347170948,8.503287359717227,29.89055149976019,none
2026-01-03 14:15:00,NODE_05,41.910478,-87.607628,7.990658238533358,3.160917458532662,8.499018645603257,24.653585727325574,none
2026-01-03 14:30:00,NODE_05,41.910478,-87.607628,7.243482154402432,4.763578511529136,8.094521582144715,25.40852231074089,none
2026-01-03 14:45:00,NODE_05,41.910478,-87.607628,8.82809437489545,3.793317686196644,3.2775013138168916,27.290522162212056,contamination
2026-01-03 15:00:00,NODE_05,41.910478,-87.607628,11.180284470721592,4.370561936655497,5.341043588220476,24.599724536217632,contamination
2026-01-03 15:15:00,NODE_05,41.910478,-87.607628,5.284810114998686,3.990242632195878,6.925407637748059,27.329331027728546,none
2026-01-03 15:30:00,NODE_05,41.910478,-87.607628,6.164449535585496,3.446401194343092,5.302496491772116,27.7803371763363,contamination
2026-01-03 15:45:00,NODE_05,41.910478,-87.607628,5.754212967735088,5.920233914738748,3.922589386471369,28.02116182068217,contamination
2026-01-03 16:00:00,NODE_05,41.910478,-87.607628,8.121253675568507,4.428311682671342,4.476163468147202,27.73839978538606,contamination
2026-01-03 16:15:00,NODE_05,41.910478,-87.607628,6.728975147762138,4.59378713275743,8.56159798057561,26.167310174907104,none
2026-01-03 16:30:00,NODE_05,41.910478,-87.607628,8.628893415492303,3.071350370794229,6.420496300148191,26.69767865344165,none
2026-01-03 16:45:00,NODE_05,41.910478,-87.607628,5.6698187738947805,5.600458570901245,3.678099590365956,25.200891616426762,contamination
2026-01-03 17:00:00,NODE_05,41.910478,-87.607628,7.945407486586083,5.428916724171895,4.653152859884797,27.666690977598147,contamination
2026-01-03 17:15:00,NODE_05,41.910478,-87.607628,6.9678613966386695,4.893215273397656,6.2852809431321885,29.37522339634439,none
2026-01-03 17:30:00,NODE_05,41.910478,-87.607628,6.405392481776244,4.531920781408072,6.162635232617979,27.66348434424279,none
2026-01-03 17:45:00,NODE_05,41.910478,-87.607628,8.316765884214679,4.628770536837084,3.8942269515744683,25.927681891901127,contamination
2026-01-03 18:00:00,NODE_05,41.910478,-87.607628,6.309891576180204,3.603040461775072,6.243178691632809,28.462370774690545,none
2026-01-03 18:15:00,NODE_05,41.910478,-87.607628,5.916930488243061,3.157559520446912,8.14935894467637,6.902772611261985,leak
2026-01-03 18:30:00,NODE_05,41.910478,-87.607628,6.901710202557188,3.0356705967120168,4.955702596687382,27.334907653062128,contamination
2026-01-03 18:45:00,NODE_05,41.910478,-87.607628,6.363836377773103,4.03898350222683,5.497251550230758,27.80189226142371,contamination
2026-01-03 19:00:00,NODE_05,41.910478,-87.607628,8.307462969006558,4.625729241507733,5.926419084942065,27.986734636740774,contamination
2026-01-03 19:15:00,NODE_05,41.910478,-87.607628,6.430254785956541,4.805791533619516,4.42249288881596,24.5634970968641,contamination
2026-01-03 19:30:00,NODE_05,41.910478,-87.607628,7.035455515887571,4.117287901677459,3.2000816442163464,26.35349973661378,contamination
2026-01-03 19:45:00,NODE_05,41.910478,-87.607628,10.43329098280438,5.057310516515726,3.1442769312361065,26.199383363345998,contamination
2026-01-03 20:00:00,NODE_05,41.910478,-87.607628,7.976900873677573,4.7536079310394825,8.576227189539923,28.22248296898563,none
2026-01-03 20:15:00,NODE_05,41.910478,-87.607628,3.84681432776782,3.5842019158558904,5.797633768057352,28.04773695748283,contamination
2026-01-03 20:30:00,NODE_05,41.910478,-87.607628,7.036752103833548,5.149542443249875,6.510777456376308,26.789077881542287,none
2026-01-03 20:45:00,NODE_05,41.910478,-87.607628,5.548124946933236,4.599235865233297,3.8153595482403873,26.109365907128634,contamination
2026-01-03 21:00:00,NODE_05,41.910478,-87.607628,6.910765112184391,4.340148944480579,6.63818089839082,24.440289056081532,none
2026-01-03 21:15:00,NODE_05,41.910478,-87.607628,5.253907429487342,3.488372513803507,4.795785322214012,26.947064202729315,contamination
2026-01-03 21:30:00,NODE_05,41.910478,-87.607628,7.035455515887571,3.293552630526708,4.9588489744135265,25.538330823473455,contamination
2026-01-03 21:45:00,NODE_05,41.910478,-87.607628,7.035455515887571,4.13342264357917,3.461758529348715,25.352430986274538,contamination
2026-01-03 22:00:00,NODE_05,41.910478,-87.607628,6.347271760539316,4.376348290691898,5.931095029635528,28.359586141825588,contamination
2026-01-03 22:15:00,NODE_05,41.910478,-87.607628,7.036752103833548,3.9792968666884017,7.214579668854433,28.203062688211883,none
2026-01-03 22:30:00,NODE_05,41.910478,-87.607628,8.436759028788977,2.4999101346874286,3.407064953376838,26.237291758492457,contamination
2026-01-03 22:45:00,NODE_05,41.910478,-87.607628,7.337924402194623,3.935513836805475,5.680905760038401,24.616616573680258,contamination
2026-01-03 23:00:00,NODE_05,41.910478,-87.607628,9.434005874654105,4.2010543638879385,6.8287168248694305,25.731465625276147,none
2026-01-03 23:15:00,NODE_05,41.910478,-87.607628,8.862112709633287,4.955081792660148,8.37717232607644,28.460063937632498,none
2026-01-03 23:30:00,NODE_05,41.910478,-87.607628,3.14871228517616,3.4656378359366347,5.989696968866947,27.67176092110607,contamination
2026-01-03 23:45:00,NODE_05,41.910478,-87.607628,6.8117022698952745,3.2750084075928307,5.101295397469512,26.26247579950817,contamination
2026-01-04 00:00:00,NODE_05,41.910478,-87.607628,7.725332908074757,3.7248367036447,5.311341663221969,27.05831276095707,contamination
2026-01-04 00:15:00,NODE_05,41.910478,-87.607628,8.16307638255827,3.287243970810318,4.011908509402459,23.857950118706476,contamination
2026-01-04 00:30:00,NODE_05,41.910478,-87.607628,7.035455515887571,5.6290156360573285,5.824730558201802,23.744396415089533,contamination
2026-01-04 00:45:00,NODE_05,41.910478,-87.607628,7.395450846886257,4.990235633377976,6.557800922623153,29.935872776423295,none
2026-01-04 01:00:00,NODE_05,41.910478,-87.607628,5.158396409506499,4.645852434791949,5.197165339792665,27.72997232315119,contamination
2026-01-04 01:15:00,NODE_05,41.910478,-87.607628,7.2394159210992495,4.531825294993109,5.772323147733839,26.97267609203059,contamination
2026-01-04 01:30:00,NODE_05,41.910478,-87.607628,6.642613909578337,3.8077207988215465,5.9255399279265255,26.374748719629313,contamination
2026-01-04 01:45:00,NODE_05,41.910478,-87.607628,7.744130993509203,5.207683455238749,8.308926491650963,24.327432011344495,none
2026-01-04 02:00:00,NODE_05,41.910478,-87.607628,6.088022489133808,4.173083496432676,3.90905252094609,28.46000418687084,contamination
2026-01-04 02:15:00,NODE_05,41.910478,-87.607628,5.903993500851966,3.820021215890335,5.899642549656248,25.26484985094611,contamination
2026-01-04 02:30:00,NODE_05,41.910478,-87.607628,7.035455515887571,2.27639196018481,4.884358593730715,28.02645696364193,contamination
2026-01-04 02:45:00,NODE_05,41.910478,-87.607628,6.798097459929966,3.571622599227372,5.79192742905588,27.16818414395555,contamination
2026-01-04 03:00:00,NODE_05,41.910478,-87.607628,5.606856130577717,4.070966098496005,5.028315077443056,26.892041299456476,contamination
2026-01-04 03:15:00,NODE_05,41.910478,-87.607628,6.784116114807516,4.072186607547674,3.9217168855431614,25.016633517044802,contamination
2026-01-04 03:30:00,NODE_05,41.910478,-87.607628,4.771490668948941,3.936972573012225,4.110073572428448,25.0366079886328,contamination
2026-01-04 03:45:00,NODE_05,41.910478,-87.607628,7.592672300075482,3.341426728065969,4.651415331308821,27.55508457511059,contamination
2026-01-04 04:00:00,NODE_05,41.910478,-87.607628,7.371085073209565,4.4125895367028125,5.3700445246796455,27.089008232271734,contamination
2026-01-04 04:15:00,NODE_05,41.910478,-87.607628,7.249257332525589,4.361486286173397,3.953947654021005,27.040933605536775,contamination
2026-01-04 04:30:00,NODE_05,41.910478,-87.607628,5.94951876406115,4.072197621614668,4.739193498402576,27.39924538441224,contamination
2026-01-04 04:45:00,NODE_05,41.910478,-87.607628,5.923739954690041,3.8844603708206806,4.036874980729205,24.065067760451143,contamination
2026-01-04 05:00:00,NODE_05,41.910478,-87.607628,7.035455515887571,2.840893065983159,5.4473082139053215,28.49289875555244,contamination
2026-01-04 05:15:00,NODE_05,41.910478,-87.607628,9.055825784677507,5.456912830156691,4.400184281303851,26.43633338472017,contamination
2026-01-04 05:30:00,NODE_05,41.910478,-87.607628,5.596929951315809,3.506764606330233,3.230168480558656,28.724650528822362,contamination
2026-01-04 05:45:00,NODE_05,41.910478,-87.607628,9.497261162881252,5.242105329965899,3.4981575644446092,23.957696988462946,contamination
2026-01-04 06:00:00,NODE_05,41.910478,-87.607628,5.0900353321672975,4.838862280223715,3.183314002858897,27.823722003932854,contamination
2026-01-04 06:15:00,NODE_05,41.910478,-87.607628,7.76202074451675,3.2563013285827784,4.497908838042976,27.809551942333098,contamination
2026-01-04 06:30:00,NODE_05,41.910478,-87.607628,8.025220020635544,4.134942729310314,6.445899646733655,24.74098398560672,none
2026-01-04 06:45:00,NODE_05,41.910478,-87.607628,5.49597599882932,4.901038222067857,7.368476223359467,26.0112988192385,none
2026-01-04 07:00:00,NODE_05,41.910478,-87.607628,3.90656751428705,3.204795725910893,5.823144780115131,25.38092340171641,contamination
2026-01-04 07:15:00,NODE_05,41.910478,-87.607628,7.036752103833548,4.58215729826292,6.109889092796458,28.265001929399585,none
2026-01-04 07:30:00,NODE_05,41.910478,-87.607628,6.153368956728868,4.030337485422805,4.356259790434098,27.43351571997557,contamination
2026-01-04 07:45:00,NODE_05,41.910478,-87.607628,8.288765459923367,3.5805234612779118,5.957415962550617,29.36845623449434,contamination
2026-01-04 08:00:00,NODE_05,41.910478,-87.607628,6.095511874689899,4.302015722703906,3.0005595845119895,27.274613897064654,contamination
2026-01-04 08:15:00,NODE_05,41.910478,-87.607628,8.88697933200267,4.731195077016265,4.841938368820181,28.068549275976043,contamination
2026-01-04 08:30:00,NODE_05,41.910478,-87.607628,5.704764776213017,4.157533407489738,4.84928453211561,28.72819910771247,contamination
2026-01-04 08:45:00,NODE_05,41.910478,-87.607628,7.7753855932769635,3.3094717160131584,4.3723291676096645,27.8018230854033,contamination
2026-01-04 09:00:00,NODE_05,41.910478,-87.607628,7.560392022830322,4.257805108217033,7.253722451386228,26.393908191214038,none
2026-01-04 09:15:00,NODE_05,41.910478,-87.607628,8.679934969964185,3.873470298448302,4.3661494064418225,26.114741327749403,contamination
2026-01-04 09:30:00,NODE_05,41.910478,-87.607628,7.899451562181437,2.8537673494417257,8.884003893584419,26.8505828543489,none
2026-01-04 09:45:00,NODE_05,41.910478,-87.607628,8.490571562027739,3.875556805136775,5.191477432446899,28.165058680356843,contamination
2026-01-04 10:00:00,NODE_05,41.910478,-87.607628,5.3681257542274565,2.0041425861250266,3.406066304919852,25.82102840286228,contamination
2026-01-04 10:15:00,NODE_05,41.910478,-87.607628,7.744125219434779,3.612260192161634,8.825449500150468,27.948413284911254,none
2026-01-04 10:30:00,NODE_05,41.910478,-87.607628,7.748928548486438,3.13694500654802,3.541554685177271,27.454131473107164,contamination
2026-01-04 10:45:00,NODE_05,41.910478,-87.607628,5.375895978926893,4.174219639817962,3.7874117553637934,25.090223810842485,contamination
2026-01-04 11:00:00,NODE_05,41.910478,-87.607628,6.099646705468387,3.172789769152877,4.57577525634475,27.87548588442735,contamination
2026-01-04 11:15:00,NODE_05,41.910478,-87.607628,7.035455515887571,4.157927298303721,3.333626242014656,27.183064514920236,contamination
2026-01-04 11:30:00,NODE_05,41.910478,-87.607628,5.218989651481935,4.383942553936008,5.604507885979512,26.144396678856268,contamination
2026-01-04 11:45:00,NODE_05,41.910478,-87.607628,6.260111289935809,5.403614891830472,7.592085569290564,27.16132585471311,none
2026-01-04 12:00:00,NODE_05,41.910478,-87.607628,7.184697762508415,3.904063423060472,6.765697303032851,26.2027064607156,none
2026-01-04 12:15:00,NODE_05,41.910478,-87.607628,7.884841993204571,4.631640754077167,5.02686392879473,27.341691092676374,contamination
2026-01-04 12:30:00,NODE_05,41.910478,-87.607628,7.230845306553176,5.622018080855884,3.1142589017979576,26.718242441171878,contamination
2026-01-04 12:45:00,NODE_05,41.910478,-87.607628,5.849778285365157,3.643815887541561,4.859905694622492,24.675296647627285,contamination
2026-01-04 13:00:00,NODE_05,41.910478,-87.607628,7.035455515887571,3.6732395577842394,5.094595292029499,26.763129562818346,contamination
2026-01-04 13:15:00,NODE_05,41.910478,-87.607628,5.744067537432683,3.1716552079647324,3.6447495941601575,26.30615715249549,contamination
2026-01-04 13:30:00,NODE_05,41.910478,-87.607628,7.221689439703995,3.160818481426782,6.085712753172031,27.9235625270899,none
2026-01-04 13:45:00,NODE_05,41.910478,-87.607628,3.8464539500942263,3.143430669227733,4.090936076758348,28.289835739560324,contamination
2026-01-04 14:00:00,NODE_05,41.910478,-87.607628,7.035455515887571,4.115320543495385,3.2957826907258094,26.206680352895944,contamination
2026-01-04 14:15:00,NODE_05,41.910478,-87.607628,6.5108556110746,4.225608375907182,6.878014337278272,25.786089780763078,none
2026-01-04 14:30:00,NODE_05,41.910478,-87.607628,9.77693205003625,2.569468001273419,7.177763251083334,24.449951924003265,none
2026-01-04 14:45:00,NODE_05,41.910478,-87.607628,7.496990927216014,3.837926004293759,7.026067992743945,25.749127311115597,none
2026-01-01 00:00:00,NODE_06,41.855255,-87.639555,5.81456423425241,4.131911907800047,4.589911023064262,22.156433053792412,contamination
2026-01-01 00:15:00,NODE_06,41.855255,-87.639555,8.289857906323226,4.289236735135712,6.824393432303702,20.632441211149498,none
2026-01-01 00:30:00,NODE_06,41.855255,-87.639555,8.848927372187074,5.992325026682801,8.199459069319756,23.981041103876148,none
2026-01-01 00:45:00,NODE_06,41.855255,-87.639555,7.036752103833548,3.980920352299426,6.282179460685766,23.03457915604186,none
2026-01-01 01:00:00,NODE_06,41.855255,-87.639555,7.703356821382107,4.7321253460612525,3.516258097357879,22.46071114435097,contamination
2026-01-01 01:15:00,NODE_06,41.855255,-87.639555,6.888842932366855,4.512332449397938,7.866949911745655,22.616329258788117,none
2026-01-01 01:30:00,NODE_06,41.855255,-87.639555,10.188432654950685,4.635243482549487,4.675056945192341,23.100403645758487,contamination
2026-01-01 01:45:00,NODE_06,41.855255,-87.639555,6.908272154356689,5.405567222899759,6.894117996283353,23.59097868218508,none
2026-01-01 02:00:00,NODE_06,41.855255,-87.639555,8.311271181077604,4.4620457379771805,7.236289706124344,23.854847670651715,none
2026-01-01 02:15:00,NODE_06,41.855255,-87.639555,7.420640789488351,5.423767330031326,6.671335158812929,22.177639722411197,none
2026-01-01 02:30:00,NODE_06,41.855255,-87.639555,7.036752103833548,5.437429061426661,8.797608257406672,22.428433795204388,none
2026-01-01 02:45:00,NODE_06,41.855255,-87.639555,7.300990131038159,4.596347340478699,7.464313341304133,22.900791374297064,none
2026-01-01 03:00:00,NODE_06,41.855255,-87.639555,5.652501287341676,4.85644419196427,7.89134434697397,22.36719422340387,none
2026-01-01 03:15:00,NODE_06,41.855255,-87.639555,7.446225785014987,5.0866985617202864,8.202816091592146,23.949812339211125,none
2026-01-01 03:30:00,NODE_06,41.855255,-87.639555,8.646642950300487,3.3332426816293994,7.113318273298617,24.482319872587965,none
2026-01-01 03:45:00,NODE_06,41.855255,-87.639555,7.036752103833548,4.067414044403119,8.160304963617424,23.15744618717306,none
2026-01-01 04:00:00,NODE_06,41.855255,-87.639555,6.369973529850304,3.42706637445344,5.3742292515209265,21.27904875344096,contamination
2026-01-01 04:15:00,NODE_06,41.855255,-87.639555,4.886057056804735,3.079373114175483,5.747364718362381,23.403937896628932,contamination
2026-01-01 04:30:00,NODE_06,41.855255,-87.639555,7.75404435394794,3.760298085013082,4.079382280635898,23.21688479669706,contamination
2026-01-01 04:45:00,NODE_06,41.855255,-87.639555,4.8118324898032325,2.8609929488436383,3.9209168466270548,21.15327317740457,contamination
2026-01-01 05:00:00,NODE_06,41.855255,-87.639555,6.741245820881107,3.500970573893721,3.5855914937156474,23.21523615437391,contamination
2026-01-01 05:15:00,NODE_06,41.855255,-87.639555,7.035455515887571,4.323989597567092,5.035473505951744,21.8250504374118,contamination
2026-01-01 05:30:00,NODE_06,41.855255,-87.639555,8.73612638374922,3.368532611305949,3.9692991049990116,23.760476937996742,contamination
2026-01-01 05:45:00,NODE_06,41.855255,-87.639555,8.822610383759214,4.415596156287389,5.963248617297566,23.391741998080818,contamination
2026-01-01 06:00:00,NODE_06,41.855255,-87.639555,7.035455515887571,4.129300910378934,3.9770544061918596,22.975816023634405,contamination
2026-01-01 06:15:00,NODE_06,41.855255,-87.639555,6.98944217704844,3.8530475500412127,4.182408140347885,22.699156316214573,contamination
2026-01-01 06:30:00,NODE_06,41.855255,-87.639555,7.128062255250418,4.5105952635743645,8.550515835615142,19.44127810537631,none
2026-01-01 06:45:00,NODE_06,41.855255,-87.639555,5.226895232238513,5.13805579043723,8.992747778837916,20.819923558394812,none
2026-01-01 07:00:00,NODE_06,41.855255,-87.639555,6.116023979953149,3.98430882860984,8.660826332648602,22.44513438569601,none
2026-01-01 07:15:00,NODE_06,41.855255,-87.639555,7.381108533992378,4.342737529662858,4.2679681013668755,24.92041153708612,contamination
2026-01-01 07:30:00,NODE_06,41.855255,-87.639555,5.7637728070588325,3.253200106695462,7.122917980218974,23.48835781757999,none
2026-01-01 07:45:00,NODE_06,41.855255,-87.639555,6.746934968256862,3.4855359764780687,6.6939425467868805,25.36240570896919,none
2026-01-01 08:00:00,NODE_06,41.855255,-87.639555,7.766186660186794,3.6742254421508536,5.685195866553737,22.765817005862182,contamination
2026-01-01 08:15:00,NODE_06,41.855255,-87.639555,6.433722352782365,3.641489972443004,6.913726098865705,22.59506006964291,none
2026-01-01 08:30:00,NODE_06,41.855255,-87.639555,8.543216836760848,2.847875247872657,5.357775828626741,5.60457134056291,leak
2026-01-01 08:45:00,NODE_06,41.855255,-87.639555,5.1959206693648685,5.375901893717908,4.853794679538894,22.402514758121796,contamination
2026-01-01 09:00:00,NODE_06,41.855255,-87.639555,8.813504659624094,4.242459863239631,6.937630956710167,21.161631355659043,none
2026-01-01 09:15:00,NODE_06,41.855255,-87.639555,7.754884394437196,5.128390054528116,8.743325188462016,23.116467391806864,none
2026-01-01 09:30:00,NODE_06,41.855255,-87.639555,7.036752103833548,4.181264105822968,8.521897934457375,24.325107188369408,none
2026-01-01 09:45:00,NODE_06,41.855255,-87.639555,6.85144260294889,4.93555654349587,8.542920988527765,21.402414945759006,none
2026-01-01 10:00:00,NODE_06,41.855255,-87.639555,11.219134743203494,5.749585831041931,4.700678388748608,23.524901524897867,contamination
2026-01-01 10:15:00,NODE_06,41.855255,-87.639555,7.362912867202151,3.2494398781740013,8.64264427132421,22.501481452384322,none
2026-01-01 10:30:00,NODE_06,41.855255,-87.639555,7.70810998872957,4.896625907872932,8.41724067653436,23.318360892231404,none
2026-01-01 10:45:00,NODE_06,41.855255,-87.639555,13.999999999999998,3.170993873808265,3.0723305802260006,23.111637030948465,contamination
2026-01-01 11:00:00,NODE_06,41.855255,-87.639555,6.628427347390652,3.4052786183334085,6.887468155745589,22.01987962792708,none
2026-01-01 11:15:00,NODE_06,41.855255,-87.639555,6.8096445151755205,3.183803571914326,8.664627579642447,22.482054423808005,none
2026-01-01 11:30:00,NODE_06,41.855255,-87.639555,7.682762474412737,5.044306091718337,3.5678509377480285,22.11149447528011,contamination
2026-01-01 11:45:00,NODE_06,41.855255,-87.639555,8.829806178150646,4.423886041610509,4.377994322401628,22.819458545440405,contamination
2026-01-01 12:00:00,NODE_06,41.855255,-87.639555,7.40023858050054,4.880119767695945,5.256386098630713,21.372190413371477,contamination
2026-01-01 12:15:00,NODE_06,41.855255,-87.639555,6.630251708982636,5.18120249221265,7.915631182205741,21.73070881213858,none
2026-01-01 12:30:00,NODE_06,41.855255,-87.639555,6.559252620892982,4.216315016151919,6.151790561029745,22.02039560710188,none
2026-01-01 12:45:00,NODE_06,41.855255,-87.639555,4.704698461717015,4.109924711687724,8.77883988554522,5.253958929454213,leak
2026-01-01 13:00:00,NODE_06,41.855255,-87.639555,4.921093903334441,3.285186850930748,8.884893769875921,20.51803532144855,none
2026-01-01 13:15:00,NODE_06,41.855255,-87.639555,8.469537299759363,4.1495532982566425,3.598234793275605,22.48064176311942,contamination
2026-01-01 13:30:00,NODE_06,41.855255,-87.639555,7.035455515887571,3.1538002186878344,3.7934154500015724,21.57902271905054,contamination
2026-01-01 13:45:00,NODE_06,41.855255,-87.639555,5.842359064086903,3.86529596711091,6.2768070136882885,22.02421834485342,none
2026-01-01 14:00:00,NODE_06,41.855255,-87.639555,7.573905933368074,4.410729144201569,3.2043270741705676,21.65108241910817,contamination
2026-01-01 14:15:00,NODE_06,41.855255,-87.639555,7.035455515887571,3.067033981302946,3.65452298877982,22.93319418675528,contamination
2026-01-01 14:30:00,NODE_06,41.855255,-87.639555,8.246369053777844,4.433256610390339,5.806134483921352,22.405666273002467,contamination
2026-01-01 14:45:00,NODE_06,41.855255,-87.639555,7.940646963676027,5.431836700227226,4.398348877975467,23.7087515508627,contamination
2026-01-01 15:00:00,NODE_06,41.855255,-87.639555,4.991396889652936,3.9265987301511833,4.336159577933617,23.24393332350578,contamination
2026-01-01 15:15:00,NODE_06,41.855255,-87.639555,8.00637329840415,2.396505357833779,3.0437014642538367,20.33576708879575,contamination
2026-01-01 15:30:00,NODE_06,41.855255,-87.639555,6.2341976724749335,3.885492315509884,3.7421992411750375,21.201337629437823,contamination
2026-01-01 15:45:00,NODE_06,41.855255,-87.639555,11.069456289054555,4.88051238141723,5.598877307946544,22.3816752861948,contamination
2026-01-01 16:00:00,NODE_06,41.855255,-87.639555,7.509350205118649,4.321856146871566,3.493885284776006,22.576933424376204,contamination
2026-01-01 16:15:00,NODE_06,41.855255,-87.639555,8.142330913446468,4.704865930385587,4.245374818604163,21.333665060762083,contamination
2026-01-01 16:30:00,NODE_06,41.855255,-87.639555,7.387433763492869,3.830577272004085,3.042992717601004,24.59729777115264,contamination
2026-01-01 16:45:00,NODE_06,41.855255,-87.639555,6.246117565172954,4.755158013341267,4.435006445011668,23.93836782653917,contamination
2026-01-01 17:00:00,NODE_06,41.855255,-87.639555,6.793698634577208,4.822958045746834,3.0630633201786512,20.174224951634486,contamination
2026-01-01 17:15:00,NODE_06,41.855255,-87.639555,7.035455515887571,2.9624329710874653,5.458828659197399,23.159475755918546,contamination
2026-01-01 17:30:00,NODE_06,41.855255,-87.639555,5.489248054892975,3.987012090604247,5.474561302461311,22.572641410297148,contamination
2026-01-01 17:45:00,NODE_06,41.855255,-87.639555,8.261405952114934,2.800428120229178,5.36322656490711,24.50714877623771,contamination
2026-01-01 18:00:00,NODE_06,41.855255,-87.639555,7.53205857980722,3.8085699230100247,3.8500922066733545,20.286510324065368,contamination
2026-01-01 18:15:00,NODE_06,41.855255,-87.639555,3.9782846273167376,3.751565768898725,5.511711654665454,25.731118432240894,contamination
2026-01-01 18:30:00,NODE_06,41.855255,-87.639555,9.913703796778616,5.554666740402974,4.6289943978158075,21.376917722980888,contamination
2026-01-01 18:45:00,NODE_06,41.855255,-87.639555,4.229224558864125,3.733139569707573,4.121424326601007,23.209126443778857,contamination
2026-01-01 19:00:00,NODE_06,41.855255,-87.639555,9.135451943607052,3.6436868025547455,4.875989879112699,21.731800750022316,contamination
2026-01-01 19:15:00,NODE_06,41.855255,-87.639555,6.894050878953207,4.568843222982035,3.037023138181122,22.077097837239283,contamination
2026-01-01 19:30:00,NODE_06,41.855255,-87.639555,10.28412608414158,2.844632740715944,3.4288826328022566,20.107209231160457,contamination
2026-01-01 19:45:00,NODE_06,41.855255,-87.639555,3.715171359884693,2.353338140211447,5.2268806145107884,24.43666636125566,contamination
2026-01-01 20:00:00,NODE_06,41.855255,-87.639555,5.632040991917971,3.5119848366395887,3.732484826148459,22.23686518701856,contamination
2026-01-01 20:15:00,NODE_06,41.855255,-87.639555,5.168340328145769,3.841162624787827,4.794027351986249,22.338849346331305,contamination
2026-01-01 20:30:00,NODE_06,41.855255,-87.639555,7.692523533855144,4.522431963911939,4.1553078084690895,26.110059073654938,contamination
2026-01-01 20:45:00,NODE_06,41.855255,-87.639555,7.675913621057367,5.040460814701462,5.564417336397785,24.0805002788757,contamination
2026-01-01 21:00:00,NODE_06,41.855255,-87.639555,4.981672050401603,4.475148490099612,5.857245917989931,21.63879430112234,contamination
2026-01-01 21:15:00,NODE_06,41.855255,-87.639555,8.860324241725671,2.4766744197524457,5.650694185110571,21.725952364834104,contamination
2026-01-01 21:30:00,NODE_06,41.855255,-87.639555,8.5759391744694,4.002128659925306,3.81185998408079,23.031038031273113,contamination
2026-01-01 21:45:00,NODE_06,41.855255,-87.639555,8.783596632026194,3.4708854235987814,8.435727344879714,23.79743108565148,none
2026-01-01 22:00:00,NODE_06,41.855255,-87.639555,4.865069696444607,3.974972302235226,8.42381409004285,25.269999290093033,none
2026-01-01 22:15:00,NODE_06,41.855255,-87.639555,7.035455515887571,3.5944444159046545,3.022002452508541,20.229187177197584,contamination
2026-01-01 22:30:00,NODE_06,41.855255,-87.639555,7.440825031061319,2.496342612338434,3.077428178589545,23.73186517641194,contamination
2026-01-01 22:45:00,NODE_06,41.855255,-87.639555,8.054885744073163,3.514097774584284,4.659871918869,23.97284018253339,contamination
2026-01-01 23:00:00,NODE_06,41.855255,-87.639555,5.368988344377341,3.737882779977894,4.561348212495858,21.457075938377734,contamination
2026-01-01 23:15:00,NODE_06,41.855255,-87.639555,6.7391576920220535,5.214484016180421,5.983745967105779,22.100946363089896,contamination
2026-01-01 23:30:00,NODE_06,41.855255,-87.639555,5.039373608702727,4.957419783113156,3.6055255060912743,20.195838748547164,contamination
2026-01-01 23:45:00,NODE_06,41.855255,-87.639555,8.296344055589273,5.400810789347245,3.7743117874814054,21.889995671903975,contamination
2026-01-02 00:00:00,NODE_06,41.855255,-87.639555,5.018045870383922,5.035153706923996,3.34062192697886,22.989477342464482,contamination
2026-01-02 00:15:00,NODE_06,41.855255,-87.639555,7.207931097430971,4.705561883525115,5.752629028961234,25.03251240766385,contamination
2026-01-02 00:30:00,NODE_06,41.855255,-87.639555,4.69219656349297,4.009006061677201,5.333433733375353,25.170884403803797,contamination
2026-01-02 00:45:00,NODE_06,41.855255,-87.639555,8.020869102871476,3.4421212362955,5.467017334370542,21.097386962959238,contamination
2026-01-02 01:00:00,NODE_06,41.855255,-87.639555,6.571099216507485,4.555949236427071,5.708291363893526,24.82812498516603,contamination
2026-01-02 01:15:00,NODE_06,41.855255,-87.639555,6.784279329300363,4.045547056489322,4.574699960177515,19.717318332564545,contamination
2026-01-02 01:30:00,NODE_06,41.855255,-87.639555,8.274069058697867,2.5754230277099115,4.353579574352171,21.763941337528394,contamination
2026-01-02 01:45:00,NODE_06,41.855255,-87.639555,6.783888467541533,3.250022229204365,3.9911744209968494,22.188621054765623,contamination
2026-01-02 02:00:00,NODE_06,41.855255,-87.639555,7.390896678654897,4.32513164451923,4.767643843043567,23.019020301512338,contamination
2026-01-02 02:15:00,NODE_06,41.855255,-87.639555,6.138785151951198,4.677289618268685,4.362835190369467,22.801101726201146,contamination
2026-01-02 02:30:00,NODE_06,41.855255,-87.639555,7.3669152841286385,3.051316562922508,4.354696759816726,23.189884001707906,contamination
2026-01-02 02:45:00,NODE_06,41.855255,-87.639555,6.223677774999095,3.919575057474988,5.810783591193417,22.366900077115496,contamination
2026-01-02 03:00:00,NODE_06,41.855255,-87.639555,7.394255556132569,4.26319277247499,5.95209454283739,24.080719247950068,contamination
2026-01-02 03:15:00,NODE_06,41.855255,-87.639555,8.847880710565029,4.143450991614013,5.3894531679887425,23.679089671496897,contamination
2026-01-02 03:30:00,NODE_06,41.855255,-87.639555,6.784133023750861,5.03582284435287,5.270274270740785,22.20699190821015,contamination
2026-01-02 03:45:00,NODE_06,41.855255,-87.639555,8.596767212344783,3.2386929330871066,6.874764384483472,23.90492675066634,none
2026-01-02 04:00:00,NODE_06,41.855255,-87.639555,7.33347772602672,4.772662700779373,6.800697864296316,25.743989226162437,none
2026-01-02 04:15:00,NODE_06,41.855255,-87.639555,7.68878591609137,3.9186731557714793,8.788517116104448,21.631448533196313,none
2026-01-02 04:30:00,NODE_06,41.855255,-87.639555,6.350290472055328,4.265233067313503,6.517339166921578,25.15434098928193,none
2026-01-02 04:45:00,NODE_06,41.855255,-87.639555,8.238996596889073,3.089923748952148,7.738897374605455,21.766123240480834,none
2026-01-02 05:00:00,NODE_06,41.855255,-87.639555,7.694264581971543,5.707192759327155,7.666575204188159,24.756825149306565,none
2026-01-02 05:15:00,NODE_06,41.855255,-87.639555,9.888941401311577,3.750163510344408,8.218865053958986,21.82243221485092,none
2026-01-02 05:30:00,NODE_06,41.855255,-87.639555,10.337670863581334,5.063108914843383,3.2734219183340327,23.789829853115208,contamination
2026-01-02 05:45:00,NODE_06,41.855255,-87.639555,6.901111019881917,3.61649834167658,3.8577016013136074,22.91078588127777,contamination
2026-01-02 06:00:00,NODE_06,41.855255,-87.639555,6.920342898512878,3.2662134754089074,6.508189498894736,19.96344851349498,none
2026-01-02 06:15:00,NODE_06,41.855255,-87.639555,8.473649322846748,3.487816306545352,7.862456410517675,25.514664774109296,none
2026-01-02 06:30:00,NODE_06,41.855255,-87.639555,7.992749619333389,4.062907043028831,3.1662476653267335,21.298158231868747,contamination
2026-01-02 06:45:00,NODE_06,41.855255,-87.639555,7.520518926663479,4.227765963772117,3.9934394674924496,20.73693724834563,contamination
2026-01-02 07:00:00,NODE_06,41.855255,-87.639555,6.376408434486552,5.404045772985421,8.215053831363583,21.682178044373554,none
2026-01-02 07:15:00,NODE_06,41.855255,-87.639555,8.107244312818498,4.688271256294098,6.424563607349881,26.438207065275492,none
2026-01-02 07:30:00,NODE_06,41.855255,-87.639555,6.365497241052185,5.125416576401367,8.647410584829407,20.760765834010613,none
2026-01-02 07:45:00,NODE_06,41.855255,-87.639555,7.035455515887571,3.228379217091306,4.738857291684409,22.90870149190626,contamination
2026-01-02 08:00:00,NODE_06,41.855255,-87.639555,7.888843574059525,3.6305239854418616,3.0666554460767412,20.95659272586909,contamination
2026-01-02 08:15:00,NODE_06,41.855255,-87.639555,4.443850856498079,5.038118946233022,5.96561996113712,21.213773858133397,contamination
2026-01-02 08:30:00,NODE_06,41.855255,-87.639555,6.364155674065816,4.764412041610866,3.1242842664581634,20.24220236168649,contamination
2026-01-02 08:45:00,NODE_06,41.855255,-87.639555,7.035455515887571,4.863377535184865,5.903408212945455,23.11408852107845,contamination
2026-01-02 09:00:00,NODE_06,41.855255,-87.639555,8.41860665004133,3.442847819687195,6.793948514996284,22.399506438507593,none
2026-01-02 09:15:00,NODE_06,41.855255,-87.639555,5.71625135415621,3.433135384725815,8.13379747413136,20.944286850020884,none
2026-01-02 09:30:00,NODE_06,41.855255,-87.639555,7.1252110755305536,3.9080753459125,6.29995574245133,23.951141417318482,none
2026-01-02 09:45:00,NODE_06,41.855255,-87.639555,5.5475762631029415,4.448670726124141,6.100637614236473,24.10941728819244,none
2026-01-02 10:00:00,NODE_06,41.855255,-87.639555,3.637170625355805,5.446565702616764,7.681196861459828,23.252164127651977,none
2026-01-02 10:15:00,NODE_06,41.855255,-87.639555,7.06478908142805,4.4016278345277335,8.084482737984377,24.397341124142024,none
2026-01-02 10:30:00,NODE_06,41.855255,-87.639555,5.846786697496672,3.371110880826984,8.387360193529506,22.117820816433763,none
2026-01-02 10:45:00,NODE_06,41.855255,-87.639555,7.036752103833548,3.4065631996849204,7.020648715366004,23.12489826025753,none
2026-01-02 11:00:00,NODE_06,41.855255,-87.639555,7.036752103833548,3.624635249622655,6.019576231286661,22.123611729448754,none
2026-01-02 11:15:00,NODE_06,41.855255,-87.639555,7.036752103833548,3.8408887616175593,7.438557711334061,20.380336538474296,none
2026-01-02 11:30:00,NODE_06,41.855255,-87.639555,7.828740104752374,5.199446635796848,6.047560636120701,22.970205816627853,none
2026-01-02 11:45:00,NODE_06,41.855255,-87.639555,7.036752103833548,3.499453074211392,6.2759535320124,22.879353074942504,none
2026-01-02 12:00:00,NODE_06,41.855255,-87.639555,7.756678950252448,2.8424707084630283,4.311154565526563,22.596044753467734,contamination
2026-01-02 12:15:00,NODE_06,41.855255,-87.639555,6.810466516571186,4.402339512540909,4.883236244692009,23.202149300745976,contamination
2026-01-02 12:30:00,NODE_06,41.855255,-87.639555,7.035455515887571,2.37292472175806,4.942373822236638,24.759189865945608,contamination
2026-01-02 12:45:00,NODE_06,41.855255,-87.639555,8.594217251084952,4.48954479397793,7.745595799514124,22.33470624300981,none
2026-01-02 13:00:00,NODE_06,41.855255,-87.639555,7.035455515887571,3.572343821947975,3.974768383219924,21.20558306151898,contamination
2026-01-02 13:15:00,NODE_06,41.855255,-87.639555,7.890354273534902,3.209588058451998,6.433739130718754,22.269709701193808,none
2026-01-02 13:30:00,NODE_06,41.855255,-87.639555,6.276956510097866,3.214286497191318,5.884847421138497,22.436076165336615,contamination
2026-01-02 13:45:00,NODE_06,41.855255,-87.639555,9.87179123237563,3.652263830808236,5.190730003073604,24.116719076303106,contamination
2026-01-02 14:00:00,NODE_06,41.855255,-87.639555,5.07827417522148,3.631042313530789,7.9193256047112675,22.801330870368496,none
2026-01-02 14:15:00,NODE_06,41.855255,-87.639555,6.106759636289104,3.924967064282447,4.892152333475788,20.919052178351958,contamination
2026-01-02 14:30:00,NODE_06,41.855255,-87.639555,7.58168757744945,4.457282487105634,5.2190486932893245,23.849523010737155,contamination
2026-01-02 14:45:00,NODE_06,41.855255,-87.639555,8.31595907145097,2.760212573568241,4.8368272970816175,23.60902797357158,contamination
2026-01-02 15:00:00,NODE_06,41.855255,-87.639555,11.0278798626952,4.178897908640168,3.0500274404695173,22.80198989302774,contamination
2026-01-02 15:15:00,NODE_06,41.855255,-87.639555,7.035455515887571,3.662648159726404,3.5843204930616777,24.063705910837548,contamination
2026-01-02 15:30:00,NODE_06,41.855255,-87.639555,7.417823926645138,3.4708120786488497,5.431404651646398,24.314746732245904,contamination
2026-01-02 15:45:00,NODE_06,41.855255,-87.639555,6.369111631336883,2.275903461382081,3.817951941937454,22.07517547995215,contamination
2026-01-02 16:00:00,NODE_06,41.855255,-87.639555,9.045720545334614,4.213700443947227,5.194686358683402,21.291094365116116,contamination
2026-01-02 16:15:00,NODE_06,41.855255,-87.639555,9.0894210984221,4.43011601625449,8.122606313236332,22.623521585828943,none
2026-01-02 16:30:00,NODE_06,41.855255,-87.639555,7.636454091471839,3.332906497382808,4.56565298447383,23.446253803534564,contamination
2026-01-02 16:45:00,NODE_06,41.855255,-87.639555,3.795132905042617,3.1850831676181475,3.203919899458211,22.483303807325775,contamination
2026-01-02 17:00:00,NODE_06,41.855255,-87.639555,7.2034388489879815,6.389161009216368,6.538935947592395,21.15870084124727,none
2026-01-02 17:15:00,NODE_06,41.855255,-87.639555,6.150487600902442,3.551655811015034,8.878782615083221,22.885344174161897,none
2026-01-02 17:30:00,NODE_06,41.855255,-87.639555,8.618653849249895,4.141341848770995,5.6704141603407425,19.59108521039506,contamination
2026-01-02 17:45:00,NODE_06,41.855255,-87.639555,6.9343105827538345,4.210975272536809,4.95682533269715,22.154644607066516,contamination
2026-01-02 18:00:00,NODE_06,41.855255,-87.639555,7.036752103833548,4.387208418499805,8.623817383509497,23.918085064616065,none
2026-01-02 18:15:00,NODE_06,41.855255,-87.639555,7.741245058636744,3.7411433659749633,7.691601095675299,23.99949376656298,none
2026-01-02 18:30:00,NODE_06,41.855255,-87.639555,7.035455515887571,4.128746146713473,4.855830867281817,17.00166782536548,contamination
2026-01-02 18:45:00,NODE_06,41.855255,-87.639555,8.81535795265852,2.875880180472337,4.705656766813837,22.352460058701027,contamination
2026-01-02 19:00:00,NODE_06,41.855255,-87.639555,6.217255306949025,2.081425020190486,3.1775312155906255,23.540249908212704,contamination
2026-01-02 19:15:00,NODE_06,41.855255,-87.639555,5.898726324805972,4.899815187496653,6.487546934271346,20.877213106732345,none
2026-01-02 19:30:00,NODE_06,41.855255,-87.639555,4.933106138281651,1.45,5.306760133713505,22.083404203021324,contamination
2026-01-02 19:45:00,NODE_06,41.855255,-87.639555,5.970035656942926,5.428674071623728,5.982244963936727,24.452911349245078,contamination
2026-01-02 20:00:00,NODE_06,41.855255,-87.639555,6.284248242254425,3.377132288772658,3.033235657782929,21.915091090514203,contamination
2026-01-02 20:15:00,NODE_06,41.855255,-87.639555,6.32125931522299,4.5014572038139855,5.19052035993203,25.039298718738777,contamination
2026-01-02 20:30:00,NODE_06,41.855255,-87.639555,6.646067269769524,3.0539831208747548,7.132162874924329,21.529557640705793,none
2026-01-02 20:45:00,NODE_06,41.855255,-87.639555,7.036752103833548,2.7473129992921272,7.334267694606037,24.756156472807866,none
2026-01-02 21:00:00,NODE_06,41.855255,-87.639555,8.246919870565435,4.09661966700433,6.139300966448437,22.691681547687644,none
2026-01-02 21:15:00,NODE_06,41.855255,-87.639555,9.612898964310972,4.016409562458125,6.0411995642477345,21.323845284580422,none
2026-01-02 21:30:00,NODE_06,41.855255,-87.639555,6.548020558130832,3.6118603716661046,8.764258004628983,24.761157339759777,none
2026-01-02 21:45:00,NODE_06,41.855255,-87.639555,10.761897799889317,4.661798516052168,6.385872181317576,20.831623785008492,none
2026-01-02 22:00:00,NODE_06,41.855255,-87.639555,9.79455869937693,2.9454187377034105,7.337336242678411,21.447377849291826,none
2026-01-02 22:15:00,NODE_06,41.855255,-87.639555,8.210443565143713,4.976055159693945,8.446063871566684,23.376215326315037,none
2026-01-02 22:30:00,NODE_06,41.855255,-87.639555,6.9417194379777,4.563183171238155,8.667956279784958,22.762562307134743,none
2026-01-02 22:45:00,NODE_06,41.855255,-87.639555,7.958984291884183,4.698007916123446,7.558193055850403,23.052281849760135,none
2026-01-02 23:00:00,NODE_06,41.855255,-87.639555,6.698153869013519,3.758179651015044,7.69509757492785,22.088858730646457,none
2026-01-02 23:15:00,NODE_06,41.855255,-87.639555,7.036752103833548,4.109590274369244,8.009051917389817,20.84224594833457,none
2026-01-02 23:30:00,NODE_06,41.855255,-87.639555,7.29214180515922,4.466912564165001,8.884147410431146,21.662952570803874,none
2026-01-02 23:45:00,NODE_06,41.855255,-87.639555,7.036752103833548,5.922581691937248,7.808009882833515,24.621935137550825,none
2026-01-03 00:00:00,NODE_06,41.855255,-87.639555,4.126528715100222,4.460200983755287,3.945031521550274,4.667462966563124,leak
2026-01-03 00:15:00,NODE_06,41.855255,-87.639555,6.7370040722130575,4.063170288841773,6.043602405797972,5.678988271000756,leak
2026-01-03 00:30:00,NODE_06,41.855255,-87.639555,3.719791644371925,2.7183977338802885,3.207460703155504,23.115124695218633,contamination
2026-01-03 00:45:00,NODE_06,41.855255,-87.639555,6.129637014813746,4.615886181275908,5.48249622490702,21.74612885660117,contamination
2026-01-03 01:00:00,NODE_06,41.855255,-87.639555,7.49623220797336,4.777382337225378,3.7636216287649837,19.63825673866478,contamination
2026-01-03 01:15:00,NODE_06,41.855255,-87.639555,6.702546553103828,3.442983035168171,8.600074045198184,19.83530783920368,none
2026-01-03 01:30:00,NODE_06,41.855255,-87.639555,8.975464347533963,2.4360855903052734,3.129945819762936,22.10751036559097,contamination
2026-01-03 01:45:00,NODE_06,41.855255,-87.639555,3.902475685915096,4.528522696326911,5.0980183987579295,21.92577011674446,contamination
2026-01-03 02:00:00,NODE_06,41.855255,-87.639555,7.036752103833548,3.699558048485045,8.3637928153133,22.817959077075386,none
2026-01-03 02:15:00,NODE_06,41.855255,-87.639555,4.999413810796919,4.460683931737437,5.23421018348763,25.220052716888848,contamination
2026-01-03 02:30:00,NODE_06,41.855255,-87.639555,7.035455515887571,4.405385705659032,4.237209181403598,23.44772723978618,contamination
2026-01-03 02:45:00,NODE_06,41.855255,-87.639555,6.391353623832183,3.92374916929651,3.587266819216874,22.448303041263962,contamination
2026-01-03 03:00:00,NODE_06,41.855255,-87.639555,10.667363934157889,4.135568909483627,7.409935303973383,24.46660275049085,none
2026-01-03 03:15:00,NODE_06,41.855255,-87.639555,6.603416523303387,4.270816603915842,8.573751216730702,22.867317105489477,none
2026-01-03 03:30:00,NODE_06,41.855255,-87.639555,7.679595096300121,3.297525234337058,6.895643777946492,25.040899706021087,none
2026-01-03 03:45:00,NODE_06,41.855255,-87.639555,6.09815652147278,3.9773623643299727,3.9519164322614597,21.633206775329775,contamination
2026-01-03 04:00:00,NODE_06,41.855255,-87.639555,7.977635990880497,3.552129499701653,5.7358787525989,20.91965005759442,contamination
2026-01-03 04:15:00,NODE_06,41.855255,-87.639555,4.03406341143777,5.024742306559979,8.248549245470342,19.64083780099853,none
2026-01-03 04:30:00,NODE_06,41.855255,-87.639555,9.56240594378952,3.7627198370300334,5.082052242317226,22.483219329163205,contamination
2026-01-03 04:45:00,NODE_06,41.855255,-87.639555,6.579969329401555,4.575931871590866,3.5482534979623077,20.789373930345185,contamination
2026-01-03 05:00:00,NODE_06,41.855255,-87.639555,7.035455515887571,3.777737413505429,3.9571352229967194,20.768131516646296,contamination
2026-01-03 05:15:00,NODE_06,41.855255,-87.639555,5.653506134793232,5.198985503613217,4.246542189186198,24.19281533998355,contamination
2026-01-03 05:30:00,NODE_06,41.855255,-87.639555,8.848586282929045,4.014681857976119,7.897416607234432,20.058183778370672,none
2026-01-03 05:45:00,NODE_06,41.855255,-87.639555,6.425873866275697,3.731936502753873,6.864887413662769,22.7966739241268,none
2026-01-03 06:00:00,NODE_06,41.855255,-87.639555,6.563356596837224,5.2929501812464,7.915365211956431,22.516487149974832,none
2026-01-03 06:15:00,NODE_06,41.855255,-87.639555,6.344095425001865,3.8434840157795422,3.956068811971571,22.779532937878262,contamination
2026-01-03 06:30:00,NODE_06,41.855255,-87.639555,6.588207965322447,3.972255856460901,3.3140279116066003,24.71748991849978,contamination
2026-01-03 06:45:00,NODE_06,41.855255,-87.639555,5.596729817575806,3.826158190514717,3.3857894578816574,4.840929786546774,leak
2026-01-03 07:00:00,NODE_06,41.855255,-87.639555,6.665495068276907,3.928495392384576,4.72155179392508,24.718758946028345,contamination
2026-01-03 07:15:00,NODE_06,41.855255,-87.639555,9.268281894641785,5.255703381928599,3.18270579929848,20.001028631160242,contamination
2026-01-03 07:30:00,NODE_06,41.855255,-87.639555,7.035455515887571,3.569570266317617,3.0927926441806983,23.617447770980515,contamination
2026-01-03 07:45:00,NODE_06,41.855255,-87.639555,9.836030547126414,4.219118007986666,5.143242304411493,24.855896283687482,contamination
2026-01-03 08:00:00,NODE_06,41.855255,-87.639555,8.519639042501984,3.4272514067406243,4.084941284523134,16.560261088240466,contamination
2026-01-03 08:15:00,NODE_06,41.855255,-87.639555,8.007541219554257,5.250173060134276,3.3761260477016197,22.588246827685698,contamination
2026-01-03 08:30:00,NODE_06,41.855255,-87.639555,8.24309098646176,3.5507168314887294,3.760838312579125,22.466240248006688,contamination
2026-01-03 08:45:00,NODE_06,41.855255,-87.639555,7.035455515887571,2.913048442998909,4.926259522057197,22.749108979188982,contamination
2026-01-03 09:00:00,NODE_06,41.855255,-87.639555,7.4686170188765795,3.384178840922889,3.8266097014225533,25.208673096865965,contamination
2026-01-03 09:15:00,NODE_06,41.855255,-87.639555,7.756939183465604,3.8703388472536906,4.483563375361223,21.495889915887954,contamination
2026-01-03 09:30:00,NODE_06,41.855255,-87.639555,7.035455515887571,5.666547310958305,3.3650859201800167,20.864573420111586,contamination
2026-01-03 09:45:00,NODE_06,41.855255,-87.639555,5.171434094056084,2.949431503010539,4.764280912816341,22.76002023951958,contamination
2026-01-03 10:00:00,NODE_06,41.855255,-87.639555,8.11644657034648,2.934697436997308,3.948233051529792,24.32780637733983,contamination
2026-01-03 10:15:00,NODE_06,41.855255,-87.639555,7.036752103833548,3.5613978299719125,6.8080791019906135,23.47928854003805,none
2026-01-03 10:30:00,NODE_06,41.855255,-87.639555,6.624572527652799,4.333720849150268,5.425184646912069,22.6928192106274,contamination
2026-01-03 10:45:00,NODE_06,41.855255,-87.639555,6.580043295312247,4.756446279122354,4.834939258169977,22.297489711162562,contamination
2026-01-03 11:00:00,NODE_06,41.855255,-87.639555,7.035455515887571,4.148611317085472,3.887242687785062,19.630940721908964,contamination
2026-01-03 11:15:00,NODE_06,41.855255,-87.639555,7.460727220198072,3.949014617743278,3.7672311046449014,23.520130008306634,contamination
2026-01-03 11:30:00,NODE_06,41.855255,-87.639555,5.117390302624234,3.9371884418353353,7.14368985832463,23.699347089818698,none
2026-01-03 11:45:00,NODE_06,41.855255,-87.639555,6.87645104288265,4.54534092739007,8.972137675869316,21.60283586315092,none
2026-01-03 12:00:00,NODE_06,41.855255,-87.639555,4.812433652167467,3.020995900341481,6.742851261524155,21.94425641519145,none
2026-01-03 12:15:00,NODE_06,41.855255,-87.639555,5.966000488790355,4.177139265761123,7.519369131109542,21.068992683940092,none
2026-01-03 12:30:00,NODE_06,41.855255,-87.639555,8.297783199991656,4.239220571845264,8.533207029571596,23.943521424564764,none
2026-01-03 12:45:00,NODE_06,41.855255,-87.639555,7.036752103833548,3.5225861734964283,6.717669640997574,22.092536794339253,none
2026-01-03 13:00:00,NODE_06,41.855255,-87.639555,5.040331692395899,3.603325615207352,7.245641270052992,22.417379214397805,none
2026-01-03 13:15:00,NODE_06,41.855255,-87.639555,8.029181612754343,4.388551011831945,7.8452738621099645,23.58523238989671,none
2026-01-03 13:30:00,NODE_06,41.855255,-87.639555,8.907987117561257,4.6412585321295445,7.4435644544253075,23.131797295525004,none
2026-01-03 13:45:00,NODE_06,41.855255,-87.639555,6.714776879687881,4.684853470075885,7.378506799710952,23.486257917531358,none
2026-01-03 14:00:00,NODE_06,41.855255,-87.639555,8.1403444634267,4.362792108070999,7.087529193966371,22.903592174434063,none
2026-01-03 14:15:00,NODE_06,41.855255,-87.639555,6.397905013801276,3.958543451376229,7.759938983324775,22.93701371806487,none
2026-01-03 14:30:00,NODE_06,41.855255,-87.639555,6.887863943894864,5.454487652366452,5.3180129643845,22.9227929969272,contamination
2026-01-03 14:45:00,NODE_06,41.855255,-87.639555,6.103731304612343,3.383048919634983,7.959868622704088,23.320709854404335,none
2026-01-03 15:00:00,NODE_06,41.855255,-87.639555,6.616730690411597,3.622379241574248,4.736932939662435,23.393596852951838,contamination
2026-01-03 15:15:00,NODE_06,41.855255,-87.639555,9.919478425557038,4.117488039506429,3.0438269913266485,20.80427427426174,contamination
2026-01-03 15:30:00,NODE_06,41.855255,-87.639555,4.032060533561112,4.8142350960663,4.081126477089512,21.74554483845297,contamination
2026-01-03 15:45:00,NODE_06,41.855255,-87.639555,3.841205038045167,3.635634542700212,4.8145182880877435,22.336298820127826,contamination
2026-01-03 16:00:00,NODE_06,41.855255,-87.639555,7.035455515887571,4.407566169075395,4.162353887767616,23.319063600124142,contamination
2026-01-03 16:15:00,NODE_06,41.855255,-87.639555,5.019984766789215,4.089485428098205,5.590439684738439,25.037471259620183,contamination
2026-01-03 16:30:00,NODE_06,41.855255,-87.639555,8.983811794161655,2.44567338788982,3.9264068260488463,21.421501667930865,contamination
2026-01-03 16:45:00,NODE_06,41.855255,-87.639555,7.933067691513921,4.5342330430238365,8.788749283792708,23.9593137284511,none
2026-01-03 17:00:00,NODE_06,41.855255,-87.639555,5.588129750721398,3.1656184818533246,3.797993079277974,21.787916446960175,contamination
2026-01-03 17:15:00,NODE_06,41.855255,-87.639555,6.163519015359364,3.477244889243602,7.310580109671379,24.6971114688478,none
2026-01-03 17:30:00,NODE_06,41.855255,-87.639555,10.301571270693753,3.857851974842695,4.672214892942561,25.50985211307625,contamination
2026-01-03 17:45:00,NODE_06,41.855255,-87.639555,7.210773702067905,4.462408040870791,7.215645369897836,20.019315674937822,none
2026-01-03 18:00:00,NODE_06,41.855255,-87.639555,6.509621638211163,3.802819638132032,6.376572543683627,22.151835866819766,none
2026-01-03 18:15:00,NODE_06,41.855255,-87.639555,9.454119448104636,4.0586260103019,8.440847177942157,19.115969192354495,none
2026-01-03 18:30:00,NODE_06,41.855255,-87.639555,6.411525835916651,2.2006782017544677,5.657741986492274,20.106582178542162,contamination
2026-01-03 18:45:00,NODE_06,41.855255,-87.639555,6.707016927616642,3.1656323908377333,5.448237127030054,20.200048355000263,contamination
2026-01-03 19:00:00,NODE_06,41.855255,-87.639555,5.8217069136202575,3.908198846408604,3.0568362101230635,23.57743517759775,contamination
2026-01-03 19:15:00,NODE_06,41.855255,-87.639555,8.727778876323073,3.831540450516013,5.207753860655966,23.296811681871475,contamination
2026-01-03 19:30:00,NODE_06,41.855255,-87.639555,6.089430846297192,4.366860919211035,3.625198720854995,23.84320289737239,contamination
2026-01-03 19:45:00,NODE_06,41.855255,-87.639555,8.560349290980842,2.939212581325054,8.515647621074379,23.5532109929432,none
2026-01-03 20:00:00,NODE_06,41.855255,-87.639555,5.495035446034119,4.115428052361774,4.915466354397406,23.368933447580186,contamination
2026-01-03 20:15:00,NODE_06,41.855255,-87.639555,7.399724707648925,3.795124079678799,3.959229586223085,22.80912179239784,contamination
2026-01-03 20:30:00,NODE_06,41.855255,-87.639555,5.34534537107888,2.3628860224049038,3.1713514901113298,22.445015757362743,contamination
2026-01-03 20:45:00,NODE_06,41.855255,-87.639555,6.790838199257259,3.438279838827972,8.189979673934891,24.17073281344798,none
2026-01-03 21:00:00,NODE_06,41.855255,-87.639555,6.442496436487848,2.8910188785912547,6.395231398895892,22.659753048916876,none
2026-01-03 21:15:00,NODE_06,41.855255,-87.639555,7.460147818172523,2.4136288515589506,5.709670882034121,23.429104687763715,contamination
2026-01-03 21:30:00,NODE_06,41.855255,-87.639555,4.533399113632135,3.188640741905024,8.527370958355242,19.145908214332607,none
2026-01-03 21:45:00,NODE_06,41.855255,-87.639555,7.035455515887571,4.312289707883561,3.6283673085285333,20.8787325940922,contamination
2026-01-03 22:00:00,NODE_06,41.855255,-87.639555,9.39584220217389,3.5304983249278665,4.2487883420637225,24.111672595848717,contamination
2026-01-03 22:15:00,NODE_06,41.855255,-87.639555,7.103348375140523,4.417193560665691,4.069713977852457,21.63868381523104,contamination
2026-01-03 22:30:00,NODE_06,41.855255,-87.639555,8.218171065854822,4.24644617230064,5.7351776307383275,20.548299938632205,contamination
2026-01-03 22:45:00,NODE_06,41.855255,-87.639555,5.575920648115463,4.29444755906491,3.1208668372036263,23.60327471260287,contamination
2026-01-03 23:00:00,NODE_06,41.855255,-87.639555,7.615556979306126,4.2431337337783965,4.536644123031155,22.64333770329846,contamination
2026-01-03 23:15:00,NODE_06,41.855255,-87.639555,9.056244707341865,3.319353736685142,5.0414383875731215,22.030927458410442,contamination
2026-01-03 23:30:00,NODE_06,41.855255,-87.639555,6.706695161498074,4.371882444533677,8.509657173508842,24.905002668492454,none
2026-01-03 23:45:00,NODE_06,41.855255,-87.639555,7.036752103833548,5.709690240551309,7.536901082746399,24.647487377253945,none
2026-01-04 00:00:00,NODE_06,41.855255,-87.639555,7.035455515887571,4.170075590262242,5.4112657080352875,22.359580415958213,contamination
2026-01-04 00:15:00,NODE_06,41.855255,-87.639555,6.037428193759539,3.59421736385624,7.712974713977935,23.724899172609764,none
2026-01-04 00:30:00,NODE_06,41.855255,-87.639555,6.272474990901286,4.612535780383918,7.2236478305909495,19.28328049702298,none
2026-01-04 00:45:00,NODE_06,41.855255,-87.639555,7.499844231952879,4.454476672661552,4.121841403437203,24.281374764726735,contamination
2026-01-04 01:00:00,NODE_06,41.855255,-87.639555,5.600876517470604,4.362033669355959,5.658864649367153,21.011456452276757,contamination
2026-01-04 01:15:00,NODE_06,41.855255,-87.639555,7.035455515887571,2.6432124116405253,3.454113513789825,20.463123312255576,contamination
2026-01-04 01:30:00,NODE_06,41.855255,-87.639555,7.876495131350931,3.913904716907024,3.4556585170098906,19.96343864361849,contamination
2026-01-04 01:45:00,NODE_06,41.855255,-87.639555,7.108140711077948,4.015246444321198,6.0435452835828265,19.847508380712856,none
2026-01-04 02:00:00,NODE_06,41.855255,-87.639555,5.742533062882013,4.272202758106124,3.1633981421005126,24.26182452673148,contamination
2026-01-04 02:15:00,NODE_06,41.855255,-87.639555,6.232010556459672,1.6415150097935705,7.206824302294301,23.5880532793081,none
2026-01-04 02:30:00,NODE_06,41.855255,-87.639555,5.999125177726393,5.046973115947742,5.8956289156372055,21.492546751466627,contamination
2026-01-04 02:45:00,NODE_06,41.855255,-87.639555,7.44518902590451,2.745803764968096,6.5488059638526375,23.92368477048813,none
2026-01-04 03:00:00,NODE_06,41.855255,-87.639555,4.126581310415113,3.504750791059393,4.896057625267309,21.748864071567063,contamination
2026-01-04 03:15:00,NODE_06,41.855255,-87.639555,6.977267851638903,2.3670413093414906,8.953325860750105,23.12681037761375,none
2026-01-04 03:30:00,NODE_06,41.855255,-87.639555,12.246928068519756,3.533243424589728,4.100884221021602,21.91787267503398,contamination
2026-01-04 03:45:00,NODE_06,41.855255,-87.639555,5.736675708942604,2.7417913083454284,7.799113240224301,22.46139152207988,none
2026-01-04 04:00:00,NODE_06,41.855255,-87.639555,6.991685152928785,3.724823560337372,8.329460643947,21.279040853729352,none
2026-01-04 04:15:00,NODE_06,41.855255,-87.639555,5.991371081542708,4.539371149738408,8.247473469529595,21.501609772179226,none
2026-01-04 04:30:00,NODE_06,41.855255,-87.639555,6.000723335995511,4.176218742792006,6.986322862477772,23.457480486809757,none
2026-01-04 04:45:00,NODE_06,41.855255,-87.639555,6.89792271658945,4.490105279441128,7.832580250550551,23.69850466552269,none
2026-01-04 05:00:00,NODE_06,41.855255,-87.639555,9.723377230792792,4.0720633529651895,8.613794055810471,22.020150043209902,none
2026-01-04 05:15:00,NODE_06,41.855255,-87.639555,6.941278904431053,4.178959771570964,6.046342283199234,20.353025848978003,none
2026-01-04 05:30:00,NODE_06,41.855255,-87.639555,8.24955050895133,4.284831119370148,7.307203070529923,26.348206782747663,none
2026-01-04 05:45:00,NODE_06,41.855255,-87.639555,6.351286549370794,3.707053967662745,6.672820254725716,22.696381202727675,none
2026-01-04 06:00:00,NODE_06,41.855255,-87.639555,7.571684493181063,3.920287688012938,7.165896871196517,23.10954745949192,none
2026-01-04 06:15:00,NODE_06,41.855255,-87.639555,8.512780908859234,4.026622093912992,7.247968823925725,20.749341517761945,none
2026-01-04 06:30:00,NODE_06,41.855255,-87.639555,4.85805560159329,4.130972246502359,3.9711924768312707,24.46418653885747,contamination
2026-01-04 06:45:00,NODE_06,41.855255,-87.639555,8.370364964619357,2.746649833830865,6.2814656171863295,24.693179110118727,none
2026-01-04 07:00:00,NODE_06,41.855255,-87.639555,7.526680395036496,4.1482231286287385,7.537751709397531,20.079283928920347,none
2026-01-04 07:15:00,NODE_06,41.855255,-87.639555,7.035455515887571,3.9432907565051343,4.973148441827861,22.48775777394269,contamination
2026-01-04 07:30:00,NODE_06,41.855255,-87.639555,8.227083130096286,3.619181847561858,7.482472810655413,22.37068075945136,none
2026-01-04 07:45:00,NODE_06,41.855255,-87.639555,7.256015038533906,4.534960272538596,8.19561975918816,26.22400644020108,none
2026-01-01 00:00:00,NODE_07,41.838375,-87.660896,8.43344310417292,3.8247341378467112,7.151373767720543,27.483325551237083,none
2026-01-01 00:15:00,NODE_07,41.838375,-87.660896,7.035455515887571,5.14411422012617,5.709744315285391,23.141737219591484,contamination
2026-01-01 00:30:00,NODE_07,41.838375,-87.660896,7.701032797005616,3.395482609242578,7.445410327616824,24.225826571221326,none
2026-01-01 00:45:00,NODE_07,41.838375,-87.660896,7.058866081279625,3.93733418398454,7.713641728844393,23.978413817774346,none
2026-01-01 01:00:00,NODE_07,41.838375,-87.660896,6.975209177557351,5.256483549715023,8.476592470040249,25.875419405821628,none
2026-01-01 01:15:00,NODE_07,41.838375,-87.660896,7.143941990149046,3.7928403073905503,4.7999035747831975,27.676218161691843,contamination
2026-01-01 01:30:00,NODE_07,41.838375,-87.660896,7.967344823111111,4.069358772118035,4.456940596002831,25.481665889370717,contamination
2026-01-01 01:45:00,NODE_07,41.838375,-87.660896,9.73956194896991,2.568079876725237,8.123351935087447,26.06965419520198,none
2026-01-01 02:00:00,NODE_07,41.838375,-87.660896,7.179864148534108,3.878447313763328,5.778615605653036,5.501074441431359,leak
2026-01-01 02:15:00,NODE_07,41.838375,-87.660896,5.150456539630286,4.14702894652348,5.613945741740561,26.061616387784447,contamination
2026-01-01 02:30:00,NODE_07,41.838375,-87.660896,6.483994507852924,2.6886432854606426,5.355250971719271,24.61002808952348,contamination
2026-01-01 02:45:00,NODE_07,41.838375,-87.660896,6.6430265381410845,3.7099886624912353,3.8210953730351127,22.856765543549276,contamination
2026-01-01 03:00:00,NODE_07,41.838375,-87.660896,5.477912294546052,3.774256121104987,7.246317048778982,25.964210904247913,none
2026-01-01 03:15:00,NODE_07,41.838375,-87.660896,7.51483566596394,4.299732160445903,3.2925230773916256,25.30312620812782,contamination
2026-01-01 03:30:00,NODE_07,41.838375,-87.660896,7.966856823982582,5.115430914016896,6.973662329192779,23.672108525768103,none
2026-01-01 03:45:00,NODE_07,41.838375,-87.660896,6.599593818953803,4.702310752770497,3.984480217060823,27.785982828201238,contamination
2026-01-01 04:00:00,NODE_07,41.838375,-87.660896,7.036752103833548,4.120931424045978,8.276987287472183,24.168223856352668,none
2026-01-01 04:15:00,NODE_07,41.838375,-87.660896,8.179890443104444,4.295737731458633,5.008070952722245,26.231556812203493,contamination
2026-01-01 04:30:00,NODE_07,41.838375,-87.660896,7.036752103833548,4.116263245209827,6.133983649136696,24.774082554719993,none
2026-01-01 04:45:00,NODE_07,41.838375,-87.660896,7.036752103833548,2.72365054009649,6.92867790453922,27.633270668831614,none
2026-01-01 05:00:00,NODE_07,41.838375,-87.660896,5.767349596865663,3.896090487367949,6.876909139664512,24.96152296995239,none
2026-01-01 05:15:00,NODE_07,41.838375,-87.660896,4.33711946912069,4.401635259788382,8.433261738600775,22.80596270762986,none
2026-01-01 05:30:00,NODE_07,41.838375,-87.660896,4.961352728384606,3.902837833888625,3.5313814325947623,26.532908011873882,contamination
2026-01-01 05:45:00,NODE_07,41.838375,-87.660896,7.986018499069503,3.1530047275571595,8.417026137128111,27.627220822079842,none
2026-01-01 06:00:00,NODE_07,41.838375,-87.660896,7.035455515887571,3.52248646263634,4.336228563317361,24.67648774415125,contamination
2026-01-01 06:15:00,NODE_07,41.838375,-87.660896,7.885678999417978,5.430349993501885,3.252766132253914,26.336232055023913,contamination
2026-01-01 06:30:00,NODE_07,41.838375,-87.660896,7.035455515887571,4.586748358609115,5.047957815132597,25.512052248118408,contamination
2026-01-01 06:45:00,NODE_07,41.838375,-87.660896,9.515140615244428,3.8128876614746607,3.706868553574945,24.74383090740697,contamination
2026-01-01 07:00:00,NODE_07,41.838375,-87.660896,7.1175786583500535,4.333401737047984,5.8307224321055315,26.579045406978295,contamination
2026-01-01 07:15:00,NODE_07,41.838375,-87.660896,7.558076302469553,4.16900526664164,5.613754882195957,24.117850856516753,contamination
2026-01-01 07:30:00,NODE_07,41.838375,-87.660896,7.009601694292698,3.121944851326298,3.8683226849046246,25.366647647725916,contamination
2026-01-01 07:45:00,NODE_07,41.838375,-87.660896,7.035455515887571,4.103438960001448,5.349646363970036,25.703939930451916,contamination
2026-01-01 08:00:00,NODE_07,41.838375,-87.660896,7.035455515887571,3.279888338014177,5.4097347139944185,25.649538896083293,contamination
2026-01-01 08:15:00,NODE_07,41.838375,-87.660896,7.466213132452259,2.081845656839957,5.959689342343231,24.154794703014435,contamination
2026-01-01 08:30:00,NODE_07,41.838375,-87.660896,2.5581027992200664,2.81725811654666,4.793519960537055,28.407312670498264,contamination
2026-01-01 08:45:00,NODE_07,41.838375,-87.660896,6.42736514447551,3.568823153057529,3.2458972039309866,27.211272839778406,contamination
2026-01-01 09:00:00,NODE_07,41.838375,-87.660896,7.035455515887571,3.95509083425873,4.940511686779143,26.80352367866962,contamination
2026-01-01 09:15:00,NODE_07,41.838375,-87.660896,7.035455515887571,2.5456313453594457,4.874939245128106,27.46772430301203,contamination
2026-01-01 09:30:00,NODE_07,41.838375,-87.660896,8.616824426419665,4.584565663354573,4.915051732261295,25.421047162151314,contamination
2026-01-01 09:45:00,NODE_07,41.838375,-87.660896,8.02830424150094,3.915990810272195,3.9214369443126347,24.760969388399687,contamination
2026-01-01 10:00:00,NODE_07,41.838375,-87.660896,7.035455515887571,4.123239478994038,5.579038755240999,23.68435117724364,contamination
2026-01-01 10:15:00,NODE_07,41.838375,-87.660896,6.541007699013848,2.355934229271096,5.878416548866236,24.262757458616267,contamination
2026-01-01 10:30:00,NODE_07,41.838375,-87.660896,5.18941366922152,4.876272999617065,3.6531375389344545,23.79686977008925,contamination
2026-01-01 10:45:00,NODE_07,41.838375,-87.660896,4.681098760235678,4.125750332990424,3.2644564744099336,24.52574661841148,contamination
2026-01-01 11:00:00,NODE_07,41.838375,-87.660896,9.241197563363231,5.265728857736182,3.5836050995054523,25.732618279745004,contamination
2026-01-01 11:15:00,NODE_07,41.838375,-87.660896,5.980357226763917,4.24724014869094,5.4616564177671565,26.68894218936235,contamination
2026-01-01 11:30:00,NODE_07,41.838375,-87.660896,7.035455515887571,2.816074739189638,5.029933904459543,26.64743510222852,contamination
2026-01-01 11:45:00,NODE_07,41.838375,-87.660896,7.605978830252509,3.242849929074104,4.90814202701738,23.56064337270185,contamination
2026-01-01 12:00:00,NODE_07,41.838375,-87.660896,6.920799599365547,4.915733469336812,4.205379405328273,26.351598818749746,contamination
2026-01-01 12:15:00,NODE_07,41.838375,-87.660896,7.803833220697706,2.9073872665012983,4.7334839145343075,27.033690996665804,contamination
2026-01-01 12:30:00,NODE_07,41.838375,-87.660896,5.7753308887641,5.164259921170333,3.9236223758231024,24.936552147712227,contamination
2026-01-01 12:45:00,NODE_07,41.838375,-87.660896,5.90707826866672,4.296479908726679,4.431600238253884,27.114529881908545,contamination
2026-01-01 13:00:00,NODE_07,41.838375,-87.660896,6.641500687280974,4.694311215541648,5.3791890851119675,26.631605230695552,contamination
2026-01-01 13:15:00,NODE_07,41.838375,-87.660896,5.006562979263787,3.665205612498673,5.943724792366386,23.421018426775788,contamination
2026-01-01 13:30:00,NODE_07,41.838375,-87.660896,9.842056293598295,4.179197763329108,5.797466770769406,28.605509120157045,contamination
2026-01-01 13:45:00,NODE_07,41.838375,-87.660896,8.069297892811402,3.021381555454751,7.943466914473307,24.244433494320305,none
2026-01-01 14:00:00,NODE_07,41.838375,-87.660896,4.301373467127349,3.067626699089017,4.206671204541337,26.754034762283524,contamination
2026-01-01 14:15:00,NODE_07,41.838375,-87.660896,9.894562128568642,4.617532880225431,4.406369641520373,26.699737841143115,contamination
2026-01-01 14:30:00,NODE_07,41.838375,-87.660896,10.252734368477768,3.2903724922745674,5.1169061891069445,23.481886988130277,contamination
2026-01-01 14:45:00,NODE_07,41.838375,-87.660896,8.64163407535188,3.4166252445077263,5.7665757841538525,25.586374067304302,contamination
2026-01-01 15:00:00,NODE_07,41.838375,-87.660896,6.512239644597469,5.425794714477963,3.425982778056254,26.681279306354053,contamination
2026-01-01 15:15:00,NODE_07,41.838375,-87.660896,6.649705311159435,3.085178509021315,3.9127255914815873,23.46598487856819,contamination
2026-01-01 15:30:00,NODE_07,41.838375,-87.660896,7.036752103833548,3.8501348891737166,7.990506208215772,25.467329080314705,none
2026-01-01 15:45:00,NODE_07,41.838375,-87.660896,5.488314309012512,5.066786271784542,4.836025589878366,26.80691442209869,contamination
2026-01-01 16:00:00,NODE_07,41.838375,-87.660896,8.526169869777789,5.083014141516923,3.9189029906626125,26.903765740225897,contamination
2026-01-01 16:15:00,NODE_07,41.838375,-87.660896,7.035455515887571,3.995973787492761,3.9783235575377205,24.722295304118283,contamination
2026-01-01 16:30:00,NODE_07,41.838375,-87.660896,8.77504747012084,3.830698864046188,3.212747878463938,27.63445866440847,contamination
2026-01-01 16:45:00,NODE_07,41.838375,-87.660896,8.146185794091142,5.1779636245974725,4.049388185422776,27.27618792807224,contamination
2026-01-01 17:00:00,NODE_07,41.838375,-87.660896,10.111976704648654,3.425763242173682,5.587489522204756,25.67974678645884,contamination
2026-01-01 17:15:00,NODE_07,41.838375,-87.660896,7.397413298543417,3.149157510432673,3.699218435672505,24.329477675644576,contamination
2026-01-01 17:30:00,NODE_07,41.838375,-87.660896,7.521051678672175,2.8807853472938367,5.085562398630197,23.569127107497184,contamination
2026-01-01 17:45:00,NODE_07,41.838375,-87.660896,6.640862809077265,4.708268601649437,8.999223816774277,25.88422333271891,none
2026-01-01 18:00:00,NODE_07,41.838375,-87.660896,6.747415283032476,3.37745052375287,6.732192032901754,27.514673697130483,none
2026-01-01 18:15:00,NODE_07,41.838375,-87.660896,11.180694664461903,3.8098416540991424,3.3968638429531146,25.097175841879455,contamination
2026-01-01 18:30:00,NODE_07,41.838375,-87.660896,6.506487766502467,3.5487755887477364,5.93276988103513,24.029282074933406,contamination
2026-01-01 18:45:00,NODE_07,41.838375,-87.660896,5.033773989751668,3.2449484773190638,4.7478859381210965,26.555290668309233,contamination
2026-01-01 19:00:00,NODE_07,41.838375,-87.660896,7.595228724049122,3.4976041136035416,5.986422457040443,25.579673584821126,contamination
2026-01-01 19:15:00,NODE_07,41.838375,-87.660896,7.035455515887571,3.679795034755029,5.734544177597552,26.091762321343136,contamination
2026-01-01 19:30:00,NODE_07,41.838375,-87.660896,8.423084471695775,3.958608983759079,6.3855470053323495,24.529986834090405,none
2026-01-01 19:45:00,NODE_07,41.838375,-87.660896,2.538115773481364,2.8400972144695893,6.07847502697026,24.763128023389342,none
2026-01-01 20:00:00,NODE_07,41.838375,-87.660896,7.861177700998561,4.157656628375073,3.7669172813860845,24.522911345035542,contamination
2026-01-01 20:15:00,NODE_07,41.838375,-87.660896,7.036752103833548,4.119087300328971,7.812391886569605,26.06665852477199,none
2026-01-01 20:30:00,NODE_07,41.838375,-87.660896,7.036752103833548,4.459393979995632,8.807446872333438,24.80881131989857,none
2026-01-01 20:45:00,NODE_07,41.838375,-87.660896,7.036752103833548,3.855894987146472,6.70201586148111,26.206541385001977,none
2026-01-01 21:00:00,NODE_07,41.838375,-87.660896,5.771199049813688,4.688959065495114,4.387780641315459,24.385847409132282,contamination
2026-01-01 21:15:00,NODE_07,41.838375,-87.660896,6.953371603389549,3.651865808422898,3.099803913508075,26.064157193497323,contamination
2026-01-01 21:30:00,NODE_07,41.838375,-87.660896,1.844538366498842,5.013463351103733,3.3656642475968113,26.37357659601938,contamination
2026-01-01 21:45:00,NODE_07,41.838375,-87.660896,9.092223456290965,4.075075425430034,4.247584018223843,25.815219264958458,contamination
2026-01-01 22:00:00,NODE_07,41.838375,-87.660896,8.635848718500734,4.401424715445482,3.189389727623899,26.693470010684496,contamination
2026-01-01 22:15:00,NODE_07,41.838375,-87.660896,6.841221063159616,5.092364652373034,4.190265169366588,24.595720102351454,contamination
2026-01-01 22:30:00,NODE_07,41.838375,-87.660896,6.923636014423605,4.0133388007039175,7.232427003029041,26.35686803992276,none
2026-01-01 22:45:00,NODE_07,41.838375,-87.660896,8.655298873146698,4.588758377714621,6.055114963614313,25.667922809806708,none
2026-01-01 23:00:00,NODE_07,41.838375,-87.660896,7.035455515887571,3.9915642477993063,5.607524572209262,24.103304070409823,contamination
2026-01-01 23:15:00,NODE_07,41.838375,-87.660896,7.519227463461571,3.2757249591599726,8.414177951224293,22.457356808503615,none
2026-01-01 23:30:00,NODE_07,41.838375,-87.660896,8.378108022890373,4.524692969777054,7.846472879000157,22.77816464783528,none
2026-01-01 23:45:00,NODE_07,41.838375,-87.660896,7.035455515887571,5.029166724080735,4.2321277361749985,22.00536258618234,contamination
2026-01-02 00:00:00,NODE_07,41.838375,-87.660896,5.618064405909149,2.8965469413044738,5.452870134913459,25.957098756897846,contamination
2026-01-02 00:15:00,NODE_07,41.838375,-87.660896,7.035455515887571,4.40558600033858,5.685169811999499,24.83075130793251,contamination
2026-01-02 00:30:00,NODE_07,41.838375,-87.660896,5.735358658660184,4.085054788353829,5.559727407591353,25.448723349121025,contamination
2026-01-02 00:45:00,NODE_07,41.838375,-87.660896,6.352973105397818,4.155494640010193,5.020639734394173,25.047302465352214,contamination
2026-01-02 01:00:00,NODE_07,41.838375,-87.660896,10.808156938842764,4.362542226660023,8.516913290022204,26.19040994987843,none
2026-01-02 01:15:00,NODE_07,41.838375,-87.660896,7.035455515887571,3.4397400415499195,3.8306099084760366,26.234273441216942,contamination
2026-01-02 01:30:00,NODE_07,41.838375,-87.660896,8.628301074066663,5.1008578541361445,7.979290921359251,25.3822560911489,none
2026-01-02 01:45:00,NODE_07,41.838375,-87.660896,6.070090952233811,4.699457410935833,5.792472224970343,25.473035510436336,contamination
2026-01-02 02:00:00,NODE_07,41.838375,-87.660896,7.036752103833548,4.3316909034515,8.06059948120473,25.532951873112744,none
2026-01-02 02:15:00,NODE_07,41.838375,-87.660896,4.740056688020883,5.467935706130962,8.739899134800101,27.40557926829605,none
2026-01-02 02:30:00,NODE_07,41.838375,-87.660896,8.756926859235552,2.9456717268238743,7.825749463919725,22.311007017304075,none
2026-01-02 02:45:00,NODE_07,41.838375,-87.660896,6.125810325429851,4.9530576907486665,7.679566140103431,24.312123498122418,none
2026-01-02 03:00:00,NODE_07,41.838375,-87.660896,6.10230679390867,4.280766477746642,8.88335480406492,26.615796780830422,none
2026-01-02 03:15:00,NODE_07,41.838375,-87.660896,6.450644925327291,5.241539195582696,3.004931271337349,26.979758587957885,contamination
2026-01-02 03:30:00,NODE_07,41.838375,-87.660896,7.035455515887571,4.1025294815021445,4.129244887562082,25.958704965822697,contamination
2026-01-02 03:45:00,NODE_07,41.838375,-87.660896,7.917049443177883,3.659484624888592,4.71228444287722,25.041714327788434,contamination
2026-01-02 04:00:00,NODE_07,41.838375,-87.660896,6.795469009842269,5.163088153779066,8.11591992760778,28.110244402054434,none
2026-01-02 04:15:00,NODE_07,41.838375,-87.660896,6.006769481080511,4.034754809022699,5.586228427729791,25.5846224654309,contamination
2026-01-02 04:30:00,NODE_07,41.838375,-87.660896,6.490922996455369,4.372333382242299,3.316215857868501,25.364083825809683,contamination
2026-01-02 04:45:00,NODE_07,41.838375,-87.660896,4.642953052237968,3.982867293106576,7.0360319337789905,27.315582810109674,none
2026-01-02 05:00:00,NODE_07,41.838375,-87.660896,8.379512703256566,3.749818066435525,8.973169526217262,26.031231542630763,none
2026-01-02 05:15:00,NODE_07,41.838375,-87.660896,5.4674012550751785,3.7178227183596775,3.844178946516489,26.727650173829026,contamination
2026-01-02 05:30:00,NODE_07,41.838375,-87.660896,7.036752103833548,4.135745328854322,7.213935085320298,26.903363340644603,none
2026-01-02 05:45:00,NODE_07,41.838375,-87.660896,7.022952113429302,4.971907098518464,6.187342593592522,24.759197406960094,none
2026-01-02 06:00:00,NODE_07,41.838375,-87.660896,6.848331559049443,4.396604556065476,8.463235085994723,6.326200438018084,leak
2026-01-02 06:15:00,NODE_07,41.838375,-87.660896,3.551579176967154,3.965993969608624,6.277037516836296,21.624724674156145,none
2026-01-02 06:30:00,NODE_07,41.838375,-87.660896,9.158445163262003,4.525236730798256,8.022022069388132,22.34841947883435,none
2026-01-02 06:45:00,NODE_07,41.838375,-87.660896,8.384296439201583,3.4609983762206533,3.6955238751441795,24.297582907136785,contamination
2026-01-02 07:00:00,NODE_07,41.838375,-87.660896,7.035455515887571,4.069165566663121,5.116688134949073,24.682864006133105,contamination
2026-01-02 07:15:00,NODE_07,41.838375,-87.660896,7.036752103833548,4.678745035353083,8.52911084078311,25.861841877698467,none
2026-01-02 07:30:00,NODE_07,41.838375,-87.660896,8.891674050856766,4.522599229324436,3.7265239510424117,24.283738034281228,contamination
2026-01-02 07:45:00,NODE_07,41.838375,-87.660896,7.490786675734917,4.354535490634887,7.566379480296531,25.300027255586002,none
2026-01-02 08:00:00,NODE_07,41.838375,-87.660896,7.740453870226316,3.541316670456529,5.23208574104303,25.010190831693553,contamination
2026-01-02 08:15:00,NODE_07,41.838375,-87.660896,7.035455515887571,3.514096506406704,5.133002885849434,28.324602436454853,contamination
2026-01-02 08:30:00,NODE_07,41.838375,-87.660896,6.259267532952487,3.9321419587747375,8.409790201881385,24.110441351670076,none
2026-01-02 08:45:00,NODE_07,41.838375,-87.660896,6.952511673596021,4.105495485312567,6.816007721192969,22.79333800570277,none
2026-01-02 09:00:00,NODE_07,41.838375,-87.660896,8.882684452292407,3.8279208670614113,8.168830273168341,26.996405189355396,none
2026-01-02 09:15:00,NODE_07,41.838375,-87.660896,6.217579612346267,3.490002013654286,3.3240868724747377,24.24696999062801,contamination
2026-01-02 09:30:00,NODE_07,41.838375,-87.660896,6.931470426933321,4.249333174167702,3.697909915160325,25.180409904269872,contamination
2026-01-02 09:45:00,NODE_07,41.838375,-87.660896,7.473235376592182,3.877714249855098,5.250782382261947,24.34864166535568,contamination
2026-01-02 10:00:00,NODE_07,41.838375,-87.660896,7.323545119666458,4.89842104143532,3.8235200205212347,26.42366898762203,contamination
2026-01-02 10:15:00,NODE_07,41.838375,-87.660896,6.6260121840753055,4.194313129305396,4.87399192285115,23.256493007213145,contamination
2026-01-02 10:30:00,NODE_07,41.838375,-87.660896,7.593127650277594,3.377337638120141,3.2434926733911436,21.119117070201277,contamination
2026-01-02 10:45:00,NODE_07,41.838375,-87.660896,6.93365391024419,2.0107286862843203,6.640701901008577,27.26147927325518,none
2026-01-02 11:00:00,NODE_07,41.838375,-87.660896,4.310701499826136,3.1723754914035887,6.032016863546502,25.689111056779975,none
2026-01-02 11:15:00,NODE_07,41.838375,-87.660896,7.895769121117427,4.391731338483637,8.32967241535566,26.926871466281106,none
2026-01-02 11:30:00,NODE_07,41.838375,-87.660896,8.649868625073694,3.0816812395256155,5.44521630202742,27.2112227998846,contamination
2026-01-02 11:45:00,NODE_07,41.838375,-87.660896,8.581042820709179,2.883145376777557,6.178440489325169,23.943205519856747,none
2026-01-02 12:00:00,NODE_07,41.838375,-87.660896,5.304142660215901,4.165723663998691,5.3195505037762745,25.408902337390337,contamination
2026-01-02 12:15:00,NODE_07,41.838375,-87.660896,7.036752103833548,3.9931257417734862,7.134620351619233,26.07598755918857,none
2026-01-02 12:30:00,NODE_07,41.838375,-87.660896,6.271012171064563,5.303581360575867,3.0951674754480933,25.15546673225053,contamination
2026-01-02 12:45:00,NODE_07,41.838375,-87.660896,7.035455515887571,3.1137643063071057,4.604900020228332,24.849678014541553,contamination
2026-01-02 13:00:00,NODE_07,41.838375,-87.660896,9.002583109651113,4.904837414733298,3.1130931747445585,24.997428060252997,contamination
2026-01-02 13:15:00,NODE_07,41.838375,-87.660896,7.083779060507377,3.887680684530791,5.424203451348068,26.943219147503314,contamination
2026-01-02 13:30:00,NODE_07,41.838375,-87.660896,7.423088086315854,3.712681965458997,6.807156686226489,24.92938654791391,none
2026-01-02 13:45:00,NODE_07,41.838375,-87.660896,5.779673705175217,4.656377232957477,4.687288122353763,26.218249041950454,contamination
2026-01-02 14:00:00,NODE_07,41.838375,-87.660896,6.376950463991447,4.284387095962003,3.8383359219567077,25.83824404606838,contamination
2026-01-02 14:15:00,NODE_07,41.838375,-87.660896,8.054893321996667,3.5243804297933856,5.347500433140881,23.871630332790073,contamination
2026-01-02 14:30:00,NODE_07,41.838375,-87.660896,7.423586011645774,3.36539749533764,7.370816549694747,25.77085907481643,none
2026-01-02 14:45:00,NODE_07,41.838375,-87.660896,7.207886781343905,3.762741072399466,8.82647375108998,23.009898231146348,none
2026-01-02 15:00:00,NODE_07,41.838375,-87.660896,6.467868301691497,2.861063942572024,5.588767180532967,5.8626520448340305,leak
2026-01-02 15:15:00,NODE_07,41.838375,-87.660896,6.286806948436977,4.1048632751894125,6.3067928429913485,26.65458061993149,none
2026-01-02 15:30:00,NODE_07,41.838375,-87.660896,7.380104834625337,5.03045220196702,4.603982769226572,27.000025884190624,contamination
2026-01-02 15:45:00,NODE_07,41.838375,-87.660896,6.266378409594093,2.936610534549435,8.417378597874704,23.88886962960136,none
2026-01-02 16:00:00,NODE_07,41.838375,-87.660896,5.085429352833509,3.961730669540862,6.814164564710294,24.513673733449956,none
2026-01-02 16:15:00,NODE_07,41.838375,-87.660896,7.035455515887571,2.9631353806316407,5.862126795234257,25.744002651142022,contamination
2026-01-02 16:30:00,NODE_07,41.838375,-87.660896,6.715940563939271,2.4047292060079903,8.132963824391048,24.604017623242072,none
2026-01-02 16:45:00,NODE_07,41.838375,-87.660896,6.744799074889901,4.86854263008631,7.317124466463444,22.424589366351228,none
2026-01-02 17:00:00,NODE_07,41.838375,-87.660896,7.927969552720631,4.847262262021436,6.338390756599731,24.50536012991057,none
2026-01-02 17:15:00,NODE_07,41.838375,-87.660896,8.854119540039433,3.461350424204644,3.2059459984436165,25.73820729790618,contamination
2026-01-02 17:30:00,NODE_07,41.838375,-87.660896,8.951652135487269,1.8443716036962137,8.73491606920591,26.91919731250596,none
2026-01-02 17:45:00,NODE_07,41.838375,-87.660896,6.265637343836686,3.266028668813291,5.854190585937318,27.85171758338456,contamination
2026-01-02 18:00:00,NODE_07,41.838375,-87.660896,7.269652252805362,3.789236756581051,8.321402245707102,25.505326591980353,none
2026-01-02 18:15:00,NODE_07,41.838375,-87.660896,7.036752103833548,3.898915859529646,7.075087606973486,26.167646570141926,none
2026-01-02 18:30:00,NODE_07,41.838375,-87.660896,6.510972334665771,3.9625251101758447,3.554760892401433,26.759080827515927,contamination
2026-01-02 18:45:00,NODE_07,41.838375,-87.660896,9.175586152587863,2.9596846207077028,7.928320984854878,22.242065604620112,none
2026-01-02 19:00:00,NODE_07,41.838375,-87.660896,6.799375518361883,3.8199853771647767,6.983313617523657,23.789080703280938,none
2026-01-02 19:15:00,NODE_07,41.838375,-87.660896,8.16776766297284,3.4106855396131177,8.580220556969378,25.471748145904016,none
2026-01-02 19:30:00,NODE_07,41.838375,-87.660896,4.736404607451753,4.995601765994129,6.36788414993402,27.651822142874913,none
2026-01-02 19:45:00,NODE_07,41.838375,-87.660896,5.349997296912594,3.838721385483184,4.315942500738164,26.262545938355718,contamination
2026-01-02 20:00:00,NODE_07,41.838375,-87.660896,6.8503020324159625,3.0802967096198777,7.190182801405157,25.812454247428764,none
2026-01-02 20:15:00,NODE_07,41.838375,-87.660896,7.036752103833548,3.756100422662207,8.81416156066179,24.97573678272789,none
2026-01-02 20:30:00,NODE_07,41.838375,-87.660896,7.036752103833548,4.0058929921265065,6.459404401813211,25.958096036480498,none
2026-01-02 20:45:00,NODE_07,41.838375,-87.660896,7.035036795196814,4.557028865672788,6.029540475036033,24.42324393824695,none
2026-01-02 21:00:00,NODE_07,41.838375,-87.660896,5.664845758430077,3.5702904563752726,5.51999328181303,24.14816092124725,contamination
2026-01-02 21:15:00,NODE_07,41.838375,-87.660896,6.441766486400109,3.682134341416014,4.017968506967133,24.278499342657266,contamination
2026-01-02 21:30:00,NODE_07,41.838375,-87.660896,8.037430326921505,2.5062381267412426,6.627965448141051,27.328627107304655,none
2026-01-02 21:45:00,NODE_07,41.838375,-87.660896,7.202534415579847,5.702504528449717,6.722634191116448,24.057526734352322,none
2026-01-02 22:00:00,NODE_07,41.838375,-87.660896,7.24770098178392,3.3199526784805693,3.943886726805596,24.719739208798558,contamination
2026-01-02 22:15:00,NODE_07,41.838375,-87.660896,5.708517435331991,3.344284853666156,5.022052604651902,26.024421688283578,contamination
2026-01-02 22:30:00,NODE_07,41.838375,-87.660896,9.25289339735736,3.566434730432753,6.207522571516251,23.997627561766407,none
2026-01-02 22:45:00,NODE_07,41.838375,-87.660896,6.615981651666498,4.63570912652134,5.747422750052017,25.65715070903153,contamination
2026-01-02 23:00:00,NODE_07,41.838375,-87.660896,7.301563449379409,2.7749609493035416,5.153798072820305,25.656611130655463,contamination
2026-01-02 23:15:00,NODE_07,41.838375,-87.660896,9.380007092014502,4.5662536959670295,3.8508237702514085,24.381223677405405,contamination
2026-01-02 23:30:00,NODE_07,41.838375,-87.660896,3.923473633078401,4.582982365865108,3.978846454706839,24.929734510039406,contamination
2026-01-02 23:45:00,NODE_07,41.838375,-87.660896,7.000523220722731,4.333688587372011,7.598629304090242,23.902540405652744,none
2026-01-03 00:00:00,NODE_07,41.838375,-87.660896,6.983133113060967,4.426982544371995,5.282657933014529,27.392053845859206,contamination
2026-01-03 00:15:00,NODE_07,41.838375,-87.660896,8.55107774771961,4.046379690043383,3.128218818185854,25.70429563148102,contamination
2026-01-03 00:30:00,NODE_07,41.838375,-87.660896,7.459124173217744,3.5447515214258827,7.084395985495546,23.744940222336844,none
2026-01-03 00:45:00,NODE_07,41.838375,-87.660896,6.879404957296282,4.700470229763488,8.333041128824679,25.507381965095743,none
2026-01-03 01:00:00,NODE_07,41.838375,-87.660896,6.729580190108561,4.003458052258935,3.515629536407773,25.575296083642606,contamination
2026-01-03 01:15:00,NODE_07,41.838375,-87.660896,6.209697436775356,3.893766831260585,4.429579412496712,21.953045074936394,contamination
2026-01-03 01:30:00,NODE_07,41.838375,-87.660896,6.42064020641154,3.13994027416726,7.34383092062311,27.328570907059657,none
2026-01-03 01:45:00,NODE_07,41.838375,-87.660896,4.6955161408056245,4.641738490616048,3.417006615597233,23.83349267212305,contamination
2026-01-03 02:00:00,NODE_07,41.838375,-87.660896,6.883015402442057,4.102291769099022,4.320213225199495,28.45322687125099,contamination
2026-01-03 02:15:00,NODE_07,41.838375,-87.660896,7.795957800597176,4.251876169502328,8.551130757899116,26.510840982001238,none
2026-01-03 02:30:00,NODE_07,41.838375,-87.660896,7.802426084121588,4.363529881475539,6.689106946086403,23.62766023059437,none
2026-01-03 02:45:00,NODE_07,41.838375,-87.660896,6.9639793510478585,4.489870473182842,6.719127234727334,24.846528909345427,none
2026-01-03 03:00:00,NODE_07,41.838375,-87.660896,6.172517370068869,4.12998499476456,5.509262768956919,26.70183208137556,contamination
2026-01-03 03:15:00,NODE_07,41.838375,-87.660896,6.994194675250799,4.398900709483949,4.507396949288297,24.96127573346207,contamination
2026-01-03 03:30:00,NODE_07,41.838375,-87.660896,9.25049163907809,3.996339179185624,3.043143707952459,27.08526084217313,contamination
2026-01-03 03:45:00,NODE_07,41.838375,-87.660896,7.800421288908953,3.3459103817138685,6.403470319486507,24.753801628878062,none
2026-01-03 04:00:00,NODE_07,41.838375,-87.660896,6.2843857911113785,5.030712169428622,6.960558658212166,25.199906991251428,none
2026-01-03 04:15:00,NODE_07,41.838375,-87.660896,8.71924020683575,3.912836036583348,8.74033409542677,26.743129885861492,none
2026-01-03 04:30:00,NODE_07,41.838375,-87.660896,7.036752103833548,1.6597993845044374,7.227676440575388,26.22299133031522,none
2026-01-03 04:45:00,NODE_07,41.838375,-87.660896,4.909640554437281,5.345323940025499,5.6352475891348845,23.930063684326658,contamination
2026-01-03 05:00:00,NODE_07,41.838375,-87.660896,7.036752103833548,4.314495017031872,6.340386575119722,25.968982295161886,none
2026-01-03 05:15:00,NODE_07,41.838375,-87.660896,6.742622398258796,4.964672640375529,6.742693524425354,25.5690770065417,none
2026-01-03 05:30:00,NODE_07,41.838375,-87.660896,8.394509584685622,3.7124728343256175,4.336358789202864,23.95030469909025,contamination
2026-01-03 05:45:00,NODE_07,41.838375,-87.660896,9.13569425989131,3.281802195770618,4.776664197994322,23.232189350384356,contamination
2026-01-03 06:00:00,NODE_07,41.838375,-87.660896,7.682923444847809,3.542731086958609,7.158467755781464,22.420829343131206,none
2026-01-03 06:15:00,NODE_07,41.838375,-87.660896,5.363362645369775,3.871372488778947,3.5828207130054044,24.87626871329942,contamination
2026-01-03 06:30:00,NODE_07,41.838375,-87.660896,4.616438934449231,2.6343410214254592,4.3416030966493135,25.236894936423944,contamination
2026-01-03 06:45:00,NODE_07,41.838375,-87.660896,7.021617480943761,3.855636250178683,8.88690224733672,26.074771924826724,none
2026-01-03 07:00:00,NODE_07,41.838375,-87.660896,8.558663124002488,2.590635463496218,4.9641760454953285,26.548622769919884,contamination
2026-01-03 07:15:00,NODE_07,41.838375,-87.660896,5.689142987663644,4.592979951091307,4.233612201635562,24.697116575881207,contamination
2026-01-03 07:30:00,NODE_07,41.838375,-87.660896,7.080445821121838,2.66494605525722,7.879975917274023,25.19329781998394,none
2026-01-03 07:45:00,NODE_07,41.838375,-87.660896,7.025504334993,2.941555122814548,3.3546672362173795,24.179821359066196,contamination
2026-01-03 08:00:00,NODE_07,41.838375,-87.660896,6.61977546022829,4.086920566839482,4.204492831694629,25.448762471754474,contamination
2026-01-03 08:15:00,NODE_07,41.838375,-87.660896,7.086877325565761,3.992848210934416,5.379385613889169,26.770667863002657,contamination
2026-01-03 08:30:00,NODE_07,41.838375,-87.660896,7.369087138654637,2.7151866852786206,6.054180659279882,25.469619102713963,none
2026-01-03 08:45:00,NODE_07,41.838375,-87.660896,9.266840595087142,4.330049468785837,3.557884522672253,27.062892940558037,contamination
2026-01-03 09:00:00,NODE_07,41.838375,-87.660896,7.553844615241808,4.374563849807857,6.993048778484685,26.745577331030674,none
2026-01-03 09:15:00,NODE_07,41.838375,-87.660896,8.722143776841188,3.2746286418408777,8.220909179697252,27.504451593515114,none
2026-01-03 09:30:00,NODE_07,41.838375,-87.660896,7.397650662541773,3.0784787878788222,6.938282182265448,25.511753488585853,none
2026-01-03 09:45:00,NODE_07,41.838375,-87.660896,6.629985035787515,2.53449947794664,5.908847816713013,24.51925957825903,contamination
2026-01-03 10:00:00,NODE_07,41.838375,-87.660896,9.30566048031861,4.485070146526452,7.7848604663424315,26.249755124679176,none
2026-01-03 10:15:00,NODE_07,41.838375,-87.660896,7.035455515887571,4.464243686429189,5.098789599070585,24.758550345267974,contamination
2026-01-03 10:30:00,NODE_07,41.838375,-87.660896,7.036752103833548,3.894061160472698,8.968021913518871,26.202682299532203,none
2026-01-03 10:45:00,NODE_07,41.838375,-87.660896,7.957113516429416,3.7298733005458473,3.347469246710383,24.323699880219777,contamination
2026-01-03 11:00:00,NODE_07,41.838375,-87.660896,8.164992426171885,4.162495509766512,8.954850949084932,24.075296062598934,none
2026-01-03 11:15:00,NODE_07,41.838375,-87.660896,10.774318090075074,3.229834158576746,6.086508980765116,27.142573815791465,none
2026-01-03 11:30:00,NODE_07,41.838375,-87.660896,8.132736965065675,2.9694339207381235,5.48745192085242,23.799043194323758,contamination
2026-01-03 11:45:00,NODE_07,41.838375,-87.660896,6.357166719993876,5.222077291311566,4.5244251559955835,26.851276508709287,contamination
2026-01-03 12:00:00,NODE_07,41.838375,-87.660896,7.426274011029841,4.363335813318021,4.860724062806737,26.19695129578441,contamination
2026-01-03 12:15:00,NODE_07,41.838375,-87.660896,7.035455515887571,4.893750991721558,4.433226379198608,25.459351191883393,contamination
2026-01-03 12:30:00,NODE_07,41.838375,-87.660896,7.036752103833548,4.4805743911383615,6.096969795978271,22.478937561893293,none
2026-01-03 12:45:00,NODE_07,41.838375,-87.660896,6.043360083711829,4.74524751697268,7.560548807197181,27.546393523316397,none
2026-01-03 13:00:00,NODE_07,41.838375,-87.660896,7.036752103833548,3.843405195850602,7.701386122597119,23.915645337686623,none
2026-01-03 13:15:00,NODE_07,41.838375,-87.660896,7.02129530579393,3.675557955645053,4.899789604828231,26.747635273364,contamination
2026-01-03 13:30:00,NODE_07,41.838375,-87.660896,7.337399849697425,4.981833942925027,7.425891221469767,24.2814936382294,none
2026-01-03 13:45:00,NODE_07,41.838375,-87.660896,7.035455515887571,3.4396233538018897,4.593328489012583,24.161160021467513,contamination
2026-01-03 14:00:00,NODE_07,41.838375,-87.660896,7.036752103833548,4.704273494634856,6.400629268516654,26.320829008414634,none
2026-01-03 14:15:00,NODE_07,41.838375,-87.660896,7.727421140658746,4.601802090002829,6.931731046652362,26.125602395711837,none
2026-01-03 14:30:00,NODE_07,41.838375,-87.660896,7.036752103833548,3.2919428728664184,7.847178160335519,23.6002585197547,none
2026-01-03 14:45:00,NODE_07,41.838375,-87.660896,6.958534137481001,4.194600000110389,5.772218966537049,27.47304352135193,contamination
2026-01-03 15:00:00,NODE_07,41.838375,-87.660896,7.528980405257183,3.644409765433974,5.460972264441603,25.00883634248113,contamination
2026-01-03 15:15:00,NODE_07,41.838375,-87.660896,7.035455515887571,3.651864698731579,4.685591369428556,25.421297841104277,contamination
2026-01-03 15:30:00,NODE_07,41.838375,-87.660896,6.044671753329083,4.914883755535081,7.246480190087743,24.87228840459582,none
2026-01-03 15:45:00,NODE_07,41.838375,-87.660896,4.618850846633238,4.322115889209005,5.778924830763588,23.663758974003915,contamination
2026-01-03 16:00:00,NODE_07,41.838375,-87.660896,7.149124567592087,3.787033414567679,4.857504132729176,26.420741532697846,contamination
2026-01-03 16:15:00,NODE_07,41.838375,-87.660896,9.764658133573889,3.0245711775061466,5.474420843939492,25.75223088308755,contamination
2026-01-03 16:30:00,NODE_07,41.838375,-87.660896,7.169251038319984,4.533174154664913,8.126042515535715,24.110277573876523,none
2026-01-03 16:45:00,NODE_07,41.838375,-87.660896,5.039673103915176,4.864866409455395,6.3433144905505445,26.73410483546013,none
2026-01-03 17:00:00,NODE_07,41.838375,-87.660896,6.527440589533234,3.567180516708776,3.7255145862460592,5.745061235005745,leak
2026-01-03 17:15:00,NODE_07,41.838375,-87.660896,7.035455515887571,4.43921523990166,4.277992558405284,25.432470365460343,contamination
2026-01-03 17:30:00,NODE_07,41.838375,-87.660896,7.035455515887571,4.886633785371213,5.903228474501147,27.98268287718195,contamination
2026-01-03 17:45:00,NODE_07,41.838375,-87.660896,5.67933046540694,3.292071094767518,4.9732961498178,22.905905153269792,contamination
2026-01-03 18:00:00,NODE_07,41.838375,-87.660896,7.035455515887571,2.739234987146461,4.693186141016969,5.176425610781244,leak
2026-01-03 18:15:00,NODE_07,41.838375,-87.660896,9.032563450772717,3.626135877904554,5.798869876584682,23.22389724178458,contamination
2026-01-03 18:30:00,NODE_07,41.838375,-87.660896,6.920448700069692,4.498818335873909,8.68695875874953,25.863354690287537,none
2026-01-03 18:45:00,NODE_07,41.838375,-87.660896,8.849702725492898,2.9876715235886198,4.578247555252209,24.779339466044824,contamination
2026-01-03 19:00:00,NODE_07,41.838375,-87.660896,7.066141840325305,4.127599072932994,8.119649406848481,24.89858516195436,none
2026-01-03 19:15:00,NODE_07,41.838375,-87.660896,9.405875050804864,4.033733317238236,5.137996856959633,23.90428022312026,contamination
2026-01-03 19:30:00,NODE_07,41.838375,-87.660896,8.08041524398239,4.070824291566874,3.579480025225298,27.815781751277786,contamination
2026-01-03 19:45:00,NODE_07,41.838375,-87.660896,9.824706476038184,3.226035359326217,4.413924823722363,28.31943179565457,contamination
2026-01-03 20:00:00,NODE_07,41.838375,-87.660896,8.039696863248341,3.8260632484284898,4.417546328458756,26.666261684717544,contamination
2026-01-03 20:15:00,NODE_07,41.838375,-87.660896,9.62210598702481,3.975571849056162,7.7161639175441445,23.056976331278598,none
2026-01-03 20:30:00,NODE_07,41.838375,-87.660896,7.036752103833548,4.626701022502608,7.440270426720139,24.5875595543114,none
2026-01-03 20:45:00,NODE_07,41.838375,-87.660896,7.036752103833548,3.68559289638376,7.474221790298005,26.559096542474816,none
2026-01-03 21:00:00,NODE_07,41.838375,-87.660896,7.035455515887571,3.9789326559790976,3.5980364684135493,25.249160818903167,contamination
2026-01-03 21:15:00,NODE_07,41.838375,-87.660896,8.137767883092494,5.003825786209145,8.813224964804466,26.67123550889661,none
2026-01-03 21:30:00,NODE_07,41.838375,-87.660896,6.92265237065665,2.877354266538508,3.2168308427195296,27.189627899412734,contamination
2026-01-03 21:45:00,NODE_07,41.838375,-87.660896,10.632909606071516,3.72245485080585,4.727357588323235,28.17869843058354,contamination
2026-01-03 22:00:00,NODE_07,41.838375,-87.660896,8.722311224490616,3.009289196450496,5.560963646823335,24.335607102561198,contamination
2026-01-03 22:15:00,NODE_07,41.838375,-87.660896,11.496858885301972,5.005193167286548,5.175861253063665,25.43983226109269,contamination
2026-01-03 22:30:00,NODE_07,41.838375,-87.660896,4.292966858149657,2.8049235828692907,4.0811821201623335,24.656759872848593,contamination
2026-01-03 22:45:00,NODE_07,41.838375,-87.660896,7.719000805137069,2.8848187710564264,3.261213616731925,22.31673148060014,contamination
2026-01-03 23:00:00,NODE_07,41.838375,-87.660896,7.036752103833548,3.5892516337236007,7.952599185762422,26.37028643713104,none
2026-01-03 23:15:00,NODE_07,41.838375,-87.660896,2.9251743203391,3.678588221192268,4.636471021484507,26.163067542422354,contamination
2026-01-03 23:30:00,NODE_07,41.838375,-87.660896,7.86464967253437,3.585933521695313,3.6211712501490987,24.49766561088722,contamination
2026-01-03 23:45:00,NODE_07,41.838375,-87.660896,4.83857110672314,4.580371969196687,4.631919333854903,22.9208216026519,contamination
2026-01-04 00:00:00,NODE_07,41.838375,-87.660896,3.1020755653395566,4.2480753693420485,3.6947970742916967,24.741719952030987,contamination
2026-01-04 00:15:00,NODE_07,41.838375,-87.660896,10.504760200011273,4.681366362015815,5.546771608428219,26.414594823061908,contamination
2026-01-04 00:30:00,NODE_07,41.838375,-87.660896,6.5892905009635125,3.181112063345661,6.594092839893281,27.323904160716875,none
2026-01-04 00:45:00,NODE_07,41.838375,-87.660896,8.082657125491437,5.2471301485472495,3.736651877833473,24.24903684624425,contamination
2026-01-04 01:00:00,NODE_07,41.838375,-87.660896,6.552279123020959,3.443385018883295,5.436978540741185,26.97944936953158,contamination
2026-01-04 01:15:00,NODE_07,41.838375,-87.660896,6.730883601577178,4.359137363714963,4.028516894416352,26.25161121482836,contamination
2026-01-04 01:30:00,NODE_07,41.838375,-87.660896,10.581385987628256,2.966945650593862,3.334463063516346,25.937755961722242,contamination
2026-01-04 01:45:00,NODE_07,41.838375,-87.660896,5.8427546011896965,4.490392564009722,6.005436101607755,23.377576621930423,none
2026-01-04 02:00:00,NODE_07,41.838375,-87.660896,6.789820821454213,4.5120682052334455,6.671454258169287,23.442761625685428,none
2026-01-04 02:15:00,NODE_07,41.838375,-87.660896,8.90086469660199,4.518750669722005,7.021323240298255,24.071725895894623,none
2026-01-04 02:30:00,NODE_07,41.838375,-87.660896,4.700392723840931,3.481943696005759,3.720658299625157,24.82832356360528,contamination
2026-01-04 02:45:00,NODE_07,41.838375,-87.660896,7.583770299043087,3.642289213931961,4.3313140172767355,28.019023944399418,contamination
2026-01-04 03:00:00,NODE_07,41.838375,-87.660896,7.071314192217861,4.293726559748635,6.614141842785304,24.324552189944434,none
2026-01-04 03:15:00,NODE_07,41.838375,-87.660896,8.74727152353787,4.764707507859535,3.2428612083470645,26.474781961922055,contamination
2026-01-04 03:30:00,NODE_07,41.838375,-87.660896,7.06183097218188,4.299018586936102,5.629841481047675,24.620759983372235,contamination
2026-01-04 03:45:00,NODE_07,41.838375,-87.660896,8.114665425854785,2.6545944901639182,5.186609413465023,26.02696580984926,contamination
2026-01-04 04:00:00,NODE_07,41.838375,-87.660896,9.352719752960567,3.398264164565317,6.405549162514291,25.22343309186348,none
2026-01-04 04:15:00,NODE_07,41.838375,-87.660896,10.811289500397242,4.416183694491997,4.798118978615959,25.583439534035914,contamination
2026-01-04 04:30:00,NODE_07,41.838375,-87.660896,7.11589526567209,3.736020547055431,6.360752959712204,25.872327034395266,none
2026-01-04 04:45:00,NODE_07,41.838375,-87.660896,6.729829903890115,4.724321913211669,5.6707098653873125,24.943718882490067,contamination
2026-01-04 05:00:00,NODE_07,41.838375,-87.660896,6.930391469669391,3.6997960364086304,3.344719030085731,25.879600901590976,contamination
2026-01-04 05:15:00,NODE_07,41.838375,-87.660896,10.268414718941344,5.199864588297582,8.273204833506881,27.16877858342525,none
2026-01-04 05:30:00,NODE_07,41.838375,-87.660896,4.69143831512022,2.730792274371549,4.506024593217546,24.186731717509275,contamination
2026-01-04 05:45:00,NODE_07,41.838375,-87.660896,7.301903491347546,3.4306991879662263,4.749383470358608,27.09670357494408,contamination
2026-01-01 00:00:00,NODE_08,41.906402,-87.608296,8.097453770731768,4.279082403805938,7.701036976260516,28.37099239077004,none
2026-01-01 00:15:00,NODE_08,41.906402,-87.608296,6.931244178141836,4.89795711765109,3.163535782313479,28.21230844832357,contamination
2026-01-01 00:30:00,NODE_08,41.906402,-87.608296,9.001822865226588,3.976873452391297,6.008526460991917,29.818135941272114,none
2026-01-01 00:45:00,NODE_08,41.906402,-87.608296,6.179312077651539,2.951960935251281,8.792694433114288,28.25705812456816,none
2026-01-01 01:00:00,NODE_08,41.906402,-87.608296,7.036752103833548,4.1135850300896575,6.3327606926244195,29.24755077507788,none
2026-01-01 01:15:00,NODE_08,41.906402,-87.608296,6.579184951031363,3.813556320666148,7.218747287930714,29.10741876064749,none
2026-01-01 01:30:00,NODE_08,41.906402,-87.608296,7.036752103833548,3.0659103715095384,8.313115110734564,25.64356612130735,none
2026-01-01 01:45:00,NODE_08,41.906402,-87.608296,9.062822324592789,3.730369857064929,7.3056921540282715,29.395174522385652,none
2026-01-01 02:00:00,NODE_08,41.906402,-87.608296,7.035455515887571,4.122850190557185,5.074248172539456,26.6071443472318,contamination
2026-01-01 02:15:00,NODE_08,41.906402,-87.608296,6.056817844582385,3.3580608070454523,3.7852533004034474,26.721474537081882,contamination
2026-01-01 02:30:00,NODE_08,41.906402,-87.608296,8.989900090557086,4.613842848013146,8.624818216808015,29.31849251757422,none
2026-01-01 02:45:00,NODE_08,41.906402,-87.608296,7.739325711303171,3.645785495110913,5.488155450427124,29.573681550204928,contamination
2026-01-01 03:00:00,NODE_08,41.906402,-87.608296,6.091382724208516,5.075519615924211,3.5710109252851425,30.576371084488866,contamination
2026-01-01 03:15:00,NODE_08,41.906402,-87.608296,7.693555234691673,2.7506959054782114,5.751661775474588,27.13474551788412,contamination
2026-01-01 03:30:00,NODE_08,41.906402,-87.608296,7.342231249416264,4.261504364251519,8.694371504138637,27.656878392816903,none
2026-01-01 03:45:00,NODE_08,41.906402,-87.608296,9.271578532993324,3.549608409738088,8.194813021558405,29.46534558999704,none
2026-01-01 04:00:00,NODE_08,41.906402,-87.608296,7.753936117609168,4.833026694103558,7.100994441804662,30.605213088264104,none
2026-01-01 04:15:00,NODE_08,41.906402,-87.608296,6.8331110185961625,3.02157359521932,6.318376255694707,29.057059087325275,none
2026-01-01 04:30:00,NODE_08,41.906402,-87.608296,7.171593554534841,4.62273611029743,8.06593515679317,27.451798475373547,none
2026-01-01 04:45:00,NODE_08,41.906402,-87.608296,9.314522391908303,3.092940473017639,5.3889019902453965,31.02842243460223,contamination
2026-01-01 05:00:00,NODE_08,41.906402,-87.608296,5.290004370919174,3.532322498228877,5.498812176955983,28.375247103883883,contamination
2026-01-01 05:15:00,NODE_08,41.906402,-87.608296,5.039406776379789,3.1269559002913,5.957304748757224,28.42199596133465,contamination
2026-01-01 05:30:00,NODE_08,41.906402,-87.608296,7.617524134239115,3.6983173972917056,5.373852877490051,26.6150258154179,contamination
2026-01-01 05:45:00,NODE_08,41.906402,-87.608296,5.681810748088655,5.37515660940302,4.80415221206569,29.854928411650317,contamination
2026-01-01 06:00:00,NODE_08,41.906402,-87.608296,5.83610452509449,3.738990829291201,6.747611311773862,30.04770528330139,none
2026-01-01 06:15:00,NODE_08,41.906402,-87.608296,5.258414736632194,3.7307927875940017,7.025596805287051,27.710050379145287,none
2026-01-01 06:30:00,NODE_08,41.906402,-87.608296,7.035455515887571,4.008443471887594,3.1232045183712165,31.395607487814004,contamination
2026-01-01 06:45:00,NODE_08,41.906402,-87.608296,5.272156458908084,4.063825853972672,7.74495399801902,27.888104318396987,none
2026-01-01 07:00:00,NODE_08,41.906402,-87.608296,9.186453377063309,3.4538614564722643,8.926351572404855,29.706678617424597,none
2026-01-01 07:15:00,NODE_08,41.906402,-87.608296,9.961503136754189,5.215590495080511,3.060069689196563,29.10427070716882,contamination
2026-01-01 07:30:00,NODE_08,41.906402,-87.608296,7.46655835764527,4.991674870778567,7.270160247202385,25.730462606789718,none
2026-01-01 07:45:00,NODE_08,41.906402,-87.608296,8.037761108429645,3.572519001665757,4.16239939146527,29.584652124547755,contamination
2026-01-01 08:00:00,NODE_08,41.906402,-87.608296,9.065894193686976,4.2995025459430085,4.7502645570553055,29.449983868485887,contamination
2026-01-01 08:15:00,NODE_08,41.906402,-87.608296,6.433726195268951,3.117918258462248,4.39261184685638,26.119222903313336,contamination
2026-01-01 08:30:00,NODE_08,41.906402,-87.608296,5.91053973772753,4.007508147814352,6.9727526215559115,31.05679680977982,none
2026-01-01 08:45:00,NODE_08,41.906402,-87.608296,7.036752103833548,4.706774891746261,6.3331047690715785,29.45607954402267,none
2026-01-01 09:00:00,NODE_08,41.906402,-87.608296,6.438421803670398,3.3803603938404394,7.328294870585683,30.627898599362457,none
2026-01-01 09:15:00,NODE_08,41.906402,-87.608296,11.496702452694173,3.132253296074809,3.6573781940124026,26.194636080073817,contamination
2026-01-01 09:30:00,NODE_08,41.906402,-87.608296,8.76176840475976,4.673547854912695,3.3385295615508643,28.153148454807006,contamination
2026-01-01 09:45:00,NODE_08,41.906402,-87.608296,7.449659685994515,4.3704044218054285,6.305263585503047,6.907533205958142,leak
2026-01-01 10:00:00,NODE_08,41.906402,-87.608296,9.271668544453812,3.7442036323060304,4.454068550808922,26.416359865284196,contamination
2026-01-01 10:15:00,NODE_08,41.906402,-87.608296,9.396148399484137,4.606058055039483,3.080602962134806,28.197131666949513,contamination
2026-01-01 10:30:00,NODE_08,41.906402,-87.608296,6.971577181951132,3.2263485005753423,4.141445656479108,29.378549258071395,contamination
2026-01-01 10:45:00,NODE_08,41.906402,-87.608296,7.487573363881187,1.8013269989752103,7.981160514602665,25.926926404592354,none
2026-01-01 11:00:00,NODE_08,41.906402,-87.608296,7.263545070215379,3.9505297370836048,8.191241258645377,26.78671226423435,none
2026-01-01 11:15:00,NODE_08,41.906402,-87.608296,10.851860346886728,4.345012724758552,4.187333038981292,30.841923251726875,contamination
2026-01-01 11:30:00,NODE_08,41.906402,-87.608296,7.035455515887571,4.374332547150972,4.8394557333090535,28.858488808665744,contamination
2026-01-01 11:45:00,NODE_08,41.906402,-87.608296,6.727185265204605,4.158248534758004,7.079742108646091,30.53384703971957,none
2026-01-01 12:00:00,NODE_08,41.906402,-87.608296,7.445189293060908,3.637894581214215,3.8990060515244727,29.041940293072777,contamination
2026-01-01 12:15:00,NODE_08,41.906402,-87.608296,6.643158712135614,4.562197671215202,6.12178795590712,32.452641554722774,none
2026-01-01 12:30:00,NODE_08,41.906402,-87.608296,7.035455515887571,3.887361927071367,4.606903501762723,29.426895324023523,contamination
2026-01-01 12:45:00,NODE_08,41.906402,-87.608296,7.647871554133575,3.0786727238215774,8.372549032899538,30.673465309882854,none
2026-01-01 13:00:00,NODE_08,41.906402,-87.608296,7.928831288871604,3.413572942692293,5.042017119677212,28.399667244495046,contamination
2026-01-01 13:15:00,NODE_08,41.906402,-87.608296,7.035455515887571,4.536181266097956,5.00019458957277,29.084891311858012,contamination
2026-01-01 13:30:00,NODE_08,41.906402,-87.608296,6.3927604591582,4.421528142053679,4.532912229135186,29.731603065374042,contamination
2026-01-01 13:45:00,NODE_08,41.906402,-87.608296,7.586235787902423,4.351335081254766,4.286292873344051,29.980506587048463,contamination
2026-01-01 14:00:00,NODE_08,41.906402,-87.608296,6.227841921598111,4.599573326595357,3.161345892532134,28.710310494651466,contamination
2026-01-01 14:15:00,NODE_08,41.906402,-87.608296,7.035455515887571,3.813435553007681,3.066257535903539,28.772913483768427,contamination
2026-01-01 14:30:00,NODE_08,41.906402,-87.608296,7.611982388879645,6.494748555990993,4.073883583598294,6.67727438628364,leak
2026-01-01 14:45:00,NODE_08,41.906402,-87.608296,4.0914114501536405,5.952324819621305,4.0009826719010775,29.520691582455814,contamination
2026-01-01 15:00:00,NODE_08,41.906402,-87.608296,6.782868548051976,5.468590847062822,4.16308546451702,27.231209302846946,contamination
2026-01-01 15:15:00,NODE_08,41.906402,-87.608296,7.005230139691345,3.589865760483302,3.41510460266457,29.10623862675461,contamination
2026-01-01 15:30:00,NODE_08,41.906402,-87.608296,9.794717848521511,2.807129774600525,7.493063878643317,29.24995778927812,none
2026-01-01 15:45:00,NODE_08,41.906402,-87.608296,3.730128006866974,4.943032174246396,5.570893244328717,27.304319663275773,contamination
2026-01-01 16:00:00,NODE_08,41.906402,-87.608296,5.9672742278667465,3.914543611457913,5.816143906122105,30.127687148593548,contamination
2026-01-01 16:15:00,NODE_08,41.906402,-87.608296,6.336456502432508,4.561219815198779,6.104219842334344,29.38791383406344,none
2026-01-01 16:30:00,NODE_08,41.906402,-87.608296,5.609235358941159,3.2246755179341866,6.95963873000329,32.264770869434216,none
2026-01-01 16:45:00,NODE_08,41.906402,-87.608296,6.783023739620584,4.778808149718986,5.566653370307618,28.729776630623928,contamination
2026-01-01 17:00:00,NODE_08,41.906402,-87.608296,4.857802623979042,3.966570844524399,7.814405285531891,30.472963525279578,none
2026-01-01 17:15:00,NODE_08,41.906402,-87.608296,5.628313271623295,4.061644660822068,7.440378687042628,29.577485256526835,none
2026-01-01 17:30:00,NODE_08,41.906402,-87.608296,4.884388228619609,3.616700535246352,5.81017366756047,31.650956189060434,contamination
2026-01-01 17:45:00,NODE_08,41.906402,-87.608296,5.796236902009642,2.4836433968894216,6.188166514243377,27.313825763077098,none
2026-01-01 18:00:00,NODE_08,41.906402,-87.608296,8.331553235054374,2.692388879566732,4.491761659772634,28.02582589203032,contamination
2026-01-01 18:15:00,NODE_08,41.906402,-87.608296,5.720136479125319,3.5132554958442737,3.5352482896904873,27.36523572202663,contamination
2026-01-01 18:30:00,NODE_08,41.906402,-87.608296,4.227537385918204,4.479628314203464,3.3244650437200702,28.651920491370717,contamination
2026-01-01 18:45:00,NODE_08,41.906402,-87.608296,7.763415106574563,4.113536186706407,5.526320587450535,27.081710436919252,contamination
2026-01-01 19:00:00,NODE_08,41.906402,-87.608296,7.035455515887571,4.252220379574883,4.842399528562554,26.479671038347686,contamination
2026-01-01 19:15:00,NODE_08,41.906402,-87.608296,6.451503543212321,6.307678472047721,6.490637060472418,25.568661644402347,none
2026-01-01 19:30:00,NODE_08,41.906402,-87.608296,7.503085765108365,4.3055136249312,6.1009491701970795,25.47259248573543,none
2026-01-01 19:45:00,NODE_08,41.906402,-87.608296,5.735723554720852,4.7329535713429145,4.666491840508894,29.753384435073727,contamination
2026-01-01 20:00:00,NODE_08,41.906402,-87.608296,7.497987814888167,5.738991024993494,7.826393880541181,28.0856395247214,none
2026-01-01 20:15:00,NODE_08,41.906402,-87.608296,6.578680569429318,4.292042179344561,6.537888705780145,26.91816880788761,none
2026-01-01 20:30:00,NODE_08,41.906402,-87.608296,5.571019711316263,3.931306748154382,5.554217243674422,27.7801774516621,contamination
2026-01-01 20:45:00,NODE_08,41.906402,-87.608296,8.330743318988178,2.408049128547934,3.2527930984675533,27.976942478671788,contamination
2026-01-01 21:00:00,NODE_08,41.906402,-87.608296,9.293621613337674,3.661882213528828,8.16879201671581,27.32189658399468,none
2026-01-01 21:15:00,NODE_08,41.906402,-87.608296,9.004680613392885,3.7750149839256855,8.431093199278312,31.17712264058641,none
2026-01-01 21:30:00,NODE_08,41.906402,-87.608296,7.1143867193719466,3.762682465763934,3.8223610914576023,30.894040253451916,contamination
2026-01-01 21:45:00,NODE_08,41.906402,-87.608296,7.035455515887571,5.541322279631281,5.483025584343816,31.151531672148415,contamination
2026-01-01 22:00:00,NODE_08,41.906402,-87.608296,6.486152659745713,3.246794304771333,8.709903382166278,29.03759148076267,none
2026-01-01 22:15:00,NODE_08,41.906402,-87.608296,4.439095783352975,3.844230760680544,8.01683648842224,29.18949362963926,none
2026-01-01 22:30:00,NODE_08,41.906402,-87.608296,6.7680600489552045,4.145806701539799,3.357319607630149,27.789875813153056,contamination
2026-01-01 22:45:00,NODE_08,41.906402,-87.608296,7.036752103833548,3.71095753994514,7.34148151359199,27.49819023988742,none
2026-01-01 23:00:00,NODE_08,41.906402,-87.608296,7.036752103833548,3.893326831733837,7.310864583251093,28.80138527186181,none
2026-01-01 23:15:00,NODE_08,41.906402,-87.608296,7.874671357791283,2.309149056634923,8.353609556054685,29.747330936950533,none
2026-01-01 23:30:00,NODE_08,41.906402,-87.608296,6.772156537729458,3.82725596122325,6.27989356643023,30.5624491270196,none
2026-01-01 23:45:00,NODE_08,41.906402,-87.608296,7.918183320861496,4.764193594306708,5.509592672282711,27.94981318462999,contamination
2026-01-02 00:00:00,NODE_08,41.906402,-87.608296,8.561218924457805,2.8138885986983486,5.1130059478715415,26.889696126074938,contamination
2026-01-02 00:15:00,NODE_08,41.906402,-87.608296,6.18595116263375,5.2057243002993765,5.7857906445919145,29.869774379079914,contamination
2026-01-02 00:30:00,NODE_08,41.906402,-87.608296,6.592442507785291,3.0608273538358923,5.216230528847791,26.04158157193669,contamination
2026-01-02 00:45:00,NODE_08,41.906402,-87.608296,7.035455515887571,4.377502097292449,3.918803661013844,28.709981045747597,contamination
2026-01-02 01:00:00,NODE_08,41.906402,-87.608296,7.035455515887571,3.287617331936556,3.7952438530157178,28.90275383795057,contamination
2026-01-02 01:15:00,NODE_08,41.906402,-87.608296,8.92790592593881,5.474354698144387,5.08857735090327,28.20061519737963,contamination
2026-01-02 01:30:00,NODE_08,41.906402,-87.608296,7.611609817181437,2.873261209549148,3.578611706068843,26.450929236466163,contamination
2026-01-02 01:45:00,NODE_08,41.906402,-87.608296,7.036752103833548,5.0763624641800265,7.541111596867667,28.22038038569868,none
2026-01-02 02:00:00,NODE_08,41.906402,-87.608296,5.452214926167417,5.190533810336875,6.720787753496794,31.23261057573293,none
2026-01-02 02:15:00,NODE_08,41.906402,-87.608296,7.43721665310552,3.866874572569852,5.4649247093368665,29.65637930128013,contamination
2026-01-02 02:30:00,NODE_08,41.906402,-87.608296,9.6631590150059,5.270217774033984,3.304139527409591,30.511368802274784,contamination
2026-01-02 02:45:00,NODE_08,41.906402,-87.608296,6.732713713421406,3.885405037306561,5.3756739713871875,26.942994158457118,contamination
2026-01-02 03:00:00,NODE_08,41.906402,-87.608296,8.885626344053186,2.993300944496919,5.434716013054644,29.15235879764648,contamination
2026-01-02 03:15:00,NODE_08,41.906402,-87.608296,7.035455515887571,5.260301115251683,4.44682200024463,28.90130742677985,contamination
2026-01-02 03:30:00,NODE_08,41.906402,-87.608296,7.035455515887571,2.8125036354500903,3.1719309300314604,28.93035507618519,contamination
2026-01-02 03:45:00,NODE_08,41.906402,-87.608296,7.035455515887571,3.403269587083857,3.523769553741559,29.602565798348724,contamination
2026-01-02 04:00:00,NODE_08,41.906402,-87.608296,5.953981878134785,4.071916487170485,5.122278825485797,28.989780650665377,contamination
2026-01-02 04:15:00,NODE_08,41.906402,-87.608296,7.036752103833548,4.645691670402503,7.9198691553437115,26.98460828898137,none
2026-01-02 04:30:00,NODE_08,41.906402,-87.608296,5.088213197324547,2.6006186786445613,5.695065825502996,29.6886779727086,contamination
2026-01-02 04:45:00,NODE_08,41.906402,-87.608296,6.904121373223552,4.141819203370412,4.748058439663748,30.030123318826277,contamination
2026-01-02 05:00:00,NODE_08,41.906402,-87.608296,7.035455515887571,2.8465011985982662,3.3723221031413324,30.748015355170164,contamination
2026-01-02 05:15:00,NODE_08,41.906402,-87.608296,7.035455515887571,3.619590634969264,3.3642447165149165,30.814276165106904,contamination
2026-01-02 05:30:00,NODE_08,41.906402,-87.608296,6.751698586301178,3.7560066720223904,5.163397072070471,29.483446499516592,contamination
2026-01-02 05:45:00,NODE_08,41.906402,-87.608296,8.238878989445276,2.784712796717906,3.551353995323703,27.05454123708465,contamination
2026-01-02 06:00:00,NODE_08,41.906402,-87.608296,6.336342761889751,3.788803320404231,3.985156498849816,26.47472114790861,contamination
2026-01-02 06:15:00,NODE_08,41.906402,-87.608296,7.035455515887571,3.818403943096136,4.4616360207657415,28.428156489570444,contamination
2026-01-02 06:30:00,NODE_08,41.906402,-87.608296,7.035455515887571,5.504749396920436,3.0742946327284537,30.148003361021026,contamination
2026-01-02 06:45:00,NODE_08,41.906402,-87.608296,7.035455515887571,2.9983354715810404,3.7464570810597957,30.05134950152686,contamination
2026-01-02 07:00:00,NODE_08,41.906402,-87.608296,10.200644508442188,5.174719758892985,4.22366882552184,29.179795792625274,contamination
2026-01-02 07:15:00,NODE_08,41.906402,-87.608296,7.974248428106492,3.1959442509174982,3.838908955479619,28.71395804104368,contamination
2026-01-02 07:30:00,NODE_08,41.906402,-87.608296,6.268402755741024,3.389705289941097,3.4091109824026975,31.624399735530027,contamination
2026-01-02 07:45:00,NODE_08,41.906402,-87.608296,5.923441414571481,4.107363630145296,5.184036773388592,29.629844713052208,contamination
2026-01-02 08:00:00,NODE_08,41.906402,-87.608296,7.442536475327727,2.191138421703526,8.112777223507258,28.637887283891263,none
2026-01-02 08:15:00,NODE_08,41.906402,-87.608296,6.848805452540466,3.13004476285238,3.7724369284311745,27.80063536373096,contamination
2026-01-02 08:30:00,NODE_08,41.906402,-87.608296,5.352565979714757,4.7791870088188695,8.710853609396132,27.255888922666653,none
2026-01-02 08:45:00,NODE_08,41.906402,-87.608296,7.035455515887571,4.301273480741873,4.156660693203941,27.10820087734529,contamination
2026-01-02 09:00:00,NODE_08,41.906402,-87.608296,5.808975519906834,3.599933101811887,6.531364372807259,27.25605676500445,none
2026-01-02 09:15:00,NODE_08,41.906402,-87.608296,6.268953336634952,4.6744959728986775,5.568003224679458,29.19022506911865,contamination
2026-01-02 09:30:00,NODE_08,41.906402,-87.608296,7.386837696427604,4.816705216346371,5.249861045407224,28.74169240843419,contamination
2026-01-02 09:45:00,NODE_08,41.906402,-87.608296,7.035455515887571,3.716659340751803,5.415350553948533,28.279924755794816,contamination
2026-01-02 10:00:00,NODE_08,41.906402,-87.608296,9.652562935021928,3.192569798875329,3.4105354997590704,29.87351380188344,contamination
2026-01-02 10:15:00,NODE_08,41.906402,-87.608296,7.041665417411175,3.0997461634419525,6.853787383607755,31.482559300489243,none
2026-01-02 10:30:00,NODE_08,41.906402,-87.608296,5.897391120843136,2.961602417916417,5.680214187263961,27.533776494798506,contamination
2026-01-02 10:45:00,NODE_08,41.906402,-87.608296,7.895045662146321,3.084431232538585,4.163502808713283,27.757367834402626,contamination
2026-01-02 11:00:00,NODE_08,41.906402,-87.608296,8.185923417313038,3.566945145029043,7.823878052497026,25.443218311660313,none
2026-01-02 11:15:00,NODE_08,41.906402,-87.608296,8.003031485090926,3.1375512055381387,5.174088762785473,28.72930064602595,contamination
2026-01-02 11:30:00,NODE_08,41.906402,-87.608296,7.220165553446549,4.398685036000153,5.50924678973957,28.577366046590374,contamination
2026-01-02 11:45:00,NODE_08,41.906402,-87.608296,7.036752103833548,2.505464026615983,6.3747594322219,30.107982267052094,none
2026-01-02 12:00:00,NODE_08,41.906402,-87.608296,9.895889212950532,3.8134286591434106,3.947991423375682,28.63857781328953,contamination
2026-01-02 12:15:00,NODE_08,41.906402,-87.608296,7.15473588040487,4.629955736114066,6.037276781381797,27.886632952537255,none
2026-01-02 12:30:00,NODE_08,41.906402,-87.608296,7.036752103833548,3.5737411060993765,8.639431307159056,29.057825512688137,none
2026-01-02 12:45:00,NODE_08,41.906402,-87.608296,6.715719087979793,2.443008005777361,3.148984474379157,29.604399437942984,contamination
2026-01-02 13:00:00,NODE_08,41.906402,-87.608296,8.151215310423664,3.523980505672175,4.870557585522463,26.34220331054325,contamination
2026-01-02 13:15:00,NODE_08,41.906402,-87.608296,9.281302611348124,4.069976588751361,3.1893191073466385,30.279133385328578,contamination
2026-01-02 13:30:00,NODE_08,41.906402,-87.608296,6.848329601322462,3.7322020177545054,6.294173545687372,30.728251079303185,none
2026-01-02 13:45:00,NODE_08,41.906402,-87.608296,6.6096803221946265,3.5891464414221934,5.018267958740772,29.589979610700393,contamination
2026-01-02 14:00:00,NODE_08,41.906402,-87.608296,6.277277371274439,3.6193211819201823,4.011800688162679,27.366964308807624,contamination
2026-01-02 14:15:00,NODE_08,41.906402,-87.608296,10.53809844277246,3.823092676110029,8.502415981570756,28.27975709150765,none
2026-01-02 14:30:00,NODE_08,41.906402,-87.608296,8.360795827235105,3.715951409137044,3.844051865561525,30.543108642813852,contamination
2026-01-02 14:45:00,NODE_08,41.906402,-87.608296,7.619845076953617,3.779648433049116,4.372725996751296,27.301465618748907,contamination
2026-01-02 15:00:00,NODE_08,41.906402,-87.608296,7.079303517779591,5.553173840879232,4.426157566066447,29.71176246087829,contamination
2026-01-02 15:15:00,NODE_08,41.906402,-87.608296,4.638250258554134,4.124537824896342,7.044080889566158,28.69263888532077,none
2026-01-02 15:30:00,NODE_08,41.906402,-87.608296,6.446252031563202,4.976957857871973,8.676458750609882,29.009086773490964,none
2026-01-02 15:45:00,NODE_08,41.906402,-87.608296,0.2274990502021987,3.545741437567914,7.41141995903147,27.51513968324329,none
2026-01-02 16:00:00,NODE_08,41.906402,-87.608296,3.633162828862528,3.349571655135964,7.58342209067649,29.26479332688372,none
2026-01-02 16:15:00,NODE_08,41.906402,-87.608296,4.897691706502586,3.894464332984629,8.999122913465493,29.15741050490201,none
2026-01-02 16:30:00,NODE_08,41.906402,-87.608296,7.035455515887571,4.241935682799888,3.7660600506867046,26.504759013380582,contamination
2026-01-02 16:45:00,NODE_08,41.906402,-87.608296,3.623165848258656,5.370205548696381,7.08531001731894,28.76213105740495,none
2026-01-02 17:00:00,NODE_08,41.906402,-87.608296,7.806909023349841,5.127910987699841,6.0310367894181,29.68964263485047,none
2026-01-02 17:15:00,NODE_08,41.906402,-87.608296,8.589202343654149,4.041445670962364,7.878522221381684,28.190872023785914,none
2026-01-02 17:30:00,NODE_08,41.906402,-87.608296,8.861701556503956,3.5791072422859003,4.398759844583506,25.097201072573885,contamination
2026-01-02 17:45:00,NODE_08,41.906402,-87.608296,7.421997644251864,3.6036095808461335,5.375806868891292,28.5965718118836,contamination
2026-01-02 18:00:00,NODE_08,41.906402,-87.608296,8.251217779681046,3.495062986026916,8.90358705348964,30.968498798948485,none
2026-01-02 18:15:00,NODE_08,41.906402,-87.608296,7.949964794513219,3.3171524499122014,8.588913081996433,28.252092665039214,none
2026-01-02 18:30:00,NODE_08,41.906402,-87.608296,6.703486853784561,4.223883710835095,4.14864944185255,30.911773523516317,contamination
2026-01-02 18:45:00,NODE_08,41.906402,-87.608296,7.940713224453516,2.9901508910892183,5.157226861532435,27.550260564763953,contamination
2026-01-02 19:00:00,NODE_08,41.906402,-87.608296,8.26830759203937,4.405408198445283,4.642553652179983,27.02734093064003,contamination
2026-01-02 19:15:00,NODE_08,41.906402,-87.608296,5.484151253504955,4.438858459911646,8.067732059886069,28.761142942496623,none
2026-01-02 19:30:00,NODE_08,41.906402,-87.608296,6.770926884040844,4.910533820344201,7.823129424681014,27.5349293476274,none
2026-01-02 19:45:00,NODE_08,41.906402,-87.608296,9.14973392673672,5.436819303585555,3.301688196250333,29.26358350602134,contamination
2026-01-02 20:00:00,NODE_08,41.906402,-87.608296,7.035455515887571,3.2365700434139937,4.1797844552976455,28.209940617832448,contamination
2026-01-02 20:15:00,NODE_08,41.906402,-87.608296,6.629993518356908,3.1552136525031926,4.8501381229403275,30.97967246711422,contamination
2026-01-02 20:30:00,NODE_08,41.906402,-87.608296,6.12319393539216,5.457830951249985,5.582396810746485,28.10629569240456,contamination
2026-01-02 20:45:00,NODE_08,41.906402,-87.608296,4.872560878371032,3.9180057985839225,7.5006944367774055,28.903402339458385,none
2026-01-02 21:00:00,NODE_08,41.906402,-87.608296,10.351742528378832,5.227609397200687,4.961360253373385,29.66330049189601,contamination
2026-01-02 21:15:00,NODE_08,41.906402,-87.608296,5.204938762890717,3.439561018542137,7.022056270724405,30.203270958417576,none
2026-01-02 21:30:00,NODE_08,41.906402,-87.608296,7.893818459458376,3.5085037127292917,4.8516587489833745,30.98826094314374,contamination
2026-01-02 21:45:00,NODE_08,41.906402,-87.608296,7.036752103833548,4.536122682223924,7.761398404752603,28.416501997769007,none
2026-01-02 22:00:00,NODE_08,41.906402,-87.608296,7.471026670171208,3.707974079965065,6.200046901089074,28.16983475052338,none
2026-01-02 22:15:00,NODE_08,41.906402,-87.608296,5.2140091940446665,4.453525556196591,4.212724926321117,25.897921850436003,contamination
2026-01-02 22:30:00,NODE_08,41.906402,-87.608296,6.582499747201653,4.152014126960154,5.97979558928924,31.831364136352725,contamination
2026-01-02 22:45:00,NODE_08,41.906402,-87.608296,7.035455515887571,3.2328721157393794,5.605671084748383,29.310243045080483,contamination
2026-01-02 23:00:00,NODE_08,41.906402,-87.608296,7.814250246965275,4.10466196258988,4.693919573688606,29.89650899788882,contamination
2026-01-02 23:15:00,NODE_08,41.906402,-87.608296,6.057068041253538,4.3717478538333525,4.549882775562826,29.602390211599435,contamination
2026-01-02 23:30:00,NODE_08,41.906402,-87.608296,6.907379614971787,1.4961009425719864,3.853801146914043,28.843099223544506,contamination
2026-01-02 23:45:00,NODE_08,41.906402,-87.608296,7.217392780568977,3.7466198236682153,4.551628283080588,29.294325769985548,contamination
2026-01-03 00:00:00,NODE_08,41.906402,-87.608296,6.565633547125035,2.7709484970749205,5.544544494839841,27.929303225454127,contamination
2026-01-03 00:15:00,NODE_08,41.906402,-87.608296,7.475536901699288,4.015574262293539,5.055523539833342,28.315648923121266,contamination
2026-01-03 00:30:00,NODE_08,41.906402,-87.608296,6.934503590060883,3.875238036589964,3.8701320845339597,27.34348819868618,contamination
2026-01-03 00:45:00,NODE_08,41.906402,-87.608296,8.143483376311869,2.572830422704593,3.604391763160599,31.10466284481584,contamination
2026-01-03 01:00:00,NODE_08,41.906402,-87.608296,7.521920636411117,3.110932391139892,3.7956256109904873,29.611018414075033,contamination
2026-01-03 01:15:00,NODE_08,41.906402,-87.608296,8.458814661984784,3.50770853604351,3.5092776041784797,31.733055769611987,contamination
2026-01-03 01:30:00,NODE_08,41.906402,-87.608296,6.710633528014908,3.863286908993115,3.286922088071148,32.21337176814863,contamination
2026-01-03 01:45:00,NODE_08,41.906402,-87.608296,9.502856746233924,4.237345251715119,4.2574085233261645,26.662562539804632,contamination
2026-01-03 02:00:00,NODE_08,41.906402,-87.608296,8.397248095971374,2.8357942842945434,3.339898813194803,30.246639458540063,contamination
2026-01-03 02:15:00,NODE_08,41.906402,-87.608296,8.555283422607033,3.687152067632291,3.515737673181313,26.73185138368485,contamination
2026-01-03 02:30:00,NODE_08,41.906402,-87.608296,7.035455515887571,3.266562403022029,4.641974053018458,29.03492313192718,contamination
2026-01-03 02:45:00,NODE_08,41.906402,-87.608296,8.163074030614228,4.128193137247917,3.493797821098724,29.2408911040198,contamination
2026-01-03 03:00:00,NODE_08,41.906402,-87.608296,7.4518887792117585,3.930080761019317,3.1916393022927085,26.83804767556917,contamination
2026-01-03 03:15:00,NODE_08,41.906402,-87.608296,7.54434011403763,4.435514109196108,3.9521665500836556,27.662519395918835,contamination
2026-01-03 03:30:00,NODE_08,41.906402,-87.608296,7.035455515887571,4.071343675272809,3.6609572958659027,29.30932411289502,contamination
2026-01-03 03:45:00,NODE_08,41.906402,-87.608296,5.646083311861947,3.9385056274364985,8.552335470997981,29.033247947791452,none
2026-01-03 04:00:00,NODE_08,41.906402,-87.608296,6.168838539281275,4.435760073378445,3.307101253749628,27.24123955452873,contamination
2026-01-03 04:15:00,NODE_08,41.906402,-87.608296,7.035455515887571,4.217553378155117,5.255312363048935,27.72175025532095,contamination
2026-01-03 04:30:00,NODE_08,41.906402,-87.608296,6.385470897689489,4.681716653309846,5.718700558305416,26.531636466504644,contamination
2026-01-03 04:45:00,NODE_08,41.906402,-87.608296,8.242558635342093,3.5294272368553408,7.569877388666985,26.9644115804958,none
2026-01-03 05:00:00,NODE_08,41.906402,-87.608296,6.539546127935385,4.076403287338456,7.032226480111067,28.21166628196029,none
2026-01-03 05:15:00,NODE_08,41.906402,-87.608296,7.007974587155316,4.628974863583534,8.991395682475098,30.249976568277027,none
2026-01-03 05:30:00,NODE_08,41.906402,-87.608296,8.347949482501885,4.217861430575852,5.084755139344523,30.440146511013957,contamination
2026-01-03 05:45:00,NODE_08,41.906402,-87.608296,5.477283049476333,6.357438520067428,3.0316533673505695,31.5189519423006,contamination
2026-01-03 06:00:00,NODE_08,41.906402,-87.608296,7.036752103833548,5.53747584049303,8.865728304862031,29.405193176964573,none
2026-01-03 06:15:00,NODE_08,41.906402,-87.608296,7.118980168364626,5.349210585555077,8.663173193679963,29.051221500805546,none
2026-01-03 06:30:00,NODE_08,41.906402,-87.608296,7.595669983691271,3.403393176535209,4.037576573925808,29.511516410725463,contamination
2026-01-03 06:45:00,NODE_08,41.906402,-87.608296,6.6695323796655455,1.9648630966312208,3.1056455205765703,29.49713092507538,contamination
2026-01-03 07:00:00,NODE_08,41.906402,-87.608296,4.902158988606676,3.499048522914918,5.238538915656817,26.344026498437458,contamination
2026-01-03 07:15:00,NODE_08,41.906402,-87.608296,7.036752103833548,3.612918763485361,7.134821681048619,31.602106980561665,none
2026-01-03 07:30:00,NODE_08,41.906402,-87.608296,6.748811549804483,3.3125127658902267,7.41951795489287,25.8723884262876,none
2026-01-03 07:45:00,NODE_08,41.906402,-87.608296,5.487876362610197,4.223576482290001,4.612021490529544,30.491940493798324,contamination
2026-01-03 08:00:00,NODE_08,41.906402,-87.608296,7.58004880807379,3.959636523743514,8.723618030805723,28.853377366728058,none
2026-01-03 08:15:00,NODE_08,41.906402,-87.608296,9.00846433449955,3.911014707443342,7.257263261012898,27.134551110998324,none
2026-01-03 08:30:00,NODE_08,41.906402,-87.608296,8.07327895224373,4.854312785522253,8.349950670658083,29.56585854433837,none
2026-01-03 08:45:00,NODE_08,41.906402,-87.608296,7.036752103833548,3.2425454482885505,6.805019373823972,28.591588991877945,none
2026-01-03 09:00:00,NODE_08,41.906402,-87.608296,5.953923889741049,3.9686471632564224,8.09391537277084,27.74498990501927,none
2026-01-03 09:15:00,NODE_08,41.906402,-87.608296,5.895948983187193,3.659652967576408,6.004738263233736,26.696580403558972,none
2026-01-03 09:30:00,NODE_08,41.906402,-87.608296,8.154531511065274,2.460464866914837,8.614521640471905,26.57053620569461,none
2026-01-03 09:45:00,NODE_08,41.906402,-87.608296,8.546145555159878,3.505300168213539,6.091138739863387,27.852429950056706,none
2026-01-03 10:00:00,NODE_08,41.906402,-87.608296,7.036752103833548,3.4301673233947305,8.138261264287753,28.188314722667187,none
2026-01-03 10:15:00,NODE_08,41.906402,-87.608296,7.368165576531881,3.6842633826061095,6.138774567783852,26.952983099972304,none
2026-01-03 10:30:00,NODE_08,41.906402,-87.608296,7.036752103833548,3.9592936152493454,6.79873709818201,28.82651712070095,none
2026-01-03 10:45:00,NODE_08,41.906402,-87.608296,7.617148870829691,2.3915400059994005,4.11899950670059,27.166592596133725,contamination
2026-01-03 11:00:00,NODE_08,41.906402,-87.608296,8.922409558967978,4.081728016204542,3.627111112157767,29.309127979494356,contamination
2026-01-03 11:15:00,NODE_08,41.906402,-87.608296,6.019939994871649,2.747027112289297,6.5755083438030315,30.615865881137992,none
2026-01-03 11:30:00,NODE_08,41.906402,-87.608296,6.983860438979463,4.159566509149576,7.001444735127713,29.202858373524617,none
2026-01-03 11:45:00,NODE_08,41.906402,-87.608296,9.608533593881912,3.042796943791497,5.986532904047599,28.628044712759852,contamination
2026-01-03 12:00:00,NODE_08,41.906402,-87.608296,6.816416925295727,4.2747382136106005,8.007771277738945,27.966451342498864,none
2026-01-03 12:15:00,NODE_08,41.906402,-87.608296,6.718249444896243,4.488904316315408,6.2154437512917475,30.937944827093332,none
2026-01-03 12:30:00,NODE_08,41.906402,-87.608296,7.818274839301502,3.329243165850729,4.328488111152972,28.478523322941907,contamination
2026-01-03 12:45:00,NODE_08,41.906402,-87.608296,7.035455515887571,6.739,5.541808229888171,32.504132564400095,contamination
2026-01-03 13:00:00,NODE_08,41.906402,-87.608296,6.800119090315878,3.854939899721073,7.628779167299353,26.994243131862316,none
2026-01-03 13:15:00,NODE_08,41.906402,-87.608296,10.15544017022192,5.002467259922081,5.8562869549587715,29.20365782322364,contamination
2026-01-03 13:30:00,NODE_08,41.906402,-87.608296,6.209642259708484,3.6125196149467143,4.025597306394453,30.88788231418364,contamination
2026-01-03 13:45:00,NODE_08,41.906402,-87.608296,7.275908773683996,5.062297798479729,6.783985187822705,27.733592401354095,none
2026-01-03 14:00:00,NODE_08,41.906402,-87.608296,6.395359131671062,4.191217514711704,5.515826662601887,28.414610374267273,contamination
2026-01-03 14:15:00,NODE_08,41.906402,-87.608296,6.512737123980129,4.612963629350583,6.929184551182596,29.708016660970156,none
2026-01-03 14:30:00,NODE_08,41.906402,-87.608296,6.587464616653873,4.096841156438634,3.9537140213198505,29.350632268827184,contamination
2026-01-03 14:45:00,NODE_08,41.906402,-87.608296,3.882631081313793,3.734001386870361,6.835395872746038,29.60834549556197,none
2026-01-03 15:00:00,NODE_08,41.906402,-87.608296,8.309227709741469,3.756396830753752,8.689418571777885,30.509184611142903,none
2026-01-03 15:15:00,NODE_08,41.906402,-87.608296,7.408985466924612,3.772420927989514,3.905428108988081,28.248665728001768,contamination
2026-01-03 15:30:00,NODE_08,41.906402,-87.608296,3.9757526579292986,3.666823798966989,8.192052292262328,30.924335746432615,none
2026-01-03 15:45:00,NODE_08,41.906402,-87.608296,10.04967371845643,5.133477823277881,8.75403153028305,26.18877447513148,none
2026-01-03 16:00:00,NODE_08,41.906402,-87.608296,9.445129837868656,3.8751652466165463,8.735617454535022,30.384953217609013,none
2026-01-03 16:15:00,NODE_08,41.906402,-87.608296,11.301793996392291,3.309580397460676,8.216837539736183,30.48960543059497,none
2026-01-03 16:30:00,NODE_08,41.906402,-87.608296,6.593764313289441,2.346578095251962,6.5934732865239685,27.607091335149445,none
2026-01-03 16:45:00,NODE_08,41.906402,-87.608296,7.035455515887571,4.655916598688822,3.36223990769004,26.592842635265132,contamination
2026-01-03 17:00:00,NODE_08,41.906402,-87.608296,7.16046723080874,3.8848910441472793,5.930896638379868,28.42054579239089,contamination
2026-01-03 17:15:00,NODE_08,41.906402,-87.608296,7.855906367971113,4.15188982992317,3.560794288324341,29.3745015954744,contamination
2026-01-03 17:30:00,NODE_08,41.906402,-87.608296,7.352146037579763,5.864497891134695,8.056809199634623,28.266148381694872,none
2026-01-03 17:45:00,NODE_08,41.906402,-87.608296,5.841118839551023,4.237560417891356,4.464352630301205,29.52171018116629,contamination
2026-01-03 18:00:00,NODE_08,41.906402,-87.608296,9.597191856878178,5.145152870605282,7.598057042141447,31.67541254413516,none
2026-01-03 18:15:00,NODE_08,41.906402,-87.608296,6.2106476062546205,3.212123979887552,3.2976887882839403,26.721728990179543,contamination
2026-01-03 18:30:00,NODE_08,41.906402,-87.608296,7.446089059117263,2.9486574387124453,4.285932837625595,25.837639244451832,contamination
2026-01-03 18:45:00,NODE_08,41.906402,-87.608296,7.035455515887571,3.0179849706530693,4.885506510708612,28.66485041895617,contamination
2026-01-03 19:00:00,NODE_08,41.906402,-87.608296,4.348674993039846,4.3609500512264185,3.6454668648721666,27.748544034769182,contamination
2026-01-03 19:15:00,NODE_08,41.906402,-87.608296,7.035455515887571,4.620793451653219,4.882403696298218,28.04832452162202,contamination
2026-01-03 19:30:00,NODE_08,41.906402,-87.608296,7.136102612573539,2.5741917719754124,8.892162390394468,30.66916662346684,none
2026-01-03 19:45:00,NODE_08,41.906402,-87.608296,8.896418988301798,3.700945732714745,5.992554393518025,28.587872411989295,contamination
2026-01-03 20:00:00,NODE_08,41.906402,-87.608296,9.177869865892433,3.1087699879134547,3.0973532303720273,28.725303768038458,contamination
2026-01-03 20:15:00,NODE_08,41.906402,-87.608296,7.035455515887571,3.605154198874472,3.7067646847340328,28.113600582866344,contamination
2026-01-03 20:30:00,NODE_08,41.906402,-87.608296,11.235425957161038,5.14705527626746,3.9309213473750924,28.710595146291826,contamination
2026-01-03 20:45:00,NODE_08,41.906402,-87.608296,6.155249161058691,3.803908513723902,4.197378301334899,29.171549092943543,contamination
2026-01-03 21:00:00,NODE_08,41.906402,-87.608296,7.388292038904119,3.846830261190497,3.726771472754302,32.94567919800287,contamination
2026-01-03 21:15:00,NODE_08,41.906402,-87.608296,6.020653841390852,5.217131275201896,3.6104639836659373,29.188283124648656,contamination
2026-01-03 21:30:00,NODE_08,41.906402,-87.608296,4.80115436807586,4.418638131667752,5.8636615272525,30.512839652264777,contamination
2026-01-03 21:45:00,NODE_08,41.906402,-87.608296,10.086771239804932,4.334122045645791,5.755564808311553,29.048396276947482,contamination
2026-01-03 22:00:00,NODE_08,41.906402,-87.608296,7.726134807902507,3.72063690445242,3.1409775030093523,25.727112903760563,contamination
2026-01-03 22:15:00,NODE_08,41.906402,-87.608296,8.927078148301744,4.60186095914794,4.016439064814545,27.918189148657675,contamination
2026-01-03 22:30:00,NODE_08,41.906402,-87.608296,8.384623151510734,3.682780337626534,4.21544566103522,29.187162976243826,contamination
2026-01-03 22:45:00,NODE_08,41.906402,-87.608296,7.83097634338162,4.588784656948855,3.71704360399783,29.853918714905586,contamination
2026-01-03 23:00:00,NODE_08,41.906402,-87.608296,7.035455515887571,3.713109663734641,4.886618690964527,29.084139786598293,contamination
2026-01-03 23:15:00,NODE_08,41.906402,-87.608296,6.565319432045672,2.233894046042616,4.921142239932723,30.149323998888416,contamination
2026-01-03 23:30:00,NODE_08,41.906402,-87.608296,7.362736501949787,4.408513182397498,5.551512684985791,26.578819701961713,contamination
2026-01-03 23:45:00,NODE_08,41.906402,-87.608296,6.476139840300842,4.041580246514462,5.222607805155653,28.841985612656284,contamination
2026-01-04 00:00:00,NODE_08,41.906402,-87.608296,6.655605025818962,2.9516447152886705,4.627719980897867,30.7607414512587,contamination
2026-01-04 00:15:00,NODE_08,41.906402,-87.608296,7.0861684008433095,3.4165397533412,4.96076031013326,27.311456903316593,contamination
2026-01-04 00:30:00,NODE_08,41.906402,-87.608296,8.875642278454443,4.006991558563305,3.8219663446290544,30.449684047655456,contamination
2026-01-04 00:45:00,NODE_08,41.906402,-87.608296,10.524601982194516,4.340986728185262,4.7791685699020725,30.37215808815807,contamination
2026-01-04 01:00:00,NODE_08,41.906402,-87.608296,6.538084087098238,5.143750121633965,4.4676817642497575,26.91325992044759,contamination
2026-01-04 01:15:00,NODE_08,41.906402,-87.608296,6.756659807295844,4.184873593047181,3.400033401949111,29.275614740895186,contamination
2026-01-04 01:30:00,NODE_08,41.906402,-87.608296,8.180755325786324,3.8454228047917463,3.727632829748912,29.00701788673314,contamination
2026-01-04 01:45:00,NODE_08,41.906402,-87.608296,5.651933841463073,3.8720271369929233,3.8750803521647583,28.504252859636825,contamination
2026-01-04 02:00:00,NODE_08,41.906402,-87.608296,7.606066882417412,4.581477460023954,5.772928701157674,26.478463065894932,contamination
2026-01-04 02:15:00,NODE_08,41.906402,-87.608296,8.858401531200467,5.525726338121716,3.6911599181576684,28.374207295028505,contamination
2026-01-04 02:30:00,NODE_08,41.906402,-87.608296,8.758824521484824,3.527565358764985,3.8677317084590044,28.534353098218457,contamination
2026-01-04 02:45:00,NODE_08,41.906402,-87.608296,2.612035914817261,4.765205370159007,4.108062390268297,26.22134497056068,contamination
2026-01-04 03:00:00,NODE_08,41.906402,-87.608296,9.406325752898285,3.097277957477165,4.991228215876161,26.811069443678043,contamination
2026-01-04 03:15:00,NODE_08,41.906402,-87.608296,5.500186640904189,4.178478951476263,8.607364842843104,27.378303809055495,none
2026-01-04 03:30:00,NODE_08,41.906402,-87.608296,9.567822726280443,4.197919054995084,7.662386148631369,27.1963745513578,none
2026-01-04 03:45:00,NODE_08,41.906402,-87.608296,7.348611231182264,3.544537267623399,5.596713660284293,29.258202455814658,contamination
2026-01-04 04:00:00,NODE_08,41.906402,-87.608296,7.704410252313842,3.0313643685904275,4.731648219026851,30.13606268952787,contamination
2026-01-04 04:15:00,NODE_08,41.906402,-87.608296,7.119824384264552,3.445756223321899,5.02211360227487,28.30298217902617,contamination
2026-01-04 04:30:00,NODE_08,41.906402,-87.608296,7.830607590568666,3.551568013010188,8.07256051301944,29.918231250493903,none
2026-01-04 04:45:00,NODE_08,41.906402,-87.608296,6.174750579100353,2.566048788361688,8.360905945310225,30.197529589957448,none
2026-01-04 05:00:00,NODE_08,41.906402,-87.608296,7.036752103833548,4.219225568669436,6.3490453495722114,28.640857484663517,none
2026-01-04 05:15:00,NODE_08,41.906402,-87.608296,9.181560007151536,4.503660796179122,3.2324489213771574,29.380862514024773,contamination
2026-01-04 05:30:00,NODE_08,41.906402,-87.608296,7.402653150168774,6.2265804048163975,8.904623783110099,28.433779161974265,none
2026-01-04 05:45:00,NODE_08,41.906402,-87.608296,7.745499128179053,4.043334781475608,8.76879023430182,27.084552267937724,none
2026-01-04 06:00:00,NODE_08,41.906402,-87.608296,6.4079633358080486,2.954092652381751,8.652225888930555,27.648657721913303,none
2026-01-04 06:15:00,NODE_08,41.906402,-87.608296,7.76414261000218,4.105178268056135,5.801933922433557,29.258019140217346,contamination
2026-01-04 06:30:00,NODE_08,41.906402,-87.608296,6.3848240094579065,4.144998517816148,3.393175892412871,28.586802589802954,contamination
2026-01-04 06:45:00,NODE_08,41.906402,-87.608296,5.873157137066786,5.120887964619865,5.392183073723336,29.874556418895263,contamination
2026-01-04 07:00:00,NODE_08,41.906402,-87.608296,7.852206664016244,3.5324376192277365,6.445552272771352,25.938316288556596,none
2026-01-04 07:15:00,NODE_08,41.906402,-87.608296,6.35311030182946,2.856175486931272,5.250992327459868,26.298939550683407,contamination
2026-01-04 07:30:00,NODE_08,41.906402,-87.608296,6.538207172663557,3.426266448712848,7.450176200046379,26.476459619195825,none
2026-01-04 07:45:00,NODE_08,41.906402,-87.608296,8.534406879569957,2.5447337011519235,4.543468806936117,29.018776670886318,contamination
2026-01-04 08:00:00,NODE_08,41.906402,-87.608296,7.036752103833548,2.290411119725527,7.0694300125433625,26.701642251721943,none
2026-01-04 08:15:00,NODE_08,41.906402,-87.608296,6.550877192685638,4.824825939065864,6.4883283030761065,29.24899064669591,none
2026-01-04 08:30:00,NODE_08,41.906402,-87.608296,7.974521648923869,4.011718108339787,4.0791595857308085,29.898311780826724,contamination
2026-01-04 08:45:00,NODE_08,41.906402,-87.608296,8.757257397440991,3.6261354416122304,4.608466158758208,31.043171559359582,contamination
2026-01-04 09:00:00,NODE_08,41.906402,-87.608296,6.139743031734375,3.841221573687875,5.1520882591091,30.87765822669092,contamination
2026-01-04 09:15:00,NODE_08,41.906402,-87.608296,6.542281786808939,3.794055432721665,6.323376742096624,27.725667417729763,none
2026-01-04 09:30:00,NODE_08,41.906402,-87.608296,7.035455515887571,3.5950171809576155,5.816630925426819,26.26433990970318,contamination
2026-01-04 09:45:00,NODE_08,41.906402,-87.608296,6.512900833266178,4.404040364778451,8.092939148339175,27.820883901765377,none
2026-01-04 10:00:00,NODE_08,41.906402,-87.608296,5.991283475366895,4.840562301475423,7.589685889661824,30.234050519634764,none
2026-01-04 10:15:00,NODE_08,41.906402,-87.608296,7.096047101005687,4.785637377933364,7.175026789606647,28.18426179597092,none
2026-01-04 10:30:00,NODE_08,41.906402,-87.608296,10.560744636218196,3.964686350022129,5.067363271487275,28.73231601417241,contamination
2026-01-04 10:45:00,NODE_08,41.906402,-87.608296,6.2528102107865005,2.9217973892390896,8.905915995900827,27.933055782628735,none
2026-01-04 11:00:00,NODE_08,41.906402,-87.608296,4.037287739350788,3.045048569942414,6.284723729298234,31.140601046610033,none
2026-01-04 11:15:00,NODE_08,41.906402,-87.608296,5.092757238606061,4.636728696472332,7.170048182242682,27.24710575200169,none
2026-01-04 11:30:00,NODE_08,41.906402,-87.608296,8.099124189298397,3.0559337496641685,3.3334526393499355,28.868945208827476,contamination
2026-01-01 00:00:00,NODE_09,41.887449,-87.590227,6.2570857911396685,3.994713696692633,3.091247642423904,22.26822237124238,contamination
2026-01-01 00:15:00,NODE_09,41.887449,-87.590227,8.575673021827997,3.506229064263776,5.180630718419315,23.368188744185563,contamination
2026-01-01 00:30:00,NODE_09,41.887449,-87.590227,7.035455515887571,5.486132309176686,5.622041013926147,19.56366137728455,contamination
2026-01-01 00:45:00,NODE_09,41.887449,-87.590227,7.035455515887571,4.266869045131157,3.662137757833256,22.047073328800074,contamination
2026-01-01 01:00:00,NODE_09,41.887449,-87.590227,8.922379799883824,5.821825990151662,8.86761012980556,19.65746703930787,none
2026-01-01 01:15:00,NODE_09,41.887449,-87.590227,6.825467900630395,3.027449578045163,3.186615274577073,22.67160433246059,contamination
2026-01-01 01:30:00,NODE_09,41.887449,-87.590227,8.015780395152742,3.1805801865505683,5.468108765151619,23.200065107186425,contamination
2026-01-01 01:45:00,NODE_09,41.887449,-87.590227,5.96130157218858,4.91958504678586,3.9341458196777532,19.27147218178594,contamination
2026-01-01 02:00:00,NODE_09,41.887449,-87.590227,9.319176393077573,4.129230416389857,4.20509067827933,21.58605979292006,contamination
2026-01-01 02:15:00,NODE_09,41.887449,-87.590227,6.35403811007823,4.935240394248478,8.577998459171255,22.275794321250196,none
2026-01-01 02:30:00,NODE_09,41.887449,-87.590227,10.201425755101072,3.964449588219743,5.518359702628652,20.16446344815787,contamination
2026-01-01 02:45:00,NODE_09,41.887449,-87.590227,8.12420782636168,4.72445657765958,4.952499664684455,21.427436189882247,contamination
2026-01-01 03:00:00,NODE_09,41.887449,-87.590227,6.3131147318719245,4.126964595932531,4.845193889573434,21.50589042055754,contamination
2026-01-01 03:15:00,NODE_09,41.887449,-87.590227,7.117917746068107,4.213567957421265,3.527016299867732,23.620339733277174,contamination
2026-01-01 03:30:00,NODE_09,41.887449,-87.590227,7.181448580829175,5.088859989138795,4.539569675129489,17.649361950792645,contamination
2026-01-01 03:45:00,NODE_09,41.887449,-87.590227,7.035455515887571,4.417559791016322,5.146143051535965,20.52199427651022,contamination
2026-01-01 04:00:00,NODE_09,41.887449,-87.590227,6.283103588064353,2.663920733696861,8.90808373498733,18.730484426711996,none
2026-01-01 04:15:00,NODE_09,41.887449,-87.590227,5.859822103560279,3.4266340746155777,8.878878461369194,20.626561646192663,none
2026-01-01 04:30:00,NODE_09,41.887449,-87.590227,5.400301780729467,4.824786389767524,3.0286300592016797,19.431577525719376,contamination
2026-01-01 04:45:00,NODE_09,41.887449,-87.590227,7.293929250131249,4.403250064507214,3.2259043007954094,20.223488700542628,contamination
2026-01-01 05:00:00,NODE_09,41.887449,-87.590227,8.697122159630041,4.180567592572657,4.127557395545938,19.294643521564225,contamination
2026-01-01 05:15:00,NODE_09,41.887449,-87.590227,6.063354789891076,3.4673369148168574,5.4616339432379615,20.838915709296028,contamination
2026-01-01 05:30:00,NODE_09,41.887449,-87.590227,6.844141767435719,3.412853174713619,7.689038829514989,22.216705784867756,none
2026-01-01 05:45:00,NODE_09,41.887449,-87.590227,4.150214299745359,3.502370872206418,4.370191778657521,20.046762348444183,contamination
2026-01-01 06:00:00,NODE_09,41.887449,-87.590227,7.035455515887571,3.371680094416703,3.9876918460241835,22.75179783818533,contamination
2026-01-01 06:15:00,NODE_09,41.887449,-87.590227,7.036752103833548,4.344804944234699,6.770975205932842,22.17179974160619,none
2026-01-01 06:30:00,NODE_09,41.887449,-87.590227,8.016279103360878,4.308222881195557,7.992458295163447,23.65696805802776,none
2026-01-01 06:45:00,NODE_09,41.887449,-87.590227,3.641629777473381,3.464353035155024,3.7642461220101566,21.222900047678657,contamination
2026-01-01 07:00:00,NODE_09,41.887449,-87.590227,7.316804753880919,3.508372649783596,4.055654503041019,20.513398467145596,contamination
2026-01-01 07:15:00,NODE_09,41.887449,-87.590227,3.72250048593372,3.662837731991359,5.116845914352879,18.228008734777184,contamination
2026-01-01 07:30:00,NODE_09,41.887449,-87.590227,3.514545528745279,3.762615331099367,4.564652951732901,19.43333384720294,contamination
2026-01-01 07:45:00,NODE_09,41.887449,-87.590227,7.808641136495527,2.4727203251760423,6.87822464574948,20.29401004534365,none
2026-01-01 08:00:00,NODE_09,41.887449,-87.590227,7.036752103833548,3.1256087009088547,6.237559227325877,20.471603982850205,none
2026-01-01 08:15:00,NODE_09,41.887449,-87.590227,6.427720560503044,2.9044533996755977,7.463468512145643,24.128948132962265,none
2026-01-01 08:30:00,NODE_09,41.887449,-87.590227,5.519125656437607,3.758995860323916,5.2976052769875945,20.295399357257857,contamination
2026-01-01 08:45:00,NODE_09,41.887449,-87.590227,7.961721463165571,2.2869434947281544,6.606249495023771,17.953334595686602,none
2026-01-01 09:00:00,NODE_09,41.887449,-87.590227,4.86882713540531,3.2556001735668643,8.857926392402584,21.602720064759332,none
2026-01-01 09:15:00,NODE_09,41.887449,-87.590227,7.261550522070718,3.636364182680497,3.0583441511042437,21.5156118899965,contamination
2026-01-01 09:30:00,NODE_09,41.887449,-87.590227,8.215123506909467,4.511384048876486,6.524125776146357,19.917469972932693,none
2026-01-01 09:45:00,NODE_09,41.887449,-87.590227,5.470802484400142,2.962852429032913,6.595951958043417,23.797370216221438,none
2026-01-01 10:00:00,NODE_09,41.887449,-87.590227,9.792727768555451,3.729120401580513,6.842129227393782,17.760932947478125,none
2026-01-01 10:15:00,NODE_09,41.887449,-87.590227,5.53953369002387,3.755660187275043,8.997948804569138,22.48005017897431,none
2026-01-01 10:30:00,NODE_09,41.887449,-87.590227,7.036752103833548,4.516869764126983,6.804034501558792,20.16921947347547,none
2026-01-01 10:45:00,NODE_09,41.887449,-87.590227,5.089387791182689,3.0540452006756715,6.986405413735361,19.180237862173577,none
2026-01-01 11:00:00,NODE_09,41.887449,-87.590227,9.920691058768153,4.69070723013249,3.335803734404368,24.206461946498642,contamination
2026-01-01 11:15:00,NODE_09,41.887449,-87.590227,7.48279127635069,4.09474628637336,4.82851767301495,21.710909625029434,contamination
2026-01-01 11:30:00,NODE_09,41.887449,-87.590227,7.812804388310308,6.204846358828904,4.70529586299151,20.158206504795444,contamination
2026-01-01 11:45:00,NODE_09,41.887449,-87.590227,8.460963963587503,4.728493823388889,5.375979100217129,20.127718996293133,contamination
2026-01-01 12:00:00,NODE_09,41.887449,-87.590227,8.149437297610588,4.949257360747264,6.938047995083377,4.754119636820833,leak
2026-01-01 12:15:00,NODE_09,41.887449,-87.590227,5.69447554633745,4.107467119295052,3.7526204151483316,19.912919255714964,contamination
2026-01-01 12:30:00,NODE_09,41.887449,-87.590227,6.002414611941971,4.315308015041465,6.055939759244349,22.55527731650572,none
2026-01-01 12:45:00,NODE_09,41.887449,-87.590227,7.578014307935787,3.503818511432529,5.7265962189570105,20.73739261918638,contamination
2026-01-01 13:00:00,NODE_09,41.887449,-87.590227,8.24518659646861,4.125731794026834,5.355569653268524,22.132211207138106,contamination
2026-01-01 13:15:00,NODE_09,41.887449,-87.590227,8.775485733684196,4.393944466089358,8.327930549445727,20.917754047087513,none
2026-01-01 13:30:00,NODE_09,41.887449,-87.590227,7.205559174588729,3.710053125679874,5.836114948844333,21.91061702835402,contamination
2026-01-01 13:45:00,NODE_09,41.887449,-87.590227,7.077874006530455,4.764508264921448,3.171710080550428,22.624129157212224,contamination
2026-01-01 14:00:00,NODE_09,41.887449,-87.590227,7.444914014951037,2.571391505704419,6.929045874938854,23.12725927799106,none
2026-01-01 14:15:00,NODE_09,41.887449,-87.590227,5.504452320660907,4.657360934464802,3.1515221771484194,21.342284561022918,contamination
2026-01-01 14:30:00,NODE_09,41.887449,-87.590227,9.271355446767778,4.333952897530932,8.210415320162998,19.306043901130906,none
2026-01-01 14:45:00,NODE_09,41.887449,-87.590227,6.638411449233408,5.164056620303689,7.804160957945358,20.346991128299845,none
2026-01-01 15:00:00,NODE_09,41.887449,-87.590227,7.035455515887571,3.510004044590529,3.7881628306839086,20.566657725675572,contamination
2026-01-01 15:15:00,NODE_09,41.887449,-87.590227,7.171223722909929,2.2090917998705097,4.416745496835476,19.746051272474602,contamination
2026-01-01 15:30:00,NODE_09,41.887449,-87.590227,5.808238633928169,4.819063730480007,3.9729866374108997,19.495633195087184,contamination
2026-01-01 15:45:00,NODE_09,41.887449,-87.590227,8.091812332148193,4.370031238360665,5.856431751229055,20.86761538340813,contamination
2026-01-01 16:00:00,NODE_09,41.887449,-87.590227,7.036752103833548,4.003819011511167,7.100417655420017,19.130903072430915,none
2026-01-01 16:15:00,NODE_09,41.887449,-87.590227,8.544708661673045,2.3181524802481963,7.2081349489551005,18.83976379358362,none
2026-01-01 16:30:00,NODE_09,41.887449,-87.590227,10.509668629307154,3.505078834160683,4.762880959845326,18.064210782404977,contamination
2026-01-01 16:45:00,NODE_09,41.887449,-87.590227,9.04258286604996,4.348440139653611,5.461775367972445,21.326369571845635,contamination
2026-01-01 17:00:00,NODE_09,41.887449,-87.590227,8.165714932759002,3.920116479963848,8.25842698353303,21.117736496814477,none
2026-01-01 17:15:00,NODE_09,41.887449,-87.590227,8.651023362891474,3.644278971793858,8.469805959344317,20.118851274732762,none
2026-01-01 17:30:00,NODE_09,41.887449,-87.590227,7.725192099493611,4.1633255369929305,8.638190979917653,22.09721144324549,none
2026-01-01 17:45:00,NODE_09,41.887449,-87.590227,5.251353815475827,4.072252323176482,7.463156604946109,19.107650493609434,none
2026-01-01 18:00:00,NODE_09,41.887449,-87.590227,9.239440361060408,3.471971127332792,7.891908571588951,21.17717569057535,none
2026-01-01 18:15:00,NODE_09,41.887449,-87.590227,7.709106359864045,4.235108119828695,3.223003826658214,20.68710957024573,contamination
2026-01-01 18:30:00,NODE_09,41.887449,-87.590227,8.052893916459475,3.6348445415750232,7.46411467284525,19.494844021583354,none
2026-01-01 18:45:00,NODE_09,41.887449,-87.590227,7.678966888683202,3.7189815585763055,6.464447264615206,19.867050884897754,none
2026-01-01 19:00:00,NODE_09,41.887449,-87.590227,7.036752103833548,4.26852451986332,7.108929352867564,19.751620559510847,none
2026-01-01 19:15:00,NODE_09,41.887449,-87.590227,11.62114013448698,3.472067461528145,5.13864710803421,20.98499548318468,contamination
2026-01-01 19:30:00,NODE_09,41.887449,-87.590227,6.255149748918091,3.146482535996279,4.17872800681468,21.49600784007584,contamination
2026-01-01 19:45:00,NODE_09,41.887449,-87.590227,9.663653196397622,4.741944304660503,7.714909853922398,19.96627378232062,none
2026-01-01 20:00:00,NODE_09,41.887449,-87.590227,7.951451170491509,3.886882385706481,8.708629941188988,19.537707743416053,none
2026-01-01 20:15:00,NODE_09,41.887449,-87.590227,7.036752103833548,3.7795544920225694,7.1834538940425166,20.811697722382647,none
2026-01-01 20:30:00,NODE_09,41.887449,-87.590227,7.935607325113079,3.61965073748165,8.943393587134652,18.12823777832983,none
2026-01-01 20:45:00,NODE_09,41.887449,-87.590227,8.928142080209764,4.111101546196108,8.277084144153608,20.65740072925592,none
2026-01-01 21:00:00,NODE_09,41.887449,-87.590227,9.58789502997377,4.666916974276835,5.039114335730502,22.948527756375043,contamination
2026-01-01 21:15:00,NODE_09,41.887449,-87.590227,7.035455515887571,4.161749271319296,4.710544895264082,19.54991962427304,contamination
2026-01-01 21:30:00,NODE_09,41.887449,-87.590227,6.412707041754053,5.014144884495,4.8305880269575034,20.34058178948009,contamination
2026-01-01 21:45:00,NODE_09,41.887449,-87.590227,8.523062078756436,5.112376365006609,5.827114318405243,22.14270715354618,contamination
2026-01-01 22:00:00,NODE_09,41.887449,-87.590227,7.035455515887571,5.110414148991792,5.364602789600118,21.737874541205237,contamination
2026-01-01 22:15:00,NODE_09,41.887449,-87.590227,6.109073311509666,4.881101138250652,3.0721237120993132,20.69862315217979,contamination
2026-01-01 22:30:00,NODE_09,41.887449,-87.590227,7.815121777828159,3.096163272201657,4.602419088407092,20.518071740497348,contamination
2026-01-01 22:45:00,NODE_09,41.887449,-87.590227,5.386307352101625,3.6625634650940575,5.065015234639695,18.752528166540266,contamination
2026-01-01 23:00:00,NODE_09,41.887449,-87.590227,7.457164758414311,4.106543051529011,5.246095435317465,21.342593760939213,contamination
2026-01-01 23:15:00,NODE_09,41.887449,-87.590227,7.291957039597602,4.237643894270578,3.63942635794181,18.590802010975406,contamination
2026-01-01 23:30:00,NODE_09,41.887449,-87.590227,4.552238410542729,3.932804333605565,5.601532063354057,17.508087221410726,contamination
2026-01-01 23:45:00,NODE_09,41.887449,-87.590227,6.8983413301771686,5.371284155719341,5.867529441525491,22.118019133767415,contamination
2026-01-02 00:00:00,NODE_09,41.887449,-87.590227,9.606858896121905,4.405351951779622,3.7101459175346094,21.18634397718218,contamination
2026-01-02 00:15:00,NODE_09,41.887449,-87.590227,4.775983438506525,4.382161618971923,5.647846372551737,21.925468072179306,contamination
2026-01-02 00:30:00,NODE_09,41.887449,-87.590227,5.6792341150880805,2.3395727358561844,3.290936287548286,19.501100048690528,contamination
2026-01-02 00:45:00,NODE_09,41.887449,-87.590227,7.952929115572246,5.260014766135651,7.627643586901938,21.30541047885591,none
2026-01-02 01:00:00,NODE_09,41.887449,-87.590227,7.971298747449369,2.439140008548254,3.387671400308248,19.947262681643192,contamination
2026-01-02 01:15:00,NODE_09,41.887449,-87.590227,6.145242939675406,4.090939919526503,3.173223238401108,20.11500055014989,contamination
2026-01-02 01:30:00,NODE_09,41.887449,-87.590227,7.207538608272426,4.295189193307992,5.535036711467328,22.066495715876865,contamination
2026-01-02 01:45:00,NODE_09,41.887449,-87.590227,10.316400384553162,3.4073494284238364,3.1771504333748157,20.38117758979042,contamination
2026-01-02 02:00:00,NODE_09,41.887449,-87.590227,7.734569203344947,3.821455974564911,3.8149925740909665,19.561285841453287,contamination
2026-01-02 02:15:00,NODE_09,41.887449,-87.590227,7.157337864026239,5.183622114589742,3.311269030607569,18.557586896425185,contamination
2026-01-02 02:30:00,NODE_09,41.887449,-87.590227,5.772197393568782,3.0789858386712936,3.886266108941295,21.14689859338321,contamination
2026-01-02 02:45:00,NODE_09,41.887449,-87.590227,6.760790523068997,4.905490433324554,3.2716784028027615,22.19507878073278,contamination
2026-01-02 03:00:00,NODE_09,41.887449,-87.590227,8.269944709732332,3.076479932155731,5.004009752229042,19.43117194451748,contamination
2026-01-02 03:15:00,NODE_09,41.887449,-87.590227,6.243279004222159,3.472839212514484,3.3999804490277254,21.639332931656373,contamination
2026-01-02 03:30:00,NODE_09,41.887449,-87.590227,6.492638846153852,4.667770161467155,5.555537777516664,19.191696556492296,contamination
2026-01-02 03:45:00,NODE_09,41.887449,-87.590227,8.313773604321764,4.290071516364875,5.4515731521799236,21.72981798453649,contamination
2026-01-02 04:00:00,NODE_09,41.887449,-87.590227,6.898932481849855,3.688455553387866,3.040985056411828,20.655236226584698,contamination
2026-01-02 04:15:00,NODE_09,41.887449,-87.590227,7.672909522943807,4.268227481536438,8.781619394372493,21.007618788437284,none
2026-01-02 04:30:00,NODE_09,41.887449,-87.590227,9.146557555894002,3.210881938583371,7.765758292047763,19.559749007124097,none
2026-01-02 04:45:00,NODE_09,41.887449,-87.590227,7.035455515887571,3.313199021657446,3.71893735487267,21.142190824822787,contamination
2026-01-02 05:00:00,NODE_09,41.887449,-87.590227,6.985192202008131,4.246201594896596,7.953530882230854,19.70933366759055,none
2026-01-02 05:15:00,NODE_09,41.887449,-87.590227,7.735705021751655,2.1486115361452747,4.007530461117948,19.985354291390102,contamination
2026-01-02 05:30:00,NODE_09,41.887449,-87.590227,5.791154373453377,4.104834816564649,4.541599577139815,18.329423059770747,contamination
2026-01-02 05:45:00,NODE_09,41.887449,-87.590227,7.035455515887571,3.1340001497974344,5.389934607045414,19.44763628831481,contamination
2026-01-02 06:00:00,NODE_09,41.887449,-87.590227,7.6021214747799855,3.6988747689394295,4.013944651409508,19.817621575205713,contamination
2026-01-02 06:15:00,NODE_09,41.887449,-87.590227,6.613709117641848,3.539771111373992,5.11647007401935,21.07507879855062,contamination
2026-01-02 06:30:00,NODE_09,41.887449,-87.590227,6.427512442841498,6.032994877321904,3.562513371356941,21.499348192959324,contamination
2026-01-02 06:45:00,NODE_09,41.887449,-87.590227,4.07760772456597,2.758658531189276,5.251795370232379,19.693966864959375,contamination
2026-01-02 07:00:00,NODE_09,41.887449,-87.590227,8.369154353699956,3.629749330548915,3.7079898177277126,20.35919772224911,contamination
2026-01-02 07:15:00,NODE_09,41.887449,-87.590227,5.746529194455349,3.808372006211507,3.4306342678313038,23.135442426284165,contamination
2026-01-02 07:30:00,NODE_09,41.887449,-87.590227,5.276323544024682,3.883029041117391,3.5562265511221627,20.802527374219764,contamination
2026-01-02 07:45:00,NODE_09,41.887449,-87.590227,8.077260885586492,4.279871302319948,8.921341502936787,19.80052586298666,none
2026-01-02 08:00:00,NODE_09,41.887449,-87.590227,6.208015539719022,4.334615732320451,4.538588638130974,18.086391389308574,contamination
2026-01-02 08:15:00,NODE_09,41.887449,-87.590227,10.19166523931888,3.403422697598267,5.534392743564438,19.324980759538672,contamination
2026-01-02 08:30:00,NODE_09,41.887449,-87.590227,6.817608380056349,3.0482920601678845,8.793361355830053,19.266560102476774,none
2026-01-02 08:45:00,NODE_09,41.887449,-87.590227,7.948815718151566,3.692250861269816,5.120868955480268,23.57267511019308,contamination
2026-01-02 09:00:00,NODE_09,41.887449,-87.590227,7.833980482334359,4.254477177044036,4.963039378958573,19.333178246153025,contamination
2026-01-02 09:15:00,NODE_09,41.887449,-87.590227,5.187471605436375,3.2032578962619933,5.6175598554880875,20.68242892209988,contamination
2026-01-02 09:30:00,NODE_09,41.887449,-87.590227,9.76925100608684,4.636556195256859,3.7324426815207215,21.162000867910827,contamination
2026-01-02 09:45:00,NODE_09,41.887449,-87.590227,7.035455515887571,5.284233272110425,4.350329576055088,22.265651917120884,contamination
2026-01-02 10:00:00,NODE_09,41.887449,-87.590227,7.035455515887571,2.9341370013330885,5.777482123330552,20.617900892381414,contamination
2026-01-02 10:15:00,NODE_09,41.887449,-87.590227,6.93781878337901,3.724089564346497,4.979980350405952,19.840392768191464,contamination
2026-01-02 10:30:00,NODE_09,41.887449,-87.590227,7.436782609345538,3.727663719207471,4.1663052385847905,19.741059702222685,contamination
2026-01-02 10:45:00,NODE_09,41.887449,-87.590227,7.027185659271876,5.353043339815189,3.3942371485658054,21.140434518612246,contamination
2026-01-02 11:00:00,NODE_09,41.887449,-87.590227,9.13079589890256,3.0257073692803504,3.787455023701773,19.579355343282778,contamination
2026-01-02 11:15:00,NODE_09,41.887449,-87.590227,9.370696575357568,4.3807969416857615,6.511101752344594,18.949592815484365,none
2026-01-02 11:30:00,NODE_09,41.887449,-87.590227,9.393148441549062,4.665681059368009,7.4991170200039665,19.840108046846915,none
2026-01-02 11:45:00,NODE_09,41.887449,-87.590227,4.666148130914806,4.55686375232757,7.781821862830216,18.61913801778853,none
2026-01-02 12:00:00,NODE_09,41.887449,-87.590227,9.869231934989052,4.736849577023042,6.445205089458646,23.38178940637341,none
2026-01-02 12:15:00,NODE_09,41.887449,-87.590227,5.143587480040672,3.0961644901713825,4.651053836516253,21.500693594699577,contamination
2026-01-02 12:30:00,NODE_09,41.887449,-87.590227,7.036752103833548,3.900508521463043,8.713204309550857,5.210586189482715,leak
2026-01-02 12:45:00,NODE_09,41.887449,-87.590227,7.036752103833548,3.4975773906550995,8.996697861138516,21.334018584703244,none
2026-01-02 13:00:00,NODE_09,41.887449,-87.590227,5.226941884272904,2.2595502886491894,5.512348785250385,22.89275407465636,contamination
2026-01-02 13:15:00,NODE_09,41.887449,-87.590227,8.075494507899103,3.682919645453329,8.645023530860616,21.157061525676387,none
2026-01-02 13:30:00,NODE_09,41.887449,-87.590227,5.602158585181398,4.067048744823668,5.667036570332878,21.695136511085515,contamination
2026-01-02 13:45:00,NODE_09,41.887449,-87.590227,6.492403121956253,4.383394691806273,3.481900837855652,17.40528598978074,contamination
2026-01-02 14:00:00,NODE_09,41.887449,-87.590227,7.035455515887571,3.170543086971916,3.5190716092534933,19.234370134128227,contamination
2026-01-02 14:15:00,NODE_09,41.887449,-87.590227,6.618010905584669,4.437695749140042,7.945581080472609,20.66125619247647,none
2026-01-02 14:30:00,NODE_09,41.887449,-87.590227,4.016590232603383,4.417134152553989,3.358592608641233,20.697646176777347,contamination
2026-01-02 14:45:00,NODE_09,41.887449,-87.590227,9.80272078232571,2.764633881427262,7.8186067608309955,20.49129300158326,none
2026-01-02 15:00:00,NODE_09,41.887449,-87.590227,8.322986672402298,4.052135727552661,7.57127548965855,21.285357445228566,none
2026-01-02 15:15:00,NODE_09,41.887449,-87.590227,7.035455515887571,4.456104061234216,5.465257250956171,21.347168936487485,contamination
2026-01-02 15:30:00,NODE_09,41.887449,-87.590227,5.726336215779158,3.912289081846988,3.416906975659874,21.903538255224273,contamination
2026-01-02 15:45:00,NODE_09,41.887449,-87.590227,6.040281662132799,5.7615803220339,5.241892672679571,21.60935481124872,contamination
2026-01-02 16:00:00,NODE_09,41.887449,-87.590227,5.492155982957838,3.294129366085436,3.1437416037400014,22.411995628958753,contamination
2026-01-02 16:15:00,NODE_09,41.887449,-87.590227,7.036752103833548,1.922376882636882,6.017772196362007,22.42421495573223,none
2026-01-02 16:30:00,NODE_09,41.887449,-87.590227,8.064170137236562,3.246077223248075,5.133480262583299,20.86786120290556,contamination
2026-01-02 16:45:00,NODE_09,41.887449,-87.590227,5.188776875456335,3.769503907225608,6.189481584492418,23.72833771243897,none
2026-01-02 17:00:00,NODE_09,41.887449,-87.590227,7.036752103833548,4.709676028114963,8.740532900493724,22.644860331974936,none
2026-01-02 17:15:00,NODE_09,41.887449,-87.590227,7.038092305552901,4.237697607399104,4.542245762298556,19.39543817289421,contamination
2026-01-02 17:30:00,NODE_09,41.887449,-87.590227,6.539115261496296,4.21167195883605,7.37848732459323,21.19476952617845,none
2026-01-02 17:45:00,NODE_09,41.887449,-87.590227,9.01210031314688,4.962329207225059,4.567490426671766,17.84193731671909,contamination
2026-01-02 18:00:00,NODE_09,41.887449,-87.590227,7.036752103833548,3.574605162201768,7.882518462605299,4.092666936662429,leak
2026-01-02 18:15:00,NODE_09,41.887449,-87.590227,7.278910903182803,4.201577246628757,8.35322434985461,19.85662303408887,none
2026-01-02 18:30:00,NODE_09,41.887449,-87.590227,8.332953484844603,3.40829958802318,4.2153241637635706,19.292697136596892,contamination
2026-01-02 18:45:00,NODE_09,41.887449,-87.590227,5.499787730339284,3.668220482707948,3.008124449461356,19.86585010448113,contamination
2026-01-02 19:00:00,NODE_09,41.887449,-87.590227,7.4943911014551485,3.579651838079742,8.717920990527782,21.09860532318739,none
2026-01-02 19:15:00,NODE_09,41.887449,-87.590227,8.759488714536651,2.8895781098103392,4.142671087873987,22.443799988367108,contamination
2026-01-02 19:30:00,NODE_09,41.887449,-87.590227,7.035455515887571,3.611330374366964,4.488128178049749,22.363492434302174,contamination
2026-01-02 19:45:00,NODE_09,41.887449,-87.590227,4.4770917139584885,4.32768028988057,3.023299926461906,21.22565513504447,contamination
2026-01-02 20:00:00,NODE_09,41.887449,-87.590227,9.58118852272883,3.9291775435011354,4.476276031050293,18.97518540099933,contamination
2026-01-02 20:15:00,NODE_09,41.887449,-87.590227,5.98501245091746,3.764099673513571,7.518249287221533,19.769782347642874,none
2026-01-02 20:30:00,NODE_09,41.887449,-87.590227,7.036752103833548,3.392134168351501,8.151657693031261,21.56163951770333,none
2026-01-02 20:45:00,NODE_09,41.887449,-87.590227,6.758851697206596,3.639971875965876,8.498794945178744,19.36668977728199,none
2026-01-02 21:00:00,NODE_09,41.887449,-87.590227,6.865125275334593,3.955153709667539,5.0615699894060295,18.70548942324673,contamination
2026-01-02 21:15:00,NODE_09,41.887449,-87.590227,7.010243375540365,3.279006327178673,5.444381002570976,21.34434021799875,contamination
2026-01-02 21:30:00,NODE_09,41.887449,-87.590227,6.648005459996722,3.829783554180682,4.252174872018301,20.533320574715752,contamination
2026-01-02 21:45:00,NODE_09,41.887449,-87.590227,8.733525329569868,3.149201800222124,6.094860114712392,20.289485969881827,none
2026-01-02 22:00:00,NODE_09,41.887449,-87.590227,6.2033225076896565,3.487920050688021,5.813477399955201,22.270567433071037,contamination
2026-01-02 22:15:00,NODE_09,41.887449,-87.590227,10.14708957613564,2.799440618470093,5.031434900015007,22.239076655068054,contamination
2026-01-02 22:30:00,NODE_09,41.887449,-87.590227,4.334057805514532,2.6135320972149896,3.3570639134794233,23.27754151570147,contamination
2026-01-02 22:45:00,NODE_09,41.887449,-87.590227,8.388322494203614,3.85477151639589,3.206783634403946,19.628746844582892,contamination
2026-01-02 23:00:00,NODE_09,41.887449,-87.590227,6.028101118266446,4.080786271348128,8.102276002319147,4.8064744834240924,leak
2026-01-02 23:15:00,NODE_09,41.887449,-87.590227,7.539337775748651,5.114128667825761,3.6602701981418173,20.63437723542854,contamination
2026-01-02 23:30:00,NODE_09,41.887449,-87.590227,5.945988643250958,3.7933292763371305,8.827808101454242,21.113338277210534,none
2026-01-02 23:45:00,NODE_09,41.887449,-87.590227,5.324641431045321,3.652003355217872,8.496573456922672,18.90429276591515,none
2026-01-03 00:00:00,NODE_09,41.887449,-87.590227,6.21758491448443,4.15016690975386,7.870171161081142,18.502154527939695,none
2026-01-03 00:15:00,NODE_09,41.887449,-87.590227,5.166225969826906,4.608319394330376,5.146092345686669,20.54554032524931,contamination
2026-01-03 00:30:00,NODE_09,41.887449,-87.590227,7.036752103833548,4.108856703319134,6.641220786183366,19.34209564463137,none
2026-01-03 00:45:00,NODE_09,41.887449,-87.590227,7.793039171409166,3.389270098308859,5.280984664212413,22.013175960419446,contamination
2026-01-03 01:00:00,NODE_09,41.887449,-87.590227,6.4182030571970845,2.6709767469328685,7.2740370372553755,18.354848478554615,none
2026-01-03 01:15:00,NODE_09,41.887449,-87.590227,6.460033522100627,3.535597778692289,6.458885611817231,18.478563198723094,none
2026-01-03 01:30:00,NODE_09,41.887449,-87.590227,7.575757883896304,3.176432526006715,4.527406238764797,19.98087081671923,contamination
2026-01-03 01:45:00,NODE_09,41.887449,-87.590227,6.645657377741357,4.17065776273292,3.417958447134139,18.298752020693147,contamination
2026-01-03 02:00:00,NODE_09,41.887449,-87.590227,8.257596524670312,4.528574925440666,8.932275125068266,23.119869227738505,none
2026-01-03 02:15:00,NODE_09,41.887449,-87.590227,7.873271692669199,3.306392909436918,5.6147576485872195,20.331488468688075,contamination
2026-01-03 02:30:00,NODE_09,41.887449,-87.590227,6.010617576533585,4.867287404331263,7.44201033691523,19.70166347154647,none
2026-01-03 02:45:00,NODE_09,41.887449,-87.590227,6.865568515027833,4.916218246161076,7.3439863640066045,21.307810568031993,none
2026-01-03 03:00:00,NODE_09,41.887449,-87.590227,6.129069622155112,3.837639089504538,6.362338567297736,21.931637333623627,none
2026-01-03 03:15:00,NODE_09,41.887449,-87.590227,5.648628537607859,5.370004183346351,5.1498188968800935,20.916302881218943,contamination
2026-01-03 03:30:00,NODE_09,41.887449,-87.590227,7.283913577235948,3.571862512137936,4.075984089079377,20.503727290254417,contamination
2026-01-03 03:45:00,NODE_09,41.887449,-87.590227,9.149126710275947,4.8056412110796805,3.8033774235679014,19.130655142536316,contamination
2026-01-03 04:00:00,NODE_09,41.887449,-87.590227,7.1910248566863455,4.270645692708772,4.296693178513525,21.55222850797434,contamination
2026-01-03 04:15:00,NODE_09,41.887449,-87.590227,7.035455515887571,4.296188762920464,3.2744625551623763,22.730919164871807,contamination
2026-01-03 04:30:00,NODE_09,41.887449,-87.590227,8.289224270217973,4.291001305314759,5.239809613932612,20.276284897291575,contamination
2026-01-03 04:45:00,NODE_09,41.887449,-87.590227,7.05139642582078,3.17209111406215,3.037789203815361,19.33268627912598,contamination
2026-01-03 05:00:00,NODE_09,41.887449,-87.590227,5.1743459983462,3.689144992138577,4.933455184561781,20.878108180843554,contamination
2026-01-03 05:15:00,NODE_09,41.887449,-87.590227,9.341091803370398,4.598786500022123,3.548593580264617,20.609839370593345,contamination
2026-01-03 05:30:00,NODE_09,41.887449,-87.590227,6.396569931080612,4.188249712324068,3.6972121386432395,18.78133595573145,contamination
2026-01-03 05:45:00,NODE_09,41.887449,-87.590227,7.035455515887571,3.500848661792521,4.90689599592012,19.85183148078057,contamination
2026-01-03 06:00:00,NODE_09,41.887449,-87.590227,7.035455515887571,2.0288751732864254,5.978830397348721,23.288593181559907,contamination
2026-01-03 06:15:00,NODE_09,41.887449,-87.590227,6.175164949384786,3.3413692911239643,5.333152467217652,18.584532228928868,contamination
2026-01-03 06:30:00,NODE_09,41.887449,-87.590227,8.240945815161524,4.666295331297613,3.677518896670176,19.56993399945587,contamination
2026-01-03 06:45:00,NODE_09,41.887449,-87.590227,7.399811393921775,3.803723817903262,3.5280742651234016,19.18279446780687,contamination
2026-01-03 07:00:00,NODE_09,41.887449,-87.590227,6.023022741325022,3.668088579274877,5.598698610803011,19.31541476630509,contamination
2026-01-03 07:15:00,NODE_09,41.887449,-87.590227,5.690387424364925,2.9886210311193224,4.332551843764513,19.937649938353232,contamination
2026-01-03 07:30:00,NODE_09,41.887449,-87.590227,6.317576553625639,3.399047913765313,3.411158408484466,21.278437681784403,contamination
2026-01-03 07:45:00,NODE_09,41.887449,-87.590227,7.035455515887571,4.69101750323518,5.586634269965814,22.56870832552421,contamination
2026-01-03 08:00:00,NODE_09,41.887449,-87.590227,7.035455515887571,3.669056835904268,5.448277058742784,20.91084692048499,contamination
2026-01-03 08:15:00,NODE_09,41.887449,-87.590227,6.1574431448430325,4.770154312108588,5.951719091691491,19.579291797847212,contamination
2026-01-03 08:30:00,NODE_09,41.887449,-87.590227,7.035455515887571,3.9868823350112574,5.729231060138051,22.915737248427998,contamination
2026-01-03 08:45:00,NODE_09,41.887449,-87.590227,6.890274539026094,4.100696951091244,5.555371015981625,17.503019248086257,contamination
2026-01-03 09:00:00,NODE_09,41.887449,-87.590227,8.97932285265221,4.264944045592401,3.1577231934330094,21.616081758810747,contamination
2026-01-03 09:15:00,NODE_09,41.887449,-87.590227,7.375337619892639,5.127394948805861,3.3132461084943543,19.065726601049317,contamination
2026-01-03 09:30:00,NODE_09,41.887449,-87.590227,8.157518082656166,4.469430538245373,4.706949582912369,20.529479763396967,contamination
2026-01-03 09:45:00,NODE_09,41.887449,-87.590227,7.035455515887571,3.434798594981862,4.594437738845462,21.4505144209186,contamination
2026-01-03 10:00:00,NODE_09,41.887449,-87.590227,7.035455515887571,2.8135267561051323,4.3738896434686065,18.19780036501779,contamination
2026-01-03 10:15:00,NODE_09,41.887449,-87.590227,9.33823501843064,1.872572600841316,4.190367976243753,20.81834525696904,contamination
2026-01-03 10:30:00,NODE_09,41.887449,-87.590227,8.337696200697742,3.454197456668698,4.293631454592987,20.933580131462804,contamination
2026-01-03 10:45:00,NODE_09,41.887449,-87.590227,7.29008857213943,4.700618335949317,4.707893802404386,22.799371052837554,contamination
2026-01-03 11:00:00,NODE_09,41.887449,-87.590227,7.035455515887571,3.5584448016334145,3.0062295528002436,24.678588505426287,contamination
2026-01-03 11:15:00,NODE_09,41.887449,-87.590227,7.035455515887571,4.688955206670496,3.7821263223985566,18.27640982098618,contamination
2026-01-03 11:30:00,NODE_09,41.887449,-87.590227,6.09001605715742,2.9435217121887867,4.554839162066133,22.731595055341312,contamination
2026-01-03 11:45:00,NODE_09,41.887449,-87.590227,7.127711209793025,3.396184931416361,5.166648296020939,20.549044178382868,contamination
2026-01-03 12:00:00,NODE_09,41.887449,-87.590227,7.81965915392936,2.402337210865,3.522470077186189,19.393007670894367,contamination
2026-01-03 12:15:00,NODE_09,41.887449,-87.590227,9.393891652231943,3.0485658663001405,4.640643521362299,21.159444284975265,contamination
2026-01-03 12:30:00,NODE_09,41.887449,-87.590227,6.946717558359831,4.934986029609845,5.143379051657345,18.65242743606303,contamination
2026-01-03 12:45:00,NODE_09,41.887449,-87.590227,6.770095146347258,5.203461367345384,6.333189909844964,18.741945578886472,none
2026-01-03 13:00:00,NODE_09,41.887449,-87.590227,6.187938053993094,3.5461832023705098,3.0812434010101533,18.00312657224513,contamination
2026-01-03 13:15:00,NODE_09,41.887449,-87.590227,7.002479940695225,3.352436318240986,4.34780447539691,21.424998044777357,contamination
2026-01-03 13:30:00,NODE_09,41.887449,-87.590227,8.303831038249468,3.3926567014093307,3.8893346632324595,21.09638226712148,contamination
2026-01-03 13:45:00,NODE_09,41.887449,-87.590227,7.095569331079976,4.861276291728905,5.7889488231039845,19.384288987001938,contamination
2026-01-03 14:00:00,NODE_09,41.887449,-87.590227,7.191962028701999,4.1027190407929215,3.373840157034982,22.89126725012998,contamination
2026-01-03 14:15:00,NODE_09,41.887449,-87.590227,7.880685942702883,3.579983811082845,6.4906651152414545,19.611430994840312,none
2026-01-03 14:30:00,NODE_09,41.887449,-87.590227,5.573201156513374,3.59962466050966,3.1581592990035032,22.530348920810873,contamination
2026-01-03 14:45:00,NODE_09,41.887449,-87.590227,6.6227913564466245,5.609290809737711,7.356823536867417,20.788985845142825,none
2026-01-03 15:00:00,NODE_09,41.887449,-87.590227,7.37128987660506,4.084696775133466,4.661938461660242,19.59131204507557,contamination
2026-01-03 15:15:00,NODE_09,41.887449,-87.590227,10.202971547604776,3.2709037528479668,3.8938647939505966,20.433392424720157,contamination
2026-01-03 15:30:00,NODE_09,41.887449,-87.590227,6.914868152466825,2.9886114436022857,4.365226906561153,18.725250721248226,contamination
2026-01-03 15:45:00,NODE_09,41.887449,-87.590227,8.764495619256667,5.790838006076015,6.340761952136025,20.930964574158917,none
2026-01-03 16:00:00,NODE_09,41.887449,-87.590227,7.288112706816173,3.626989960403898,7.024578226264092,20.65168964863808,none
2026-01-03 16:15:00,NODE_09,41.887449,-87.590227,8.470545998692103,2.9358019953242778,4.863318974730609,21.397035721268164,contamination
2026-01-03 16:30:00,NODE_09,41.887449,-87.590227,5.4985146932294855,3.074815427836984,7.527667614981234,21.92459311921962,none
2026-01-03 16:45:00,NODE_09,41.887449,-87.590227,7.766114454212289,4.3999023132719,5.699229235226615,20.779288194872322,contamination
2026-01-03 17:00:00,NODE_09,41.887449,-87.590227,7.295141331699135,5.056104024299176,7.069159435569085,18.39138204742632,none
2026-01-03 17:15:00,NODE_09,41.887449,-87.590227,7.63526469216248,3.9483035163532407,6.970463284929438,22.004409528302084,none
2026-01-03 17:30:00,NODE_09,41.887449,-87.590227,7.040394956072289,3.93191655326223,6.069440315745025,20.62786047976201,none
2026-01-03 17:45:00,NODE_09,41.887449,-87.590227,8.433974835689948,3.1677123526669337,4.498645005614014,17.76477061299745,contamination
2026-01-03 18:00:00,NODE_09,41.887449,-87.590227,8.228563824612493,2.7819441082828664,5.294328726375268,21.070286735539472,contamination
2026-01-03 18:15:00,NODE_09,41.887449,-87.590227,8.66569208287077,3.494032184477464,3.796672794037241,21.18355049045494,contamination
2026-01-03 18:30:00,NODE_09,41.887449,-87.590227,6.328553081263288,3.2658541365015537,8.29297200062011,20.068145068197023,none
2026-01-03 18:45:00,NODE_09,41.887449,-87.590227,8.305063984234739,4.461210732047676,3.7554202981526443,20.309109244336838,contamination
2026-01-03 19:00:00,NODE_09,41.887449,-87.590227,7.036752103833548,3.842113986103596,7.01698191048472,19.712966862497456,none
2026-01-03 19:15:00,NODE_09,41.887449,-87.590227,6.567759613267086,3.824428038818539,6.440726727068781,21.230054548865954,none
2026-01-03 19:30:00,NODE_09,41.887449,-87.590227,7.657541728081206,4.792527452455119,7.656482480913038,20.81585160708183,none
2026-01-03 19:45:00,NODE_09,41.887449,-87.590227,7.036752103833548,4.032267338593523,8.258451078266429,19.243521479155856,none
2026-01-03 20:00:00,NODE_09,41.887449,-87.590227,6.452780750232393,3.425065096273418,3.889612768860786,23.03282039777488,contamination
2026-01-03 20:15:00,NODE_09,41.887449,-87.590227,7.781663759793227,4.822967485351244,6.656383054730168,19.607159925603575,none
2026-01-03 20:30:00,NODE_09,41.887449,-87.590227,5.729689120388078,5.100552354171285,7.56580489219373,16.546086842870217,none
2026-01-03 20:45:00,NODE_09,41.887449,-87.590227,7.036752103833548,3.735204450885166,6.466029907530051,19.899853175203805,none
2026-01-03 21:00:00,NODE_09,41.887449,-87.590227,7.717076952182754,4.967975792277656,7.999840159782854,22.152270881647,none
2026-01-03 21:15:00,NODE_09,41.887449,-87.590227,4.941972156828116,5.076146746327639,7.816030883832692,20.296066474767603,none
2026-01-03 21:30:00,NODE_09,41.887449,-87.590227,8.3043346530985,4.181254134458123,6.261246148774286,18.153694862466093,none
2026-01-03 21:45:00,NODE_09,41.887449,-87.590227,6.069363893970801,4.914809132195682,4.465627399320772,19.063727363817723,contamination
2026-01-03 22:00:00,NODE_09,41.887449,-87.590227,6.584813111444327,4.404132196402706,4.572588813189922,4.293927782722421,leak
2026-01-03 22:15:00,NODE_09,41.887449,-87.590227,6.444555170207262,3.551905359086965,6.882881321966222,19.742935161963572,none
2026-01-03 22:30:00,NODE_09,41.887449,-87.590227,4.238282524808328,3.787425889312188,6.259337259520196,20.21330706490226,none
2026-01-03 22:45:00,NODE_09,41.887449,-87.590227,8.647454007366981,3.62410065900245,5.7319949861516655,21.346646442993443,contamination
2026-01-03 23:00:00,NODE_09,41.887449,-87.590227,11.53488049111763,3.00009623919435,4.307016198366871,20.798522587034363,contamination
2026-01-03 23:15:00,NODE_09,41.887449,-87.590227,7.033495055020295,3.678957092279025,7.378798648914671,20.870470202700695,none
2026-01-03 23:30:00,NODE_09,41.887449,-87.590227,8.064652809050983,3.3241126143010957,6.710438782361308,23.274894218233978,none
2026-01-03 23:45:00,NODE_09,41.887449,-87.590227,8.19221015591042,3.4892830784252853,4.929313057853551,21.89710854006489,contamination
2026-01-04 00:00:00,NODE_09,41.887449,-87.590227,6.906574998425876,3.2827495033578318,3.9472302074521113,21.765071525048462,contamination
2026-01-04 00:15:00,NODE_09,41.887449,-87.590227,7.035455515887571,2.909606161949619,4.864556172102145,17.886121610445755,contamination
2026-01-04 00:30:00,NODE_09,41.887449,-87.590227,6.810344849129398,4.115695843709358,3.6595858691069307,19.47815613335655,contamination
2026-01-04 00:45:00,NODE_09,41.887449,-87.590227,6.3594313098556325,3.636494910947968,6.4101668291203975,18.2103285359302,none
2026-01-04 01:00:00,NODE_09,41.887449,-87.590227,7.617033493510344,4.299543395683084,7.2500845190204,19.452285317824092,none
2026-01-04 01:15:00,NODE_09,41.887449,-87.590227,7.397562417753871,2.4593368407245317,3.4006026994822482,21.798164598624677,contamination
2026-01-04 01:30:00,NODE_09,41.887449,-87.590227,7.036752103833548,3.888177383128361,7.602741332161149,20.016621698716072,none
2026-01-04 01:45:00,NODE_09,41.887449,-87.590227,7.036752103833548,4.492387447051166,8.52579202343776,22.214526922332396,none
2026-01-04 02:00:00,NODE_09,41.887449,-87.590227,7.444165851996699,3.820865704129012,7.750266045549005,21.645567332686753,none
2026-01-04 02:15:00,NODE_09,41.887449,-87.590227,8.142660400879283,4.617093489122915,6.184670032799998,20.68154368965056,none
2026-01-04 02:30:00,NODE_09,41.887449,-87.590227,7.036752103833548,2.619420878956215,7.966247090408565,22.249934143722985,none
2026-01-04 02:45:00,NODE_09,41.887449,-87.590227,8.466013448224412,3.946620539760018,4.716515885351309,22.652488544247237,contamination
2026-01-04 03:00:00,NODE_09,41.887449,-87.590227,8.06206612314847,3.0400314978062712,8.33988138162118,21.28744543523118,none
2026-01-04 03:15:00,NODE_09,41.887449,-87.590227,6.962993545041664,4.760381754960567,5.57462037293109,20.95081520002571,contamination
2026-01-04 03:30:00,NODE_09,41.887449,-87.590227,5.329938815249272,5.799322350328874,3.5118033738649332,21.555917743504956,contamination
2026-01-04 03:45:00,NODE_09,41.887449,-87.590227,6.60364071679867,3.4037984349167267,6.877325413768547,18.4959844985339,none
2026-01-04 04:00:00,NODE_09,41.887449,-87.590227,5.821261629656031,4.371078785200288,4.392001284589279,20.429507334078416,contamination
2026-01-04 04:15:00,NODE_09,41.887449,-87.590227,7.035455515887571,3.151767824317796,5.36728833494627,20.569878765017922,contamination
2026-01-04 04:30:00,NODE_09,41.887449,-87.590227,6.339142826418309,3.3557650163097223,7.05690706313028,20.052748063307668,none
2026-01-04 04:45:00,NODE_09,41.887449,-87.590227,2.974429410478532,2.7799018424746342,6.896843184239341,19.421620837495478,none
2026-01-04 05:00:00,NODE_09,41.887449,-87.590227,6.071838864034008,2.691610394877723,7.679474366648369,22.102932362046477,none
2026-01-04 05:15:00,NODE_09,41.887449,-87.590227,8.410625565120462,4.3522957788197605,3.224880130410039,20.860951816908386,contamination
2026-01-04 05:30:00,NODE_09,41.887449,-87.590227,7.05994023445362,2.949938822578741,6.248001113959627,20.997350627881126,none
2026-01-04 05:45:00,NODE_09,41.887449,-87.590227,7.464485186199689,3.8805760174542048,6.37850877044621,22.742734636492454,none
2026-01-04 06:00:00,NODE_09,41.887449,-87.590227,5.198224971294214,3.807318102819921,4.043347209146662,20.3128719967072,contamination
2026-01-04 06:15:00,NODE_09,41.887449,-87.590227,7.035455515887571,4.754313123779171,3.064936684040951,20.02269566477631,contamination
2026-01-04 06:30:00,NODE_09,41.887449,-87.590227,8.01883160724048,3.188477333734355,8.976725744583366,22.647804216251362,none
2026-01-04 06:45:00,NODE_09,41.887449,-87.590227,8.693149900569036,4.687846798329183,7.957840205242061,18.36975546001921,none
2026-01-01 00:00:00,NODE_10,41.886427,-87.633103,7.26659453474728,3.357439470656984,5.637973390087682,35.48963722026509,contamination
2026-01-01 00:15:00,NODE_10,41.886427,-87.633103,6.238053654469459,3.8483069668474856,4.542681033797933,34.30638689010912,contamination
2026-01-01 00:30:00,NODE_10,41.886427,-87.633103,7.286167388039818,4.686019915871022,4.617573238540899,35.851869218527995,contamination
2026-01-01 00:45:00,NODE_10,41.886427,-87.633103,6.918062437943979,3.566298461651997,6.432503447454149,36.2707979423774,none
2026-01-01 01:00:00,NODE_10,41.886427,-87.633103,5.870615501212626,3.728785236766734,5.3036290909011345,36.354236638721304,contamination
2026-01-01 01:15:00,NODE_10,41.886427,-87.633103,6.143921454143699,3.476213303592504,5.2553837621017685,36.95220916314295,contamination
2026-01-01 01:30:00,NODE_10,41.886427,-87.633103,7.24899119805637,4.255979651269639,4.76509706765297,35.03405955007894,contamination
2026-01-01 01:45:00,NODE_10,41.886427,-87.633103,7.276863125209032,6.08377235388592,7.260216885756493,35.127518617089315,none
2026-01-01 02:00:00,NODE_10,41.886427,-87.633103,6.084360116189226,4.298110919527294,7.823873108050828,36.20275386182289,none
2026-01-01 02:15:00,NODE_10,41.886427,-87.633103,5.701154644911616,3.403136416178923,3.1927157275713776,36.74410308025442,contamination
2026-01-01 02:30:00,NODE_10,41.886427,-87.633103,7.361599831600276,3.751588621742676,7.362683471420608,33.462394814587704,none
2026-01-01 02:45:00,NODE_10,41.886427,-87.633103,8.926113143092786,2.752134121425607,5.475105957428401,8.116325286413508,leak
2026-01-01 03:00:00,NODE_10,41.886427,-87.633103,7.035455515887571,5.493180964193986,5.574991295342775,34.819984052152975,contamination
2026-01-01 03:15:00,NODE_10,41.886427,-87.633103,7.036752103833548,4.238535197148056,8.35175875460262,35.54357939587178,none
2026-01-01 03:30:00,NODE_10,41.886427,-87.633103,6.105140135043556,3.1030898440692822,8.472539998876076,34.87781756036365,none
2026-01-01 03:45:00,NODE_10,41.886427,-87.633103,7.054266774415682,4.780615831540402,5.840640589023071,34.32873063085681,contamination
2026-01-01 04:00:00,NODE_10,41.886427,-87.633103,8.076126298096359,4.291355257945636,8.498049670860153,33.885065646060404,none
2026-01-01 04:15:00,NODE_10,41.886427,-87.633103,7.191493718892235,4.320683960630699,4.193881039142271,35.18631451783981,contamination
2026-01-01 04:30:00,NODE_10,41.886427,-87.633103,7.036752103833548,3.4517400465867496,7.356131329739405,35.95045922792908,none
2026-01-01 04:45:00,NODE_10,41.886427,-87.633103,4.7091867471804845,3.860083951626073,4.014692901951855,34.50833884018464,contamination
2026-01-01 05:00:00,NODE_10,41.886427,-87.633103,7.920794564373236,3.3743265226271983,5.741628870965389,37.19756849059555,contamination
2026-01-01 05:15:00,NODE_10,41.886427,-87.633103,8.195765359895596,3.218709224251616,8.149063448622261,39.10052605479736,none
2026-01-01 05:30:00,NODE_10,41.886427,-87.633103,9.564853066461303,3.182805358542542,4.985432185723274,36.032538221771155,contamination
2026-01-01 05:45:00,NODE_10,41.886427,-87.633103,6.262798867453871,4.0125175583490025,5.450670868512505,35.350997253475214,contamination
2026-01-01 06:00:00,NODE_10,41.886427,-87.633103,9.927023723224528,4.051733473083127,5.248636692663256,34.04445642965824,contamination
2026-01-01 06:15:00,NODE_10,41.886427,-87.633103,8.736371210915214,3.802116117316719,7.680515686702075,35.967937672847206,none
2026-01-01 06:30:00,NODE_10,41.886427,-87.633103,7.035455515887571,4.825792283459244,3.9207932189436976,37.628614140347686,contamination
2026-01-01 06:45:00,NODE_10,41.886427,-87.633103,5.903465715091598,4.5870867193147005,3.1712830137238313,8.670819119273098,leak
2026-01-01 07:00:00,NODE_10,41.886427,-87.633103,7.442023084023342,2.894651172139397,8.744789809887848,37.50708423802527,none
2026-01-01 07:15:00,NODE_10,41.886427,-87.633103,7.60952119012474,3.145842902755236,5.0008079556117195,36.677814982754406,contamination
2026-01-01 07:30:00,NODE_10,41.886427,-87.633103,7.539881892843843,4.531593669500014,3.307587594683404,36.02814059536598,contamination
2026-01-01 07:45:00,NODE_10,41.886427,-87.633103,7.7737581374530995,4.040974482292381,8.799675183957385,33.839848493974664,none
2026-01-01 08:00:00,NODE_10,41.886427,-87.633103,6.549124998345768,4.42105884351,8.815084800888052,35.26326821855003,none
2026-01-01 08:15:00,NODE_10,41.886427,-87.633103,5.44532598066911,3.946989523134861,5.147207779232386,35.08903333408855,contamination
2026-01-01 08:30:00,NODE_10,41.886427,-87.633103,7.240271791102996,3.832597166985505,5.918381104969332,35.27304448718436,contamination
2026-01-01 08:45:00,NODE_10,41.886427,-87.633103,7.36667198942732,3.394450272692436,7.0686339517616075,34.33373222105504,none
2026-01-01 09:00:00,NODE_10,41.886427,-87.633103,6.775582812405084,4.333636278302867,6.021818423082028,36.549643492949805,none
2026-01-01 09:15:00,NODE_10,41.886427,-87.633103,7.035455515887571,3.109695767607044,5.608056902977042,35.002053350184674,contamination
2026-01-01 09:30:00,NODE_10,41.886427,-87.633103,7.486779708528253,5.048833995025392,5.210479367254512,34.88030492957999,contamination
2026-01-01 09:45:00,NODE_10,41.886427,-87.633103,8.35761299314161,4.366242227773332,7.1979784391745305,34.338810603978644,none
2026-01-01 10:00:00,NODE_10,41.886427,-87.633103,5.5419790193089264,3.6729759831771327,6.5541417287096495,35.76130052270679,none
2026-01-01 10:15:00,NODE_10,41.886427,-87.633103,4.912557262009445,4.897372508450066,7.18644008409497,37.658012329378934,none
2026-01-01 10:30:00,NODE_10,41.886427,-87.633103,7.036752103833548,3.978495493860283,6.523950196366104,35.39753809537943,none
2026-01-01 10:45:00,NODE_10,41.886427,-87.633103,6.681553567542745,2.9567480753018724,4.05578931219533,35.83546136299467,contamination
2026-01-01 11:00:00,NODE_10,41.886427,-87.633103,7.063646975622253,3.395866240165589,6.894584633626796,38.315741384855336,none
2026-01-01 11:15:00,NODE_10,41.886427,-87.633103,6.724639342026933,2.9214147722618398,5.014980692993696,37.21801434917217,contamination
2026-01-01 11:30:00,NODE_10,41.886427,-87.633103,7.757269665668284,4.165432285611471,7.5085291859972605,36.294467766623534,none
2026-01-01 11:45:00,NODE_10,41.886427,-87.633103,6.897322141100197,5.022783630004574,3.7627774829667917,36.231397189681395,contamination
2026-01-01 12:00:00,NODE_10,41.886427,-87.633103,7.036752103833548,5.036017097278329,8.8267011584735,34.508251678605866,none
2026-01-01 12:15:00,NODE_10,41.886427,-87.633103,9.160997540099476,3.542527792591825,7.5816779347514505,7.771966241389471,leak
2026-01-01 12:30:00,NODE_10,41.886427,-87.633103,5.161878763351532,4.320100540830725,6.975172930175446,35.62496276980279,none
2026-01-01 12:45:00,NODE_10,41.886427,-87.633103,9.609834364508853,4.308357589285532,6.474379708899205,35.663011698032676,none
2026-01-01 13:00:00,NODE_10,41.886427,-87.633103,6.450805742930156,3.2755811820087386,7.015579904180507,34.138203236745966,none
2026-01-01 13:15:00,NODE_10,41.886427,-87.633103,9.026787719511631,2.0190420182011657,4.895640477740655,36.4677955362164,contamination
2026-01-01 13:30:00,NODE_10,41.886427,-87.633103,8.310373671963342,3.493053886006752,7.090674466044893,34.996903707549556,none
2026-01-01 13:45:00,NODE_10,41.886427,-87.633103,10.485603647205735,4.669239858306086,7.594457781913515,37.10383164386455,none
2026-01-01 14:00:00,NODE_10,41.886427,-87.633103,7.036752103833548,2.848370818146627,8.615598737552833,35.32973777261122,none
2026-01-01 14:15:00,NODE_10,41.886427,-87.633103,7.183825723393187,4.597165511526862,5.259356541539022,7.960924145705696,leak
2026-01-01 14:30:00,NODE_10,41.886427,-87.633103,7.035455515887571,3.5503111429393712,5.182357173858362,34.006755866036265,contamination
2026-01-01 14:45:00,NODE_10,41.886427,-87.633103,6.877456932576713,3.827650071735445,5.608849373196785,34.171060937617284,contamination
2026-01-01 15:00:00,NODE_10,41.886427,-87.633103,7.035455515887571,4.664350321001553,3.5683302995022084,37.38949708791164,contamination
2026-01-01 15:15:00,NODE_10,41.886427,-87.633103,6.242414484103846,4.5087050978944845,4.203443908475393,35.816296160778705,contamination
2026-01-01 15:30:00,NODE_10,41.886427,-87.633103,7.035455515887571,3.978746921874003,5.843388198043371,35.9968041110792,contamination
2026-01-01 15:45:00,NODE_10,41.886427,-87.633103,6.140877556947864,5.359460295012964,4.189771723158989,37.81382097561992,contamination
2026-01-01 16:00:00,NODE_10,41.886427,-87.633103,7.835906989202026,3.183864093341969,6.058567712093982,33.43646760978187,none
2026-01-01 16:15:00,NODE_10,41.886427,-87.633103,6.203977702278348,5.215689206119035,4.576335379086538,36.419734115857324,contamination
2026-01-01 16:30:00,NODE_10,41.886427,-87.633103,8.692092012708041,4.477960248233931,3.3284729176633867,33.03101424325551,contamination
2026-01-01 16:45:00,NODE_10,41.886427,-87.633103,4.083594880123227,2.974870902771941,8.924035232421348,34.75637262721518,none
2026-01-01 17:00:00,NODE_10,41.886427,-87.633103,5.584086638456089,2.5597082275565217,5.99495626971287,33.695220003232436,contamination
2026-01-01 17:15:00,NODE_10,41.886427,-87.633103,3.800431282307122,4.473976075064174,8.204948914889687,36.70073635919354,none
2026-01-01 17:30:00,NODE_10,41.886427,-87.633103,7.035455515887571,5.459250956028731,3.852175167121287,32.5782610122058,contamination
2026-01-01 17:45:00,NODE_10,41.886427,-87.633103,7.036752103833548,5.294159073122183,8.58631222035444,35.067723773266046,none
2026-01-01 18:00:00,NODE_10,41.886427,-87.633103,8.197353369384867,3.3618333238544555,8.517577028614616,33.67469525049767,none
2026-01-01 18:15:00,NODE_10,41.886427,-87.633103,5.893103407526232,4.390701603798026,7.958978194625153,34.13063798138922,none
2026-01-01 18:30:00,NODE_10,41.886427,-87.633103,3.4450618643852127,4.184396969028851,3.781209326363725,34.361783794013874,contamination
2026-01-01 18:45:00,NODE_10,41.886427,-87.633103,5.711212506317297,3.9533349669675455,8.164467519395018,37.391507346543186,none
2026-01-01 19:00:00,NODE_10,41.886427,-87.633103,7.542300167142759,4.317553511769741,6.017784646010634,34.910006365247945,none
2026-01-01 19:15:00,NODE_10,41.886427,-87.633103,7.08918418720376,3.2660285121463977,7.7773222661953785,38.00383908431759,none
2026-01-01 19:30:00,NODE_10,41.886427,-87.633103,5.800034176989708,4.0744075716550965,8.54221840478771,8.666784115702063,leak
2026-01-01 19:45:00,NODE_10,41.886427,-87.633103,7.145771545218821,5.182590703980226,5.068251401613974,38.58337634323057,contamination
2026-01-01 20:00:00,NODE_10,41.886427,-87.633103,7.036752103833548,3.3846485053932147,6.32486806944875,35.324700158867024,none
2026-01-01 20:15:00,NODE_10,41.886427,-87.633103,4.758439424671477,4.542801461749175,5.081589485627196,35.72838624935228,contamination
2026-01-01 20:30:00,NODE_10,41.886427,-87.633103,8.189213850977879,3.709508878038789,8.181313347175521,35.9797840045894,none
2026-01-01 20:45:00,NODE_10,41.886427,-87.633103,7.035455515887571,4.089907689677867,5.277716938970985,34.86161879745409,contamination
2026-01-01 21:00:00,NODE_10,41.886427,-87.633103,8.594416135206476,3.568991707976406,4.859243563474698,36.049405928558166,contamination
2026-01-01 21:15:00,NODE_10,41.886427,-87.633103,7.035455515887571,4.795407220007135,3.232234655954252,34.01005622959027,contamination
2026-01-01 21:30:00,NODE_10,41.886427,-87.633103,5.757088957380868,3.7301854671420926,8.390843266725675,32.59963689609877,none
2026-01-01 21:45:00,NODE_10,41.886427,-87.633103,6.867521704142662,4.837268003830061,4.029902907587223,36.48405243942766,contamination
2026-01-01 22:00:00,NODE_10,41.886427,-87.633103,8.005016372063832,5.288776596554314,3.985711898196883,34.888190583220485,contamination
2026-01-01 22:15:00,NODE_10,41.886427,-87.633103,6.731278124219917,4.19048402938504,4.806768907131772,33.94781278323695,contamination
2026-01-01 22:30:00,NODE_10,41.886427,-87.633103,4.300029339574182,4.58644840480675,3.966974473408275,34.13751108629137,contamination
2026-01-01 22:45:00,NODE_10,41.886427,-87.633103,4.851103882370328,3.6441068937291146,5.330681244614619,37.68553327144333,contamination
2026-01-01 23:00:00,NODE_10,41.886427,-87.633103,5.706130889124347,4.3263943702932135,3.212374308033523,36.10901972667838,contamination
2026-01-01 23:15:00,NODE_10,41.886427,-87.633103,7.035455515887571,3.9136018398050982,4.981164757187477,33.12938976659971,contamination
2026-01-01 23:30:00,NODE_10,41.886427,-87.633103,9.864727092099823,3.701895298447844,5.427584410970224,33.632370921413454,contamination
2026-01-01 23:45:00,NODE_10,41.886427,-87.633103,3.717703934990307,3.7802587309291775,5.01849506976129,34.97503113156971,contamination
2026-01-02 00:00:00,NODE_10,41.886427,-87.633103,5.862641232845869,5.507420939572829,6.645361791138122,36.12746457780829,none
2026-01-02 00:15:00,NODE_10,41.886427,-87.633103,8.062805643024472,4.471842000471335,8.476133933606915,34.22099347273596,none
2026-01-02 00:30:00,NODE_10,41.886427,-87.633103,5.564342490630351,2.2859878491983503,8.96124709201791,35.15343052802724,none
2026-01-02 00:45:00,NODE_10,41.886427,-87.633103,7.443189014292676,2.6648327961143745,7.670641770443897,35.5846773226405,none
2026-01-02 01:00:00,NODE_10,41.886427,-87.633103,5.382489039471649,4.173330283253801,6.834146245000018,35.61575315394925,none
2026-01-02 01:15:00,NODE_10,41.886427,-87.633103,7.036752103833548,2.9691360985959387,7.195697884800162,31.820146211796356,none
2026-01-02 01:30:00,NODE_10,41.886427,-87.633103,7.54370046605691,3.630536578397464,6.5103909821508275,35.745312597999835,none
2026-01-02 01:45:00,NODE_10,41.886427,-87.633103,8.998375022679106,4.51693298505062,3.6297541372441544,32.813561075884714,contamination
2026-01-02 02:00:00,NODE_10,41.886427,-87.633103,2.798549098862777,3.6632522218404526,8.320422053468304,34.9832528180438,none
2026-01-02 02:15:00,NODE_10,41.886427,-87.633103,7.16447829539951,4.998203434951813,8.625362977147484,34.66072796993249,none
2026-01-02 02:30:00,NODE_10,41.886427,-87.633103,7.748654706492547,2.51181049287789,6.079807690789692,33.79475119149496,none
2026-01-02 02:45:00,NODE_10,41.886427,-87.633103,8.2850715273713,4.2746613334345,7.685944024879138,36.67760134629706,none
2026-01-02 03:00:00,NODE_10,41.886427,-87.633103,9.999807460393496,2.6599776617235293,3.1442369054593504,33.726886750450106,contamination
2026-01-02 03:15:00,NODE_10,41.886427,-87.633103,6.975392341170819,4.931460167853588,4.450723757111602,34.62844520621404,contamination
2026-01-02 03:30:00,NODE_10,41.886427,-87.633103,8.46133087400179,3.771944146409479,3.04394138181746,8.307883305174764,leak
2026-01-02 03:45:00,NODE_10,41.886427,-87.633103,6.32304031407478,4.749424236071901,5.763431640542525,34.585599931310746,contamination
2026-01-02 04:00:00,NODE_10,41.886427,-87.633103,7.035455515887571,3.906526284947749,5.928258072598715,34.2750855542671,contamination
2026-01-02 04:15:00,NODE_10,41.886427,-87.633103,7.035455515887571,4.35323858897122,3.6668482999157557,35.010617374216295,contamination
2026-01-02 04:30:00,NODE_10,41.886427,-87.633103,8.661592429959121,3.6704310100631887,3.6243181037891183,36.22360432115189,contamination
2026-01-02 04:45:00,NODE_10,41.886427,-87.633103,7.679090583265879,3.186823454952539,5.261160529686389,37.582311947486545,contamination
2026-01-02 05:00:00,NODE_10,41.886427,-87.633103,7.822491882508682,3.835332168411456,3.760138196488003,34.008668143388505,contamination
2026-01-02 05:15:00,NODE_10,41.886427,-87.633103,4.031610444420666,4.03793915512632,5.685229677485535,34.130227592096105,contamination
2026-01-02 05:30:00,NODE_10,41.886427,-87.633103,10.026159156427404,4.182277581713326,4.721787408368947,34.99834743290543,contamination
2026-01-02 05:45:00,NODE_10,41.886427,-87.633103,8.38376169055724,3.585736634632002,4.052332869030936,35.758061517196005,contamination
2026-01-02 06:00:00,NODE_10,41.886427,-87.633103,8.801933555312004,3.769831936118284,5.49808123904826,34.2574805442992,contamination
2026-01-02 06:15:00,NODE_10,41.886427,-87.633103,6.965279871760655,3.969318295936528,8.035257755141137,36.44569559212447,none
2026-01-02 06:30:00,NODE_10,41.886427,-87.633103,7.035455515887571,4.963535103139469,5.734898741125427,34.03693391311639,contamination
2026-01-02 06:45:00,NODE_10,41.886427,-87.633103,5.095766464935885,4.352193469514868,5.784042710188142,32.56156865605129,contamination
2026-01-02 07:00:00,NODE_10,41.886427,-87.633103,7.682872498072526,3.778606787628922,3.4962604563852278,36.21051346204376,contamination
2026-01-02 07:15:00,NODE_10,41.886427,-87.633103,7.260319681766154,4.282314756372282,3.0069702183957907,36.384234750014606,contamination
2026-01-02 07:30:00,NODE_10,41.886427,-87.633103,7.035455515887571,3.240419096520532,5.951792820427206,36.979826493744376,contamination
2026-01-02 07:45:00,NODE_10,41.886427,-87.633103,8.809296431775966,3.879053740492374,5.7184126083824385,32.42500084455955,contamination
2026-01-02 08:00:00,NODE_10,41.886427,-87.633103,7.036752103833548,2.4752844638171903,8.06211739727342,34.41442796301096,none
2026-01-02 08:15:00,NODE_10,41.886427,-87.633103,7.506111456769499,4.7440066912633,5.49910279182321,35.03626328799712,contamination
2026-01-02 08:30:00,NODE_10,41.886427,-87.633103,5.963479205038237,3.7278133228957,4.37341479767762,38.04828780042207,contamination
2026-01-02 08:45:00,NODE_10,41.886427,-87.633103,7.036752103833548,4.940014517196936,8.279163986042775,35.17404844782665,none
2026-01-02 09:00:00,NODE_10,41.886427,-87.633103,8.693104326309328,2.8982230607674366,5.6362395710307895,33.39307550825705,contamination
2026-01-02 09:15:00,NODE_10,41.886427,-87.633103,4.79746018165997,4.038502789352143,3.590001697170922,35.857961237427425,contamination
2026-01-02 09:30:00,NODE_10,41.886427,-87.633103,5.158722568170486,4.094605278206265,5.841899998260201,37.377034878989406,contamination
2026-01-02 09:45:00,NODE_10,41.886427,-87.633103,7.035455515887571,3.3583534546716933,3.616864463098023,37.057808954736494,contamination
2026-01-02 10:00:00,NODE_10,41.886427,-87.633103,7.036752103833548,3.743703735181629,8.10584160035942,36.255547786786934,none
2026-01-02 10:15:00,NODE_10,41.886427,-87.633103,8.31002902004885,4.775784922040909,3.669259003586925,35.80679909095748,contamination
2026-01-02 10:30:00,NODE_10,41.886427,-87.633103,8.937802407855287,2.831234425504209,4.637005994905904,32.0112220761189,contamination
2026-01-02 10:45:00,NODE_10,41.886427,-87.633103,7.511816641411975,2.285519928882218,7.53774788054141,35.45135022287581,none
2026-01-02 11:00:00,NODE_10,41.886427,-87.633103,7.605674820650833,5.554074526332097,7.375973878477111,35.68006093409284,none
2026-01-02 11:15:00,NODE_10,41.886427,-87.633103,5.319769072934949,2.925732039706137,4.562657348102038,35.1729860289186,contamination
2026-01-02 11:30:00,NODE_10,41.886427,-87.633103,6.353436843717337,3.861109202341755,8.03943267480399,36.47350037152928,none
2026-01-02 11:45:00,NODE_10,41.886427,-87.633103,7.150046115062049,2.633890804064505,7.676188330573617,35.1488538361362,none
2026-01-02 12:00:00,NODE_10,41.886427,-87.633103,7.035455515887571,3.776099720401672,5.454923453025909,34.86000573279104,contamination
2026-01-02 12:15:00,NODE_10,41.886427,-87.633103,6.618186566692918,3.79706786115003,6.289766047483597,36.97134712277362,none
2026-01-02 12:30:00,NODE_10,41.886427,-87.633103,5.660736311071097,5.016187558860874,4.723746592655639,34.79246746963172,contamination
2026-01-02 12:45:00,NODE_10,41.886427,-87.633103,7.765635561977197,3.214449639874844,4.544352704799403,35.509831648503926,contamination
2026-01-02 13:00:00,NODE_10,41.886427,-87.633103,5.566328462754787,3.424760733829153,7.121783609120351,36.75914745981806,none
2026-01-02 13:15:00,NODE_10,41.886427,-87.633103,7.33210396318143,3.90109686620938,7.68843783286089,33.89684741341541,none
2026-01-02 13:30:00,NODE_10,41.886427,-87.633103,7.695049437156064,3.198879005391032,6.141973590409264,33.73407104205319,none
2026-01-02 13:45:00,NODE_10,41.886427,-87.633103,3.2728200975185464,4.318516117496335,4.357100277619711,37.449760773771516,contamination
2026-01-02 14:00:00,NODE_10,41.886427,-87.633103,8.312379503092345,2.988093010442307,5.200928521093346,34.52378253476562,contamination
2026-01-02 14:15:00,NODE_10,41.886427,-87.633103,10.600589992057158,5.477700313791723,5.520056495762096,36.45149918782439,contamination
2026-01-02 14:30:00,NODE_10,41.886427,-87.633103,7.670505864185263,3.933826460461319,4.634946834300054,32.74986899253483,contamination
2026-01-02 14:45:00,NODE_10,41.886427,-87.633103,4.922045466248699,2.291694536023172,3.2603488621949714,31.658273150632237,contamination
2026-01-02 15:00:00,NODE_10,41.886427,-87.633103,5.899936566709943,3.8589788145579176,3.710548411789639,35.95919562781313,contamination
2026-01-02 15:15:00,NODE_10,41.886427,-87.633103,10.678056255643256,4.308256960674539,3.494802080558193,35.22156956261102,contamination
2026-01-02 15:30:00,NODE_10,41.886427,-87.633103,6.980061938695879,3.969463254406426,3.3738451895673744,35.97329770279131,contamination
2026-01-02 15:45:00,NODE_10,41.886427,-87.633103,7.266598792423617,4.952733208187274,4.097697895853423,38.22491374421,contamination
2026-01-02 16:00:00,NODE_10,41.886427,-87.633103,6.341751223983171,4.01901054979541,8.282039283662899,33.55683781042666,none
2026-01-02 16:15:00,NODE_10,41.886427,-87.633103,10.893484732796878,3.6349703957714343,3.654909335434537,35.47013238166488,contamination
2026-01-02 16:30:00,NODE_10,41.886427,-87.633103,6.505065806504937,2.890998522404099,7.374849649158819,37.62904966866912,none
2026-01-02 16:45:00,NODE_10,41.886427,-87.633103,4.275159672976756,3.7328560505383,3.0530101343863016,33.77336537005025,contamination
2026-01-02 17:00:00,NODE_10,41.886427,-87.633103,7.422225264350398,4.486512692528834,8.743372952642824,34.53575998663599,none
2026-01-02 17:15:00,NODE_10,41.886427,-87.633103,6.9623245949195365,4.526768327029911,6.270340898802433,32.76192273429284,none
2026-01-02 17:30:00,NODE_10,41.886427,-87.633103,6.583064855827969,3.772858553084088,4.2929511865446095,38.769624429048115,contamination
2026-01-02 17:45:00,NODE_10,41.886427,-87.633103,7.856471100461379,4.534681098281898,4.531560783896534,32.10603978104353,contamination
2026-01-02 18:00:00,NODE_10,41.886427,-87.633103,7.035455515887571,3.4583200005897763,3.421775754520097,36.6107290942604,contamination
2026-01-02 18:15:00,NODE_10,41.886427,-87.633103,6.472371049680761,4.134575196718209,6.877621285444709,33.43315059912497,none
2026-01-02 18:30:00,NODE_10,41.886427,-87.633103,7.6512942259202,3.2580416465868867,4.0252465269777815,33.836512191697196,contamination
2026-01-02 18:45:00,NODE_10,41.886427,-87.633103,5.39205760659185,2.978925444705386,3.550270930493868,37.008781446130065,contamination
2026-01-02 19:00:00,NODE_10,41.886427,-87.633103,6.836224938677605,3.666613685710395,3.0205222444450905,34.299084891853575,contamination
2026-01-02 19:15:00,NODE_10,41.886427,-87.633103,7.035455515887571,4.654177334718871,4.401053599565225,36.390531897135844,contamination
2026-01-02 19:30:00,NODE_10,41.886427,-87.633103,5.198067642905195,3.295033859358623,5.056955247795598,37.482897916062726,contamination
2026-01-02 19:45:00,NODE_10,41.886427,-87.633103,7.457979826928165,4.497730795590356,8.617722057892934,35.71389601877378,none
2026-01-02 20:00:00,NODE_10,41.886427,-87.633103,7.035455515887571,3.893925990895262,3.395420489690038,36.74677931411648,contamination
2026-01-02 20:15:00,NODE_10,41.886427,-87.633103,8.278752740755206,4.767722384161327,5.661128233340886,35.533860333699266,contamination
2026-01-02 20:30:00,NODE_10,41.886427,-87.633103,7.036752103833548,4.575874147599674,7.104256912998643,35.60335966821306,none
2026-01-02 20:45:00,NODE_10,41.886427,-87.633103,4.916740541260801,3.613212411606139,3.6708378593779942,34.4604568965379,contamination
2026-01-02 21:00:00,NODE_10,41.886427,-87.633103,7.035455515887571,3.5020815041262328,5.571290818829747,38.306139690804926,contamination
2026-01-02 21:15:00,NODE_10,41.886427,-87.633103,6.255070000817667,4.19419987356962,5.451321297500284,36.527117281468236,contamination
2026-01-02 21:30:00,NODE_10,41.886427,-87.633103,6.115180039114616,3.6908618596006346,4.345039411573901,36.19555845197425,contamination
2026-01-02 21:45:00,NODE_10,41.886427,-87.633103,6.453064802576986,3.440858801932284,4.467716584283323,8.271092725538676,leak
2026-01-02 22:00:00,NODE_10,41.886427,-87.633103,7.262534651633063,4.846359371825784,3.653246114502066,34.39691503762072,contamination
2026-01-02 22:15:00,NODE_10,41.886427,-87.633103,6.1663482229269535,4.816304243581658,7.56171163289752,36.80930836907391,none
2026-01-02 22:30:00,NODE_10,41.886427,-87.633103,8.248703054410829,3.5405320044112223,4.720295476066983,37.74667171253311,contamination
2026-01-02 22:45:00,NODE_10,41.886427,-87.633103,5.506061504313135,2.77890595094447,3.2950347647706395,33.341804107744586,contamination
2026-01-02 23:00:00,NODE_10,41.886427,-87.633103,5.230453969096887,3.6956151117926663,8.107252584451093,36.22519474260277,none
2026-01-02 23:15:00,NODE_10,41.886427,-87.633103,5.918953546438134,4.265547138587628,5.821491595539032,35.507035645045924,contamination
2026-01-02 23:30:00,NODE_10,41.886427,-87.633103,6.630363820304997,3.4905875728160614,5.858503167511753,34.634073135731995,contamination
2026-01-02 23:45:00,NODE_10,41.886427,-87.633103,4.249890379403849,4.116347641066605,3.717996859642076,33.772966554627445,contamination
2026-01-03 00:00:00,NODE_10,41.886427,-87.633103,4.265269639731993,4.900446069054143,4.872340260136963,8.366640488304073,leak
2026-01-03 00:15:00,NODE_10,41.886427,-87.633103,3.433874059145088,4.104938403453945,4.422228792323573,35.72483503468267,contamination
2026-01-03 00:30:00,NODE_10,41.886427,-87.633103,7.343031939773171,5.288057553828615,5.627055382758318,35.10215553504193,contamination
2026-01-03 00:45:00,NODE_10,41.886427,-87.633103,10.55027327313621,3.951304462604924,7.991395176128005,36.22642371054497,none
2026-01-03 01:00:00,NODE_10,41.886427,-87.633103,7.992026977293408,4.647095594485686,7.469484181640167,35.22162935901656,none
2026-01-03 01:15:00,NODE_10,41.886427,-87.633103,6.394548022914309,3.042496817945847,7.552297679438889,34.35674295767462,none
2026-01-03 01:30:00,NODE_10,41.886427,-87.633103,7.96852586987492,3.173879163212596,7.297067976440294,35.606278612213565,none
2026-01-03 01:45:00,NODE_10,41.886427,-87.633103,7.992320364236402,4.342796788042317,8.975098383055688,35.37084159492246,none
2026-01-03 02:00:00,NODE_10,41.886427,-87.633103,6.857493757803479,4.306581068206637,8.782684046457128,32.75156861301769,none
2026-01-03 02:15:00,NODE_10,41.886427,-87.633103,6.394980461331702,4.732002727289712,5.0416819984165135,34.468500648131325,contamination
2026-01-03 02:30:00,NODE_10,41.886427,-87.633103,6.2798421834965135,3.278584410433228,3.898668958844692,33.516258038493625,contamination
2026-01-03 02:45:00,NODE_10,41.886427,-87.633103,8.034011916654261,2.452120806473057,4.37323145149864,32.93574712756169,contamination
2026-01-03 03:00:00,NODE_10,41.886427,-87.633103,6.848033469174725,4.257037542698211,3.286677311875006,36.11439959967917,contamination
2026-01-03 03:15:00,NODE_10,41.886427,-87.633103,8.35263517558002,3.939011353106868,6.877826682118936,34.409700145550374,none
2026-01-03 03:30:00,NODE_10,41.886427,-87.633103,4.303574607482778,2.010537157431691,7.0733547775252985,36.974959983573925,none
2026-01-03 03:45:00,NODE_10,41.886427,-87.633103,3.7921257317804,4.62068558556552,8.824899544455608,32.669956065779324,none
2026-01-03 04:00:00,NODE_10,41.886427,-87.633103,6.342671183447911,4.582591795430545,5.605658492357513,34.9662196380454,contamination
2026-01-03 04:15:00,NODE_10,41.886427,-87.633103,7.036752103833548,5.11386970579597,6.886914995338908,34.488961076380576,none
2026-01-03 04:30:00,NODE_10,41.886427,-87.633103,6.100245391093,2.174898198676531,7.743139473851745,33.04590352899018,none
2026-01-03 04:45:00,NODE_10,41.886427,-87.633103,5.913956687853429,5.648605948542045,8.832688738092768,35.420481088567456,none
2026-01-03 05:00:00,NODE_10,41.886427,-87.633103,9.318613915632229,4.642719286485374,8.435439320837336,33.17685372084834,none
2026-01-03 05:15:00,NODE_10,41.886427,-87.633103,9.484703254003293,4.13227423789269,8.225498141185978,35.74692429972867,none
2026-01-03 05:30:00,NODE_10,41.886427,-87.633103,7.31344675557596,2.2206399231442355,8.210988935181067,36.493988679205415,none
2026-01-03 05:45:00,NODE_10,41.886427,-87.633103,6.911698241358011,4.616641008449857,6.534060972876811,35.814180304782376,none
2026-01-03 06:00:00,NODE_10,41.886427,-87.633103,4.4293787345323405,4.271167637481616,8.47404371768381,36.003675784259045,none
2026-01-03 06:15:00,NODE_10,41.886427,-87.633103,10.378108203556572,3.577447459649983,4.241118095730091,36.95970289790624,contamination
2026-01-03 06:30:00,NODE_10,41.886427,-87.633103,6.381977105096429,4.991895990063802,5.036662011566355,35.37270543860468,contamination
2026-01-03 06:45:00,NODE_10,41.886427,-87.633103,7.322502050459663,2.981649192437012,3.7103927563685404,34.173809075967455,contamination
2026-01-03 07:00:00,NODE_10,41.886427,-87.633103,6.145148360574157,4.600885754944692,3.25188769034018,34.499423282561054,contamination
2026-01-03 07:15:00,NODE_10,41.886427,-87.633103,7.025456547708931,2.9270514417687563,5.310063685367486,34.5317893682479,contamination
2026-01-03 07:30:00,NODE_10,41.886427,-87.633103,4.91681922881674,3.8367032388187607,4.890525254661124,33.84784248797983,contamination
2026-01-03 07:45:00,NODE_10,41.886427,-87.633103,8.108350799116819,4.7533581835009855,5.965471453460414,36.589167495458774,contamination
2026-01-03 08:00:00,NODE_10,41.886427,-87.633103,5.497580321451809,5.060114928661615,4.032924099959878,36.203204783320295,contamination
2026-01-03 08:15:00,NODE_10,41.886427,-87.633103,7.035455515887571,4.235174415004401,3.185287158870599,32.915345687673984,contamination
2026-01-03 08:30:00,NODE_10,41.886427,-87.633103,8.45879698814859,3.827431410883915,8.155341843907248,34.17336384607223,none
2026-01-03 08:45:00,NODE_10,41.886427,-87.633103,7.035455515887571,4.969149725035601,4.565200256559737,33.774872507973036,contamination
2026-01-03 09:00:00,NODE_10,41.886427,-87.633103,7.559852309769317,4.550501006088248,6.135347635804378,35.888869548925356,none
2026-01-03 09:15:00,NODE_10,41.886427,-87.633103,8.339511610034751,4.827704246705364,5.345186967014278,37.027614806980274,contamination
2026-01-03 09:30:00,NODE_10,41.886427,-87.633103,8.662709501389225,5.120102527824212,3.6112664575498314,36.08512957530791,contamination
2026-01-03 09:45:00,NODE_10,41.886427,-87.633103,7.035455515887571,3.44029961478404,3.7819849644988097,34.36106184782525,contamination
2026-01-03 10:00:00,NODE_10,41.886427,-87.633103,7.035455515887571,3.2820613930954394,3.277585663100157,34.934383086787406,contamination
2026-01-03 10:15:00,NODE_10,41.886427,-87.633103,9.616095703448057,2.946643668370939,8.243230277782832,33.323573655442786,none
2026-01-03 10:30:00,NODE_10,41.886427,-87.633103,7.456250785416918,4.279697427788076,4.256787671812257,33.43860676512248,contamination
2026-01-03 10:45:00,NODE_10,41.886427,-87.633103,7.035455515887571,5.324638004849745,4.543685371044895,36.68192511268228,contamination
2026-01-03 11:00:00,NODE_10,41.886427,-87.633103,4.5956077558097705,3.978919806946673,7.875080363430987,37.57901884499212,none
2026-01-03 11:15:00,NODE_10,41.886427,-87.633103,7.036752103833548,4.058942266477222,8.56204900100636,34.34069774708089,none
2026-01-03 11:30:00,NODE_10,41.886427,-87.633103,7.397544009543939,3.9471378883607935,3.413202296663426,35.48502877049403,contamination
2026-01-03 11:45:00,NODE_10,41.886427,-87.633103,6.581082756075466,3.511369718286504,3.163044295045971,36.493636180297145,contamination
2026-01-03 12:00:00,NODE_10,41.886427,-87.633103,7.036752103833548,4.414818909753493,7.136661270997816,32.91708723753696,none
2026-01-03 12:15:00,NODE_10,41.886427,-87.633103,5.09993200503465,5.159301248966906,6.104148456551684,33.83982062284184,none
2026-01-03 12:30:00,NODE_10,41.886427,-87.633103,10.289379606190511,3.500166975577911,4.973848457344878,38.40330376816212,contamination
2026-01-03 12:45:00,NODE_10,41.886427,-87.633103,6.406797812679788,4.573968264696438,5.18243123398949,33.97627579346113,contamination
2026-01-03 13:00:00,NODE_10,41.886427,-87.633103,7.035455515887571,4.799012921311841,5.359517140584367,7.886991754083836,leak
2026-01-03 13:15:00,NODE_10,41.886427,-87.633103,7.814524320753557,2.901699555775163,3.731124635713028,34.50844899970119,contamination
2026-01-03 13:30:00,NODE_10,41.886427,-87.633103,8.742229881827978,2.8423931855932016,3.91768443978456,32.42068150346028,contamination
2026-01-03 13:45:00,NODE_10,41.886427,-87.633103,8.394397411757225,2.8339014301371472,4.449403936696498,35.536934348051865,contamination
2026-01-03 14:00:00,NODE_10,41.886427,-87.633103,9.014356734321137,4.549419412617848,8.442902951014762,35.37497310384693,none
2026-01-03 14:15:00,NODE_10,41.886427,-87.633103,4.319440672587684,3.2419721011866467,4.833424569633738,35.68412736192543,contamination
2026-01-03 14:30:00,NODE_10,41.886427,-87.633103,6.277742483390635,5.255011943220072,8.314714317986493,35.28598720427321,none
2026-01-03 14:45:00,NODE_10,41.886427,-87.633103,3.41035967073924,3.721765768518896,4.082418934134008,34.72305912881295,contamination
2026-01-03 15:00:00,NODE_10,41.886427,-87.633103,6.967696683162022,4.819637104172265,6.474277011848546,34.63694223976716,none
2026-01-03 15:15:00,NODE_10,41.886427,-87.633103,4.624304290590603,3.424250048768879,4.500101746708824,34.6625864965553,contamination
2026-01-03 15:30:00,NODE_10,41.886427,-87.633103,7.459144859485703,3.841052037778387,3.383435533081148,33.929815962024854,contamination
2026-01-03 15:45:00,NODE_10,41.886427,-87.633103,6.361666802587903,3.6817651139312577,4.746712346407759,34.16214362171428,contamination
2026-01-03 16:00:00,NODE_10,41.886427,-87.633103,7.138586781331626,3.272429761063929,3.8996228053321946,33.9549800206997,contamination
2026-01-03 16:15:00,NODE_10,41.886427,-87.633103,6.1491851735534615,4.275614874442733,8.399035240960805,36.27296628113809,none
2026-01-03 16:30:00,NODE_10,41.886427,-87.633103,6.908853083313673,4.693949415674136,7.298404683678953,35.87200439598226,none
2026-01-03 16:45:00,NODE_10,41.886427,-87.633103,6.597292363153351,4.3183054068542095,7.479230129362723,35.453551312567996,none
2026-01-03 17:00:00,NODE_10,41.886427,-87.633103,6.499067997822331,4.355880124898533,4.034309300699622,38.32624835658512,contamination
2026-01-03 17:15:00,NODE_10,41.886427,-87.633103,8.552993664768604,3.108673907255499,4.170886641638312,34.0243075753786,contamination
2026-01-03 17:30:00,NODE_10,41.886427,-87.633103,7.035455515887571,3.878664155467921,5.673065048901634,37.091015763175186,contamination
2026-01-03 17:45:00,NODE_10,41.886427,-87.633103,7.425102223222055,2.5587727443235098,6.71671408700273,35.02280527856358,none
2026-01-03 18:00:00,NODE_10,41.886427,-87.633103,7.035455515887571,4.64778224578437,5.144858470655331,35.648597567705636,contamination
2026-01-03 18:15:00,NODE_10,41.886427,-87.633103,6.415108471708082,6.073006014096297,7.871666829488911,36.41955488748641,none
2026-01-03 18:30:00,NODE_10,41.886427,-87.633103,10.13793228826111,3.8720181587617,7.68753635740595,7.847737097035543,leak
2026-01-03 18:45:00,NODE_10,41.886427,-87.633103,7.036752103833548,4.290393223612015,7.206393465086629,33.82780378303482,none
2026-01-03 19:00:00,NODE_10,41.886427,-87.633103,5.699873488404511,2.416402097988852,7.931681825319631,34.07518679375773,none
2026-01-03 19:15:00,NODE_10,41.886427,-87.633103,8.654792650142806,5.148137887599708,3.086403541639556,32.25342481474489,contamination
2026-01-03 19:30:00,NODE_10,41.886427,-87.633103,7.035455515887571,2.951395753410233,4.931159418974838,36.323044776277165,contamination
2026-01-03 19:45:00,NODE_10,41.886427,-87.633103,7.997175822735124,4.817668211405948,3.8314330556200797,8.207460309193493,leak
2026-01-03 20:00:00,NODE_10,41.886427,-87.633103,6.839415897979054,2.854526551578415,4.349030931551161,37.788326374433815,contamination
2026-01-03 20:15:00,NODE_10,41.886427,-87.633103,7.50757529645138,3.703001047324373,4.035793656171159,36.035243903898305,contamination
2026-01-03 20:30:00,NODE_10,41.886427,-87.633103,7.035455515887571,3.8257700750242414,3.51827026873863,36.39568766143478,contamination
2026-01-03 20:45:00,NODE_10,41.886427,-87.633103,7.890263352659877,4.636738762684457,4.865942370281623,35.2905310064912,contamination
2026-01-03 21:00:00,NODE_10,41.886427,-87.633103,7.566517124512967,3.2751420374154505,5.645926665421822,36.110169371519305,contamination
2026-01-03 21:15:00,NODE_10,41.886427,-87.633103,7.367371852627868,3.8172151052716874,5.87725272684721,37.04723994078512,contamination
2026-01-03 21:30:00,NODE_10,41.886427,-87.633103,6.825647036962729,2.8044803845141923,3.577039089461745,35.6850588655832,contamination
2026-01-03 21:45:00,NODE_10,41.886427,-87.633103,6.836059947015487,4.95250824745396,5.152118322188921,34.63100320353711,contamination
2026-01-03 22:00:00,NODE_10,41.886427,-87.633103,8.159666704184943,2.9571948491508118,4.993018099817046,35.082511188452955,contamination
2026-01-03 22:15:00,NODE_10,41.886427,-87.633103,10.933110723500878,3.89498862443327,4.0301333687237175,36.54064594514549,contamination
2026-01-03 22:30:00,NODE_10,41.886427,-87.633103,4.3132191507406965,3.9235902023946743,3.0572975980611776,34.675955430881494,contamination
2026-01-03 22:45:00,NODE_10,41.886427,-87.633103,6.98704150028991,4.475161102744778,5.069373741938598,36.746450029551966,contamination
2026-01-03 23:00:00,NODE_10,41.886427,-87.633103,4.489783796199172,3.776225631479449,5.8364845816785005,38.275747347831285,contamination
2026-01-03 23:15:00,NODE_10,41.886427,-87.633103,7.899256515294086,4.448170569609338,4.896360365746954,36.76504374254295,contamination
2026-01-03 23:30:00,NODE_10,41.886427,-87.633103,8.90373377508948,4.365169641644011,4.3058781725629025,36.53355439510836,contamination
2026-01-03 23:45:00,NODE_10,41.886427,-87.633103,5.403196491704968,3.871463111097292,4.575461682334885,35.93429893188149,contamination
2026-01-04 00:00:00,NODE_10,41.886427,-87.633103,5.827541211542772,3.1791287413400817,8.379894230096205,34.24754631492197,none
2026-01-04 00:15:00,NODE_10,41.886427,-87.633103,4.704183667003456,4.138994399941143,5.251632491261213,34.11147759124062,contamination
2026-01-04 00:30:00,NODE_10,41.886427,-87.633103,4.497585145008658,4.965738556348034,5.239259490029547,7.711998717900207,leak
2026-01-04 00:45:00,NODE_10,41.886427,-87.633103,7.804368873943725,4.075556975063991,7.601785321497303,36.24494864356807,none
2026-01-04 01:00:00,NODE_10,41.886427,-87.633103,6.376576427120522,4.161585514695004,5.633935147498978,34.82865620936463,contamination
2026-01-04 01:15:00,NODE_10,41.886427,-87.633103,7.035455515887571,3.802426744491779,3.807569218419916,35.36936195241719,contamination
2026-01-04 01:30:00,NODE_10,41.886427,-87.633103,9.347344621102474,3.615151099257613,5.946768182809844,36.040835186274535,contamination
2026-01-04 01:45:00,NODE_10,41.886427,-87.633103,8.390500571895505,4.150359337290418,7.898801641413134,34.152218607907386,none
2026-01-04 02:00:00,NODE_10,41.886427,-87.633103,5.225683806899056,3.6957469824917286,7.259611115346814,34.65996484085325,none
2026-01-04 02:15:00,NODE_10,41.886427,-87.633103,7.036752103833548,5.010163393323611,7.524491371374524,35.8971747427391,none
2026-01-04 02:30:00,NODE_10,41.886427,-87.633103,7.392084037518904,3.778458495607913,4.320540986091579,34.976569736631234,contamination
2026-01-04 02:45:00,NODE_10,41.886427,-87.633103,7.79555762878438,3.629252282459239,3.2079233191148844,35.116673992958845,contamination
2026-01-04 03:00:00,NODE_10,41.886427,-87.633103,7.035455515887571,4.659394533911933,4.734655143669869,33.86386801585015,contamination
2026-01-04 03:15:00,NODE_10,41.886427,-87.633103,7.974065001358431,4.069086697798404,4.792897319606701,35.13698326427214,contamination
2026-01-04 03:30:00,NODE_10,41.886427,-87.633103,7.831117736766918,3.807997463749791,5.216791366048417,37.89110550709701,contamination
2026-01-04 03:45:00,NODE_10,41.886427,-87.633103,5.33568880893353,3.9219763810567607,8.454945634962815,34.743321782493815,none
2026-01-04 04:00:00,NODE_10,41.886427,-87.633103,6.306864459373674,4.619172769338624,4.62371464330149,33.69233431772911,contamination
2026-01-04 04:15:00,NODE_10,41.886427,-87.633103,7.683156515101875,4.78132309399482,3.158722299811993,36.85005477671235,contamination
2026-01-04 04:30:00,NODE_10,41.886427,-87.633103,7.591346093540146,4.515150113779176,7.968333451434502,36.19788293805768,none
2026-01-04 04:45:00,NODE_10,41.886427,-87.633103,11.89807802974039,3.024968486584322,6.631385243049637,35.73177820407165,none
2026-01-04 05:00:00,NODE_10,41.886427,-87.633103,7.035455515887571,3.458352213645405,5.735183545024898,33.434887591546484,contamination
2026-01-04 05:15:00,NODE_10,41.886427,-87.633103,4.909518983025118,3.7855066443800336,6.7202089593215355,33.64793001549813,none
2026-01-04 05:30:00,NODE_10,41.886427,-87.633103,7.709617350900396,4.140423756852319,4.5221692952554715,33.106872265599705,contamination
2026-01-04 05:45:00,NODE_10,41.886427,-87.633103,7.368768530294821,3.813881276266772,6.324679940296646,36.060147792020906,none
2026-01-04 06:00:00,NODE_10,41.886427,-87.633103,6.110545160785598,6.064559250159787,3.392017891239787,36.942653933047836,contamination
2026-01-04 06:15:00,NODE_10,41.886427,-87.633103,3.783043638411448,4.4022441460051605,3.8729981686939894,36.110751950453455,contamination
